id_combi,id_segmento_calle,codigo_calle,nombre_calle,tipo_calle,id_edge,num_edges,edge,geom_wkt
13132011001004_14,307321,V1313210244,ESPOZ,CALLE,1,4,"[-70.5976264596896, -33.39677020054802]","POLYGON((-70.5976264596896 -33.39677020054802, -70.59799749860332 -33.39671720329912, -70.59805163816723 -33.39698388475455, -70.59768059816616 -33.39703688219596, -70.5976264596896 -33.39677020054802))"
13132011001004_14,306241,V1313210049,NUEVA COSTANERA,AVENIDA,2,4,"[-70.5975728155093, -33.39642161241673]","POLYGON((-70.5975728155093 -33.39642161241673, -70.5976264596896 -33.39677020054802, -70.59730660480668 -33.39680483253119, -70.59725296187109 -33.39645624422607, -70.5975728155093 -33.39642161241673))"
13132011001004_5,306250,V1313210049,NUEVA COSTANERA,AVENIDA,2,4,"[-70.59746999749704, -33.39570427783733]","POLYGON((-70.59746999749704 -33.39570427783733, -70.59749592551753 -33.39588641121538, -70.59717569510225 -33.395918486041595, -70.5971497677349 -33.395736352577906, -70.59746999749704 -33.39570427783733))"
13132011001007_313,308092,V1313210415,NARCISO GOYCOLEA,CALLE,1,5,"[-70.59906859406993, -33.39784506735328]","POLYGON((-70.59906859406993 -33.39784506735328, -70.5990095854716 -33.39763979867792, -70.59932311103829 -33.39757638596192, -70.59938212031862 -33.39778165446946, -70.59906859406993 -33.39784506735328))"
13132011001007_313,307545,V1313210303,JUAN BAUTISTA PASTENES,CALLE,2,5,"[-70.59864659318492, -33.39791971038776]","POLYGON((-70.59864659318492 -33.39791971038776, -70.59906859406993 -33.39784506735328, -70.59913514085562 -33.39810976617163, -70.59871313876658 -33.39818440946587, -70.59864659318492 -33.39791971038776))"
13132011001007_641,306278,V1313210049,NUEVA COSTANERA,AVENIDA,3,4,"[-70.59765328177974, -33.3969508388155]","POLYGON((-70.59765328177974 -33.3969508388155, -70.59768815049695 -33.397171784285085, -70.59736842947294 -33.39720728456378, -70.59733356154345 -33.39698633898187, -70.59765328177974 -33.3969508388155))"
13132011001007_641,307321,V1313210244,ESPOZ,CALLE,4,4,"[-70.59812177428768, -33.396884405777335]","POLYGON((-70.59812177428768 -33.396884405777335, -70.59765328177974 -33.3969508388155, -70.59759952423396 -33.39668410295634, -70.59806801536797 -33.39661767015987, -70.59812177428768 -33.396884405777335))"
13132011001007_649,307321,V1313210244,ESPOZ,CALLE,1,5,"[-70.59812177428768, -33.396884405777335]","POLYGON((-70.59812177428768 -33.396884405777335, -70.59765328177974 -33.3969508388155, -70.59759952423396 -33.39668410295634, -70.59806801536797 -33.39661767015987, -70.59812177428768 -33.396884405777335))"
13132011001007_649,306278,V1313210049,NUEVA COSTANERA,AVENIDA,4,5,"[-70.59768725642726, -33.397172530721534]","POLYGON((-70.59768725642726 -33.397172530721534, -70.59770782002973 -33.39730539630659, -70.59738799320758 -33.39734022276619, -70.59736743007939 -33.397207357114596, -70.59768725642726 -33.397172530721534))"
13132011001007_649,306278,V1313210049,NUEVA COSTANERA,AVENIDA,5,5,"[-70.59765328177974, -33.3969508388155]","POLYGON((-70.59765328177974 -33.3969508388155, -70.59768725642726 -33.397172530721534, -70.59736737834535 -33.39720702119499, -70.59733340448966 -33.39698532917876, -70.59765328177974 -33.3969508388155))"
13132011001007_8,306278,V1313210049,NUEVA COSTANERA,AVENIDA,4,4,"[-70.59768725642726, -33.397172530721534]","POLYGON((-70.59768725642726 -33.397172530721534, -70.59773106584117 -33.397455429672526, -70.59741124151881 -33.397490275813915, -70.59736743311468 -33.397207376721155, -70.59768725642726 -33.397172530721534))"
13132011001009_107,306792,V1313210120,AURELIO GONZALEZ,CALLE,2,6,"[-70.59884686479137, -33.400097019490524]","POLYGON((-70.59884686479137 -33.400097019490524, -70.59881199607418 -33.39985966036606, -70.59913209495221 -33.39982657736547, -70.59916696451934 -33.40006393637563, -70.59884686479137 -33.400097019490524))"
13132011001009_107,306792,V1313210120,AURELIO GONZALEZ,CALLE,3,6,"[-70.59886474618479, -33.40022017727133]","POLYGON((-70.59886474618479 -33.40022017727133, -70.59884686479137 -33.400097019490524, -70.59916702001844 -33.40006431637491, -70.59918490185315 -33.40018747409693, -70.59886474618479 -33.40022017727133))"
13132011001009_107,306242,V1313210049,NUEVA COSTANERA,AVENIDA,5,6,"[-70.5981870413737, -33.40012463670505]","POLYGON((-70.5981870413737 -33.40012463670505, -70.59821296939418 -33.40030004313281, -70.597892898434 -33.40033332806497, -70.5978669710414 -33.400157921552356, -70.5981870413737 -33.40012463670505))"
13132011001009_107,306242,V1313210049,NUEVA COSTANERA,AVENIDA,6,6,"[-70.59816111335323, -33.399938780146265]","POLYGON((-70.59816111335323 -33.399938780146265, -70.5981870413737 -33.40012463670505, -70.59786670594528 -33.40015607619627, -70.59784077859213 -33.399970219551406, -70.59816111335323 -33.399938780146265))"
13132011001009_118,306792,V1313210120,AURELIO GONZALEZ,CALLE,4,5,"[-70.59897292861507, -33.400061191739695]","POLYGON((-70.59897292861507 -33.400061191739695, -70.59899349221752 -33.40019703855004, -70.59867353965035 -33.40023111182142, -70.59865297653354 -33.40009526494417, -70.59897292861507 -33.400061191739695))"
13132011001009_118,306792,V1313210120,AURELIO GONZALEZ,CALLE,5,5,"[-70.59894074210688, -33.39984323927059]","POLYGON((-70.59894074210688 -33.39984323927059, -70.59897292861507 -33.400061191739695, -70.59865285404 -33.400094445705456, -70.59862066831204 -33.399876493130975, -70.59894074210688 -33.39984323927059))"
13132011001009_2,306242,V1313210049,NUEVA COSTANERA,AVENIDA,2,5,"[-70.59816111335323, -33.399938780146265]","POLYGON((-70.59816111335323 -33.399938780146265, -70.59821296939418 -33.40030004313281, -70.5978927602179 -33.400332379269344, -70.5978409054722 -33.39997111611186, -70.59816111335323 -33.399938780146265))"
13132011001009_24,306792,V1313210120,AURELIO GONZALEZ,CALLE,3,6,"[-70.59884686479137, -33.400097019490524]","POLYGON((-70.59884686479137 -33.400097019490524, -70.59881199607418 -33.39985966036606, -70.59913209495221 -33.39982657736547, -70.59916696451934 -33.40006393637563, -70.59884686479137 -33.400097019490524))"
13132011001009_24,306792,V1313210120,AURELIO GONZALEZ,CALLE,4,6,"[-70.59886474618479, -33.40022017727133]","POLYGON((-70.59886474618479 -33.40022017727133, -70.59884686479137 -33.400097019490524, -70.59916702001844 -33.40006431637491, -70.59918490185315 -33.40018747409693, -70.59886474618479 -33.40022017727133))"
13132011001009_40,306242,V1313210049,NUEVA COSTANERA,AVENIDA,2,9,"[-70.5981870413737, -33.40012463670505]","POLYGON((-70.5981870413737 -33.40012463670505, -70.5982532025294 -33.40057919986642, -70.59793305675147 -33.400611981673315, -70.59786689722434 -33.4001574182946, -70.5981870413737 -33.40012463670505))"
13132011001009_40,306242,V1313210049,NUEVA COSTANERA,AVENIDA,3,9,"[-70.59816111335323, -33.399938780146265]","POLYGON((-70.59816111335323 -33.399938780146265, -70.5981870413737 -33.40012463670505, -70.59786670594528 -33.40015607619627, -70.59784077859213 -33.399970219551406, -70.59816111335323 -33.399938780146265))"
13132011001009_40,306792,V1313210120,AURELIO GONZALEZ,CALLE,5,9,"[-70.59884686479137, -33.400097019490524]","POLYGON((-70.59884686479137 -33.400097019490524, -70.59881199607418 -33.39985966036606, -70.59913209495221 -33.39982657736547, -70.59916696451934 -33.40006393637563, -70.59884686479137 -33.400097019490524))"
13132011001009_40,306792,V1313210120,AURELIO GONZALEZ,CALLE,6,9,"[-70.59889603862332, -33.400435143161324]","POLYGON((-70.59889603862332 -33.400435143161324, -70.59884686479137 -33.400097019490524, -70.5991670122735 -33.400064263076985, -70.59921618731688 -33.400402386586194, -70.59889603862332 -33.400435143161324))"
13132011001009_40,306792,V1313210120,AURELIO GONZALEZ,CALLE,7,9,"[-70.59891481408641, -33.40056576453614]","POLYGON((-70.59891481408641 -33.40056576453614, -70.59889603862332 -33.400435143161324, -70.59921624165109 -33.40040276236917, -70.59923501758246 -33.4005333836821, -70.59891481408641 -33.40056576453614))"
13132011001009_40,305623,V1313210003,ALONSO DE CORDOVA,AVENIDA,8,9,"[-70.59858043202922, -33.40059935285793]","POLYGON((-70.59858043202922 -33.40059935285793, -70.59891481408641 -33.40056576453614, -70.59895316544527 -33.400834365318225, -70.5986187823822 -33.4008679537722, -70.59858043202922 -33.40059935285793))"
13132011001009_67,306792,V1313210120,AURELIO GONZALEZ,CALLE,1,6,"[-70.59894074210688, -33.39984323927059]","POLYGON((-70.59894074210688 -33.39984323927059, -70.59897292861507 -33.400061191739695, -70.59865285404 -33.400094445705456, -70.59862066831204 -33.399876493130975, -70.59894074210688 -33.39984323927059))"
13132011001009_67,305615,V1313210003,ALONSO DE CORDOVA,AVENIDA,5,6,"[-70.5990507126765, -33.40059039597339]","POLYGON((-70.5990507126765 -33.40059039597339, -70.59938598880335 -33.40050679833981, -70.5994778911486 -33.40076610342516, -70.59914261413441 -33.40084970133086, -70.5990507126765 -33.40059039597339))"
13132011001009_67,306792,V1313210120,AURELIO GONZALEZ,CALLE,6,6,"[-70.59897292861507, -33.400061191739695]","POLYGON((-70.59897292861507 -33.400061191739695, -70.5990507126765 -33.40059039597339, -70.5987306134915 -33.40062349601236, -70.59865283132504 -33.40009429152373, -70.59897292861507 -33.400061191739695))"
13132011001012_118,305730,V1313210011,AVENIDA DEL BICENTENARIO,AVENIDA,2,4,"[-70.60074765691326, -33.40585464565436]","POLYGON((-70.60074765691326 -33.40585464565436, -70.60069937715099 -33.405488927573195, -70.60101995839176 -33.40545915677131, -70.60106823947096 -33.40582487468982, -70.60074765691326 -33.40585464565436))"
13132011001012_125,305729,V1313210010,AVENIDA DAG HAMMARSKJOLD,AVENIDA,5,5,"[-70.60069937715099, -33.405488927573195]","POLYGON((-70.60069937715099 -33.405488927573195, -70.60061622867153 -33.40459104583604, -70.60093779721194 -33.40457009744472, -70.60102094896291 -33.40546797887119, -70.60069937715099 -33.405488927573195))"
13132011001012_139,306791,V1313210120,AURELIO GONZALEZ,CALLE,1,7,"[-70.59930552253292, -33.40211827783993]","POLYGON((-70.59930552253292 -33.40211827783993, -70.59931982764766 -33.40222351932435, -70.59899937489729 -33.40225416192758, -70.59898507016094 -33.40214892039535, -70.59930552253292 -33.40211827783993))"
13132011001012_139,306791,V1313210120,AURELIO GONZALEZ,CALLE,6,7,"[-70.59933234462306, -33.40230786169856]","POLYGON((-70.59933234462306 -33.40230786169856, -70.59935559043453 -33.40245937920944, -70.599035698542 -33.40249390478503, -70.59901245327181 -33.40234238719876, -70.59933234462306 -33.40230786169856))"
13132011001012_139,306791,V1313210120,AURELIO GONZALEZ,CALLE,7,7,"[-70.59931982764766, -33.40222351932435]","POLYGON((-70.59931982764766 -33.40222351932435, -70.59933234462306 -33.40230786169856, -70.59901228567422 -33.402341276611445, -70.59899976900071 -33.402256934196295, -70.59931982764766 -33.40222351932435))"
13132011001012_31,307897,V1313210354,LOS ABEDULES,CALLE,1,6,"[-70.60075302133127, -33.40619946414931]","POLYGON((-70.60075302133127 -33.40619946414931, -70.60079146632717 -33.40619647871366, -70.60082120305316 -33.40646584629532, -70.60078275794035 -33.406468831743574, -70.60075302133127 -33.40619946414931))"
13132011001012_31,305730,V1313210011,AVENIDA DEL BICENTENARIO,AVENIDA,2,6,"[-70.60075123319194, -33.40622334763072]","POLYGON((-70.60075123319194 -33.40622334763072, -70.60075302133127 -33.40619946414931, -70.60107493039409 -33.40621641722748, -70.60107314234294 -33.406240300710856, -70.60075123319194 -33.40622334763072))"
13132011001012_31,307897,V1313210354,LOS ABEDULES,CALLE,3,6,"[-70.60022820243404, -33.40627186093221]","POLYGON((-70.60022820243404 -33.40627186093221, -70.60075123319194 -33.40622334763072, -70.60078668856369 -33.40649222799364, -70.600263656226 -33.40654074149005, -70.60022820243404 -33.40627186093221))"
13132011001012_31,305730,V1313210011,AVENIDA DEL BICENTENARIO,AVENIDA,6,6,"[-70.60079146632717, -33.40619647871366]","POLYGON((-70.60079146632717 -33.40619647871366, -70.60074676284358 -33.405855392016186, -70.60106737333282 -33.40582583337017, -70.60111207804508 -33.40616691991674, -70.60079146632717 -33.40619647871366))"
13132011001012_71,305730,V1313210011,AVENIDA DEL BICENTENARIO,AVENIDA,2,7,"[-70.60079146632717, -33.40619647871366]","POLYGON((-70.60079146632717 -33.40619647871366, -70.60069937715099 -33.405488927573195, -70.6010200127886 -33.40545957174358, -70.60111210451429 -33.40616712257262, -70.60079146632717 -33.40619647871366))"
13132011001012_71,307897,V1313210354,LOS ABEDULES,CALLE,3,7,"[-70.60075302133127, -33.40619946414931]","POLYGON((-70.60075302133127 -33.40619946414931, -70.60079146632717 -33.40619647871366, -70.60082120305316 -33.40646584629532, -70.60078275794035 -33.406468831743574, -70.60075302133127 -33.40619946414931))"
13132011001012_71,305730,V1313210011,AVENIDA DEL BICENTENARIO,AVENIDA,4,7,"[-70.60075123319194, -33.40622334763072]","POLYGON((-70.60075123319194 -33.40622334763072, -70.60075302133127 -33.40619946414931, -70.60107493039409 -33.40621641722748, -70.60107314234294 -33.406240300710856, -70.60075123319194 -33.40622334763072))"
13132011001012_71,307897,V1313210354,LOS ABEDULES,CALLE,5,7,"[-70.60022820243404, -33.40627186093221]","POLYGON((-70.60022820243404 -33.40627186093221, -70.60075123319194 -33.40622334763072, -70.60078668856369 -33.40649222799364, -70.600263656226 -33.40654074149005, -70.60022820243404 -33.40627186093221))"
13132011001014_1,306791,V1313210120,AURELIO GONZALEZ,CALLE,2,5,"[-70.59926350125833, -33.402957966985774]","POLYGON((-70.59926350125833 -33.402957966985774, -70.5992053867297 -33.40256312750043, -70.59952548643217 -33.40252998296637, -70.59958360237471 -33.40292482226128, -70.59926350125833 -33.402957966985774))"
13132011001014_1,306701,V1313210085,ANTONIO DE PASTRANA,CALLE,3,5,"[-70.5986063600497, -33.403023648994534]","POLYGON((-70.5986063600497 -33.403023648994534, -70.59926350125833 -33.402957966985774, -70.59930166781633 -33.403226586258334, -70.5986445246302 -33.403292268525945, -70.5986063600497 -33.403023648994534))"
13132011001014_1,306260,V1313210049,NUEVA COSTANERA,AVENIDA,4,5,"[-70.59855003366039, -33.40262880980765]","POLYGON((-70.59855003366039 -33.40262880980765, -70.5986063600497 -33.403023648994534, -70.59828611267105 -33.40305578770115, -70.598229787698 -33.40266094832829, -70.59855003366039 -33.40262880980765))"
13132011001014_2,306701,V1313210085,ANTONIO DE PASTRANA,CALLE,1,4,"[-70.59899170407817, -33.40298483690444]","POLYGON((-70.59899170407817 -33.40298483690444, -70.59926350125833 -33.402957966985774, -70.59930125638529 -33.40322662715773, -70.59902945838675 -33.40325349718259, -70.59899170407817 -33.40298483690444))"
13132011001014_2,306791,V1313210120,AURELIO GONZALEZ,CALLE,4,4,"[-70.59926350125833, -33.402957966985774]","POLYGON((-70.59926350125833 -33.402957966985774, -70.5992053867297 -33.40256312750043, -70.59952548643217 -33.40252998296637, -70.59958360237471 -33.40292482226128, -70.59926350125833 -33.402957966985774))"
13132011001014_4,306701,V1313210085,ANTONIO DE PASTRANA,CALLE,2,4,"[-70.5986063600497, -33.403023648994534]","POLYGON((-70.5986063600497 -33.403023648994534, -70.5989908100085 -33.402984090517926, -70.59903008431647 -33.40325259746167, -70.59864563320255 -33.403292156093045, -70.5986063600497 -33.403023648994534))"
13132011001014_4,306260,V1313210049,NUEVA COSTANERA,AVENIDA,3,4,"[-70.59855003366039, -33.40262880980765]","POLYGON((-70.59855003366039 -33.40262880980765, -70.5986063600497 -33.403023648994534, -70.59828611267105 -33.40305578770115, -70.598229787698 -33.40266094832829, -70.59855003366039 -33.40262880980765))"
13132011001017_2,307897,V1313210354,LOS ABEDULES,CALLE,4,4,"[-70.60030866870449, -33.406402473532225]","POLYGON((-70.60030866870449 -33.406402473532225, -70.59990007886455 -33.40644576223635, -70.5998596566605 -33.406177375218675, -70.60026824527468 -33.406134086682755, -70.60030866870449 -33.406402473532225))"
13132011001017_53,307897,V1313210354,LOS ABEDULES,CALLE,1,6,"[-70.60030866870449, -33.406402473532225]","POLYGON((-70.60030866870449 -33.406402473532225, -70.60009319791361 -33.40642561060089, -70.60005223761532 -33.40615728099524, -70.6002677077603 -33.40613414401619, -70.60030866870449 -33.406402473532225))"
13132011001017_53,307897,V1313210354,LOS ABEDULES,CALLE,6,6,"[-70.60009319791361, -33.40642561060089]","POLYGON((-70.60009319791361 -33.40642561060089, -70.59980530747936 -33.40645621123065, -70.59976475513784 -33.406187838014, -70.60005264470858 -33.40615723750306, -70.60009319791361 -33.40642561060089))"
13132011002002_33,305655,V1313210005,AMERICO VESPUCIO NORTE,AVENIDA,3,5,"[-70.5904032708125, -33.3949496145683]","POLYGON((-70.5904032708125 -33.3949496145683, -70.5902986646609 -33.3950809906431, -70.59003047863229 -33.39493074073716, -70.59013508502655 -33.39479936487886, -70.5904032708125 -33.3949496145683))"
13132011002002_33,305655,V1313210005,AMERICO VESPUCIO NORTE,AVENIDA,4,5,"[-70.59057582625913, -33.39476598631278]","POLYGON((-70.59057582625913 -33.39476598631278, -70.5904032708125 -33.3949496145683, -70.59014999264784 -33.394782148945716, -70.59032254832593 -33.39459852103181, -70.59057582625913 -33.39476598631278))"
13132011002002_33,306958,V1313210167,CANDELARIA GOYENECHEA,CALLE,5,5,"[-70.59086014041469, -33.394933192545]","POLYGON((-70.59086014041469 -33.394933192545, -70.59057582625913 -33.39476598631278, -70.59076096532426 -33.39454448229476, -70.59104527907719 -33.39471168811921, -70.59086014041469 -33.394933192545))"
13132011002003_16,306672,V1313210075,ALONSO DE SOTOMAYOR,CALLE,6,6,"[-70.59112120875882, -33.39694636018531]","POLYGON((-70.59112120875882 -33.39694636018531, -70.59076358089015 -33.39678886154347, -70.59091350179251 -33.39654934622906, -70.59127112891379 -33.396706844465534, -70.59112120875882 -33.39694636018531))"
13132011002005_310,308368,V1313210490,SAN PATRICIO,CALLE,3,7,"[-70.58966566333339, -33.39871241545774]","POLYGON((-70.58966566333339 -33.39871241545774, -70.5897854686694 -33.3984772918269, -70.59008203395288 -33.398583607529325, -70.58996222929412 -33.39881873142343, -70.58966566333339 -33.39871241545774))"
13132011002005_310,308368,V1313210490,SAN PATRICIO,CALLE,4,7,"[-70.58958877334165, -33.39886468566019]","POLYGON((-70.58958877334165 -33.39886468566019, -70.58966566333339 -33.39871241545774, -70.58996264061048 -33.3988179205403, -70.5898857510595 -33.3989701909118, -70.58958877334165 -33.39886468566019))"
13132011002005_319,308368,V1313210490,SAN PATRICIO,CALLE,3,6,"[-70.58995981225536, -33.39842354919338]","POLYGON((-70.58995981225536 -33.39842354919338, -70.59021193990279 -33.39848699535441, -70.59011926321915 -33.39874610691093, -70.58986713487457 -33.39868266058421, -70.58995981225536 -33.39842354919338))"
13132011002005_319,308368,V1313210490,SAN PATRICIO,CALLE,4,6,"[-70.58986235866116, -33.3983847350485]","POLYGON((-70.58986235866116 -33.3983847350485, -70.58995981225536 -33.39842354919338, -70.58982147407718 -33.39866792050152, -70.58972402026245 -33.39862910625566, -70.58986235866116 -33.3983847350485))"
13132011002005_497,305656,V1313210005,AMERICO VESPUCIO NORTE,AVENIDA,3,5,"[-70.58890659818218, -33.397138941075134]","POLYGON((-70.58890659818218 -33.397138941075134, -70.58872241982984 -33.39759725201908, -70.58841680325416 -33.39751084097779, -70.58860098306738 -33.39705253043945, -70.58890659818218 -33.397138941075134))"
13132011002005_497,307315,V1313210244,ESPOZ,CALLE,4,5,"[-70.589476120563, -33.39733525371351]","POLYGON((-70.589476120563 -33.39733525371351, -70.58890659818218 -33.397138941075134, -70.58902918485333 -33.39688872390027, -70.58959870582957 -33.397085036023526, -70.589476120563 -33.39733525371351))"
13132011002005_497,307315,V1313210244,ESPOZ,CALLE,5,5,"[-70.58952708253432, -33.39735316815272]","POLYGON((-70.58952708253432 -33.39735316815272, -70.589476120563 -33.39733525371351, -70.58960077557633 -33.3970857565125, -70.58965173742322 -33.397103670904755, -70.58952708253432 -33.39735316815272))"
13132011002005_501,305656,V1313210005,AMERICO VESPUCIO NORTE,AVENIDA,2,4,"[-70.58890659818218, -33.397138941075134]","POLYGON((-70.58890659818218 -33.397138941075134, -70.58872241982984 -33.39759725201908, -70.58841680325416 -33.39751084097779, -70.58860098306738 -33.39705253043945, -70.58890659818218 -33.397138941075134))"
13132011002005_501,307315,V1313210244,ESPOZ,CALLE,3,4,"[-70.58923561582135, -33.39725239938412]","POLYGON((-70.58923561582135 -33.39725239938412, -70.58890659818218 -33.397138941075134, -70.58902922784321 -33.39688873872191, -70.5893582446711 -33.39700219673319, -70.58923561582135 -33.39725239938412))"
13132011002005_505,305656,V1313210005,AMERICO VESPUCIO NORTE,AVENIDA,6,9,"[-70.58890659818218, -33.397138941075134]","POLYGON((-70.58890659818218 -33.397138941075134, -70.58872241982984 -33.39759725201908, -70.58841680325416 -33.39751084097779, -70.58860098306738 -33.39705253043945, -70.58890659818218 -33.397138941075134))"
13132011002005_505,307315,V1313210244,ESPOZ,CALLE,7,9,"[-70.589476120563, -33.39733525371351]","POLYGON((-70.589476120563 -33.39733525371351, -70.58890659818218 -33.397138941075134, -70.58902918485333 -33.39688872390027, -70.58959870582957 -33.397085036023526, -70.589476120563 -33.39733525371351))"
13132011002005_505,307315,V1313210244,ESPOZ,CALLE,8,9,"[-70.58954138764905, -33.39735540745736]","POLYGON((-70.58954138764905 -33.39735540745736, -70.589476120563 -33.39733525371351, -70.5895875377272 -33.39708138839233, -70.58965280464416 -33.3971015420832, -70.58954138764905 -33.39735540745736))"
13132011002005_505,307315,V1313210244,ESPOZ,CALLE,9,9,"[-70.58987398156688, -33.397473344086954]","POLYGON((-70.58987398156688 -33.397473344086954, -70.58954138764905 -33.39735540745736, -70.58966696764062 -33.39710623682721, -70.58999956075017 -33.39722417314771, -70.58987398156688 -33.397473344086954))"
13132011002005_510,308368,V1313210490,SAN PATRICIO,CALLE,3,6,"[-70.58995981225536, -33.39842354919338]","POLYGON((-70.58995981225536 -33.39842354919338, -70.59021193990279 -33.39848699535441, -70.59011926321915 -33.39874610691093, -70.58986713487457 -33.39868266058421, -70.58995981225536 -33.39842354919338))"
13132011002005_510,308368,V1313210490,SAN PATRICIO,CALLE,4,6,"[-70.58986235866116, -33.3983847350485]","POLYGON((-70.58986235866116 -33.3983847350485, -70.58995981225536 -33.39842354919338, -70.58982147407718 -33.39866792050152, -70.58972402026245 -33.39862910625566, -70.58986235866116 -33.3983847350485))"
13132011002005_517,307315,V1313210244,ESPOZ,CALLE,4,4,"[-70.58952708253432, -33.39735316815272]","POLYGON((-70.58952708253432 -33.39735316815272, -70.58923561582135 -33.39725239938412, -70.58935851639433 -33.39700229055503, -70.58964998238955 -33.39710305905923, -70.58952708253432 -33.39735316815272))"
13132011002005_541,307315,V1313210244,ESPOZ,CALLE,5,7,"[-70.58952708253432, -33.39735316815272]","POLYGON((-70.58952708253432 -33.39735316815272, -70.58923561582135 -33.39725239938412, -70.58935851639433 -33.39700229055503, -70.58964998238955 -33.39710305905923, -70.58952708253432 -33.39735316815272))"
13132011002008_8,306636,V1313210062,VITACURA,AVENIDA,4,6,"[-70.59084762343929, -33.3997745692013]","POLYGON((-70.59084762343929 -33.3997745692013, -70.59122939118907 -33.39990593798211, -70.59110697797699 -33.40015621602006, -70.59072520928473 -33.40002484689451, -70.59084762343929 -33.3997745692013))"
13132011002009_2,306952,V1313210167,CANDELARIA GOYENECHEA,CALLE,4,4,"[-70.59260625848339, -33.39913115787248]","POLYGON((-70.59260625848339 -33.39913115787248, -70.59254724988507 -33.39878033994376, -70.59286660355023 -33.398742547435795, -70.59292561339414 -33.39909336517731, -70.59260625848339 -33.39913115787248))"
13132011002009_28,307190,V1313210218,EDUARDO MARQUINA,CALLE,4,5,"[-70.59176404485272, -33.399246852836264]","POLYGON((-70.59176404485272 -33.399246852836264, -70.59184451112317 -33.39957079791542, -70.59152877153207 -33.399625975074485, -70.59144830636569 -33.39930202976004, -70.59176404485272 -33.399246852836264))"
13132011002009_28,307189,V1313210218,EDUARDO MARQUINA,CALLE,5,5,"[-70.59167910823392, -33.398903499590716]","POLYGON((-70.59167910823392 -33.398903499590716, -70.59176404485272 -33.399246852836264, -70.59144825258663 -33.39930181280459, -70.59136331713873 -33.39895845931048, -70.59167910823392 -33.398903499590716))"
13132011002009_36,306952,V1313210167,CANDELARIA GOYENECHEA,CALLE,3,7,"[-70.59266169080303, -33.39946331396776]","POLYGON((-70.59266169080303 -33.39946331396776, -70.59254724988507 -33.39878033994376, -70.59286662726086 -33.39874268866689, -70.59298107060441 -33.39942566232754, -70.59266169080303 -33.39946331396776))"
13132011002009_36,306964,V1313210167,CANDELARIA GOYENECHEA,CALLE,4,7,"[-70.59267152556943, -33.399519295207114]","POLYGON((-70.59267152556943 -33.399519295207114, -70.59266169080303 -33.39946331396776, -70.59298076414672 -33.399423876688395, -70.59299059911126 -33.399479857896836, -70.59267152556943 -33.399519295207114))"
13132011002009_38,306952,V1313210167,CANDELARIA GOYENECHEA,CALLE,2,5,"[-70.59266169080303, -33.39946331396776]","POLYGON((-70.59266169080303 -33.39946331396776, -70.59254724988507 -33.39878033994376, -70.59286662726086 -33.39874268866689, -70.59298107060441 -33.39942566232754, -70.59266169080303 -33.39946331396776))"
13132011002009_42,306952,V1313210167,CANDELARIA GOYENECHEA,CALLE,2,5,"[-70.59266169080303, -33.39946331396776]","POLYGON((-70.59266169080303 -33.39946331396776, -70.59260536441371 -33.399131904292084, -70.59292465395426 -33.39909372496864, -70.59298098151939 -33.39942513446604, -70.59266169080303 -33.39946331396776))"
13132011002009_42,307190,V1313210218,EDUARDO MARQUINA,CALLE,4,5,"[-70.59176404485272, -33.399246852836264]","POLYGON((-70.59176404485272 -33.399246852836264, -70.59184451112317 -33.39957079791542, -70.59152877153207 -33.399625975074485, -70.59144830636569 -33.39930202976004, -70.59176404485272 -33.399246852836264))"
13132011002009_48,306964,V1313210167,CANDELARIA GOYENECHEA,CALLE,1,6,"[-70.59274215707347, -33.399946990685365]","POLYGON((-70.59274215707347 -33.399946990685365, -70.59267063149976 -33.399520041623376, -70.59299001291033 -33.39948239835429, -70.59306154000043 -33.399909347189165, -70.59274215707347 -33.399946990685365))"
13132011002009_52,307189,V1313210218,EDUARDO MARQUINA,CALLE,2,4,"[-70.59167910823392, -33.398903499590716]","POLYGON((-70.59167910823392 -33.398903499590716, -70.59176493892238 -33.39924610641764, -70.59144931348372 -33.39930173651191, -70.59136348396142 -33.39895912943441, -70.59167910823392 -33.398903499590716))"
13132011002009_6,307190,V1313210218,EDUARDO MARQUINA,CALLE,3,4,"[-70.59176404485272, -33.399246852836264]","POLYGON((-70.59176404485272 -33.399246852836264, -70.59184451112317 -33.39957079791542, -70.59152877153207 -33.399625975074485, -70.59144830636569 -33.39930202976004, -70.59176404485272 -33.399246852836264))"
13132011002009_61,306952,V1313210167,CANDELARIA GOYENECHEA,CALLE,3,9,"[-70.59267152556943, -33.399519295207114]","POLYGON((-70.59267152556943 -33.399519295207114, -70.59260536441371 -33.399131904292084, -70.59292462295981 -33.399093543050874, -70.5929907854895 -33.39948093375673, -70.59267152556943 -33.399519295207114))"
13132011002009_61,306964,V1313210167,CANDELARIA GOYENECHEA,CALLE,4,9,"[-70.59274215707347, -33.399946990685365]","POLYGON((-70.59274215707347 -33.399946990685365, -70.59267152556943 -33.399519295207114, -70.59299099434773 -33.399482177196205, -70.59306162737232 -33.39990987244944, -70.59274215707347 -33.399946990685365))"
13132011002009_62,306952,V1313210167,CANDELARIA GOYENECHEA,CALLE,2,5,"[-70.59267152556943, -33.399519295207114]","POLYGON((-70.59267152556943 -33.399519295207114, -70.59260536441371 -33.399131904292084, -70.59292462295981 -33.399093543050874, -70.5929907854895 -33.39948093375673, -70.59267152556943 -33.399519295207114))"
13132011002009_63,306952,V1313210167,CANDELARIA GOYENECHEA,CALLE,1,5,"[-70.59260625848339, -33.39913115787248]","POLYGON((-70.59260625848339 -33.39913115787248, -70.59254724988507 -33.39878033994376, -70.59286660355023 -33.398742547435795, -70.59292561339414 -33.39909336517731, -70.59260625848339 -33.39913115787248))"
13132011002009_63,307189,V1313210218,EDUARDO MARQUINA,CALLE,3,5,"[-70.59167910823392, -33.398903499590716]","POLYGON((-70.59167910823392 -33.398903499590716, -70.59176493892238 -33.39924610641764, -70.59144931348372 -33.39930173651191, -70.59136348396142 -33.39895912943441, -70.59167910823392 -33.398903499590716))"
13132011002011_1043,306636,V1313210062,VITACURA,AVENIDA,2,13,"[-70.59025217303801, -33.39976785147424]","POLYGON((-70.59025217303801 -33.39976785147424, -70.59003938445613 -33.39969470285684, -70.59016169252699 -33.399444388756024, -70.5903744805833 -33.39951753718145, -70.59025217303801 -33.39976785147424))"
13132011002011_1043,306636,V1313210062,VITACURA,AVENIDA,3,13,"[-70.59042115220592, -33.39982607175835]","POLYGON((-70.59042115220592 -33.39982607175835, -70.59025217303801 -33.39976785147424, -70.59037471848019 -33.399517619053995, -70.59054369723121 -33.39957583918531, -70.59042115220592 -33.39982607175835))"
13132011002011_1043,306636,V1313210062,VITACURA,AVENIDA,4,13,"[-70.5905168176608, -33.3998589139527]","POLYGON((-70.5905168176608 -33.3998589139527, -70.59042115220592 -33.39982607175835, -70.59054332042456 -33.399575709593414, -70.590638985643 -33.39960855170158, -70.5905168176608 -33.3998589139527))"
13132011002011_1043,307228,V1313210226,EL COIGUE,CALLE,8,13,"[-70.5900814057307, -33.4003418420591]","POLYGON((-70.5900814057307 -33.4003418420591, -70.59028078326747 -33.40041125808869, -70.59015713612905 -33.40066110934661, -70.58995775810298 -33.400591693134906, -70.5900814057307 -33.4003418420591))"
13132011002011_1043,307228,V1313210226,EL COIGUE,CALLE,9,13,"[-70.589890074821, -33.400275411613265]","POLYGON((-70.589890074821 -33.400275411613265, -70.5900814057307 -33.4003418420591, -70.58995805033102 -33.40059179473757, -70.58976671895113 -33.40052536411745, -70.589890074821 -33.400275411613265))"
13132011002011_1043,307228,V1313210226,EL COIGUE,CALLE,10,13,"[-70.5897890449481, -33.40024033034608]","POLYGON((-70.5897890449481 -33.40024033034608, -70.589890074821 -33.400275411613265, -70.5897667089054 -33.40052536062938, -70.58966567878423 -33.40049027927016, -70.5897890449481 -33.40024033034608))"
13132011002011_1055,306636,V1313210062,VITACURA,AVENIDA,6,9,"[-70.59025217303801, -33.39976785147424]","POLYGON((-70.59025217303801 -33.39976785147424, -70.59003938445613 -33.39969470285684, -70.59016169252699 -33.399444388756024, -70.5903744805833 -33.39951753718145, -70.59025217303801 -33.39976785147424))"
13132011002011_1055,306636,V1313210062,VITACURA,AVENIDA,7,9,"[-70.59042115220592, -33.39982607175835]","POLYGON((-70.59042115220592 -33.39982607175835, -70.59025217303801 -33.39976785147424, -70.59037471848019 -33.399517619053995, -70.59054369723121 -33.39957583918531, -70.59042115220592 -33.39982607175835))"
13132011002011_1055,306636,V1313210062,VITACURA,AVENIDA,8,9,"[-70.5905168176608, -33.3998589139527]","POLYGON((-70.5905168176608 -33.3998589139527, -70.59042115220592 -33.39982607175835, -70.59054332042456 -33.399575709593414, -70.590638985643 -33.39960855170158, -70.5905168176608 -33.3998589139527))"
13132011002011_1074,306636,V1313210062,VITACURA,AVENIDA,8,12,"[-70.59025217303801, -33.39976785147424]","POLYGON((-70.59025217303801 -33.39976785147424, -70.59003938445613 -33.39969470285684, -70.59016169252699 -33.399444388756024, -70.5903744805833 -33.39951753718145, -70.59025217303801 -33.39976785147424))"
13132011002011_1074,306636,V1313210062,VITACURA,AVENIDA,9,12,"[-70.59042115220592, -33.39982607175835]","POLYGON((-70.59042115220592 -33.39982607175835, -70.59025217303801 -33.39976785147424, -70.59037471848019 -33.399517619053995, -70.59054369723121 -33.39957583918531, -70.59042115220592 -33.39982607175835))"
13132011002011_1074,306636,V1313210062,VITACURA,AVENIDA,10,12,"[-70.59060354241893, -33.39988877048227]","POLYGON((-70.59060354241893 -33.39988877048227, -70.59042115220592 -33.39982607175835, -70.59054346040232 -33.39957575768036, -70.59072585016486 -33.399638456239735, -70.59060354241893 -33.39988877048227))"
13132011002011_1074,306636,V1313210062,VITACURA,AVENIDA,11,12,"[-70.5907054663615, -33.399923851891366]","POLYGON((-70.5907054663615 -33.399923851891366, -70.59060354241893 -33.39988877048227, -70.59072598176989 -33.39963850150876, -70.59082790546088 -33.399673582825805, -70.5907054663615 -33.399923851891366))"
13132011002011_1126,306636,V1313210062,VITACURA,AVENIDA,1,8,"[-70.59060354241893, -33.39988877048227]","POLYGON((-70.59060354241893 -33.39988877048227, -70.59042115220592 -33.39982607175835, -70.59054346040232 -33.39957575768036, -70.59072585016486 -33.399638456239735, -70.59060354241893 -33.39988877048227))"
13132011002011_1126,306636,V1313210062,VITACURA,AVENIDA,2,8,"[-70.5907054663615, -33.399923851891366]","POLYGON((-70.5907054663615 -33.399923851891366, -70.59060354241893 -33.39988877048227, -70.59072598176989 -33.39963850150876, -70.59082790546088 -33.399673582825805, -70.5907054663615 -33.399923851891366))"
13132011002011_1126,307228,V1313210226,EL COIGUE,CALLE,6,8,"[-70.59028078326747, -33.40041125808869]","POLYGON((-70.59028078326747 -33.40041125808869, -70.59046853789852 -33.40047694202262, -70.59034438353703 -33.40072661627095, -70.59015662844638 -33.40066093216474, -70.59028078326747 -33.40041125808869))"
13132011002011_1126,307228,V1313210226,EL COIGUE,CALLE,7,8,"[-70.5901761771159, -33.400374684058505]","POLYGON((-70.5901761771159 -33.400374684058505, -70.59028078326747 -33.40041125808869, -70.59015669050925 -33.400660953870464, -70.59005208410152 -33.40062437974435, -70.5901761771159 -33.400374684058505))"
13132011002011_1188,307228,V1313210226,EL COIGUE,CALLE,2,12,"[-70.5901761771159, -33.400374684058505]","POLYGON((-70.5901761771159 -33.400374684058505, -70.59037376651335 -33.40044335365353, -70.59025030928296 -33.40069327097615, -70.59005271940016 -33.40062460120095, -70.5901761771159 -33.400374684058505))"
13132011002011_1188,307228,V1313210226,EL COIGUE,CALLE,3,12,"[-70.58998663434551, -33.40030900004725]","POLYGON((-70.58998663434551 -33.40030900004725, -70.5901761771159 -33.400374684058505, -70.59005302268706 -33.400624706453044, -70.5898634794504 -33.40055902226945, -70.58998663434551 -33.40030900004725))"
13132011002011_1188,307228,V1313210226,EL COIGUE,CALLE,4,12,"[-70.5897890449481, -33.40024033034608]","POLYGON((-70.5897890449481 -33.40024033034608, -70.58998663434551 -33.40030900004725, -70.58986317729055 -33.400558917408425, -70.58966558740781 -33.40049024752711, -70.5897890449481 -33.40024033034608))"
13132011002011_1188,306636,V1313210062,VITACURA,AVENIDA,8,12,"[-70.59025217303801, -33.39976785147424]","POLYGON((-70.59025217303801 -33.39976785147424, -70.59003938445613 -33.39969470285684, -70.59016169252699 -33.399444388756024, -70.5903744805833 -33.39951753718145, -70.59025217303801 -33.39976785147424))"
13132011002011_1188,306636,V1313210062,VITACURA,AVENIDA,9,12,"[-70.59042115220592, -33.39982607175835]","POLYGON((-70.59042115220592 -33.39982607175835, -70.59025217303801 -33.39976785147424, -70.59037471848019 -33.399517619053995, -70.59054369723121 -33.39957583918531, -70.59042115220592 -33.39982607175835))"
13132011002011_1188,306636,V1313210062,VITACURA,AVENIDA,10,12,"[-70.59060354241893, -33.39988877048227]","POLYGON((-70.59060354241893 -33.39988877048227, -70.59042115220592 -33.39982607175835, -70.59054346040232 -33.39957575768036, -70.59072585016486 -33.399638456239735, -70.59060354241893 -33.39988877048227))"
13132011002011_12,306636,V1313210062,VITACURA,AVENIDA,3,7,"[-70.5910487891154, -33.40004178503518]","POLYGON((-70.5910487891154 -33.40004178503518, -70.59080649623439 -33.3999589332863, -70.59092825203997 -33.39970842979754, -70.59117054432096 -33.39979128132895, -70.5910487891154 -33.40004178503518))"
13132011002011_12,306636,V1313210062,VITACURA,AVENIDA,4,7,"[-70.59120882758663, -33.40009701949053]","POLYGON((-70.59120882758663 -33.40009701949053, -70.5910487891154 -33.40004178503518, -70.59117151507026 -33.39979161481941, -70.59133155314699 -33.39984684912983, -70.59120882758663 -33.40009701949053))"
13132011002011_1202,307228,V1313210226,EL COIGUE,CALLE,3,15,"[-70.59078950891063, -33.40058815675211]","POLYGON((-70.59078950891063 -33.40058815675211, -70.59098978051708 -33.40065831899143, -70.59086547575993 -33.40090794061984, -70.59066520366356 -33.400837778196504, -70.59078950891063 -33.40058815675211))"
13132011002011_1202,307228,V1313210226,EL COIGUE,CALLE,4,15,"[-70.59065718659924, -33.400541879499414]","POLYGON((-70.59065718659924 -33.400541879499414, -70.59078950891063 -33.40058815675211, -70.59066538680541 -33.40083784230229, -70.59053306417005 -33.40079156492821, -70.59065718659924 -33.400541879499414))"
13132011002011_1202,307228,V1313210226,EL COIGUE,CALLE,5,15,"[-70.59046853789852, -33.40047694202262]","POLYGON((-70.59046853789852 -33.40047694202262, -70.59065718659924 -33.400541879499414, -70.59053473550578 -33.40079214483916, -70.59034608633941 -33.40072720719194, -70.59046853789852 -33.40047694202262))"
13132011002011_1202,307228,V1313210226,EL COIGUE,CALLE,6,15,"[-70.59028078326747, -33.40041125808869]","POLYGON((-70.59028078326747 -33.40041125808869, -70.59046853789852 -33.40047694202262, -70.59034438353703 -33.40072661627095, -70.59015662844638 -33.40066093216474, -70.59028078326747 -33.40041125808869))"
13132011002011_1202,307228,V1313210226,EL COIGUE,CALLE,7,15,"[-70.5900814057307, -33.4003418420591]","POLYGON((-70.5900814057307 -33.4003418420591, -70.59028078326747 -33.40041125808869, -70.59015713612905 -33.40066110934661, -70.58995775810298 -33.400591693134906, -70.5900814057307 -33.4003418420591))"
13132011002011_1209,307228,V1313210226,EL COIGUE,CALLE,3,8,"[-70.59028078326747, -33.40041125808869]","POLYGON((-70.59028078326747 -33.40041125808869, -70.59046853789852 -33.40047694202262, -70.59034438353703 -33.40072661627095, -70.59015662844638 -33.40066093216474, -70.59028078326747 -33.40041125808869))"
13132011002011_1209,307228,V1313210226,EL COIGUE,CALLE,4,8,"[-70.5900814057307, -33.4003418420591]","POLYGON((-70.5900814057307 -33.4003418420591, -70.59028078326747 -33.40041125808869, -70.59015713612905 -33.40066110934661, -70.58995775810298 -33.400591693134906, -70.5900814057307 -33.4003418420591))"
13132011002011_1212,307228,V1313210226,EL COIGUE,CALLE,3,10,"[-70.59028078326747, -33.40041125808869]","POLYGON((-70.59028078326747 -33.40041125808869, -70.59046853789852 -33.40047694202262, -70.59034438353703 -33.40072661627095, -70.59015662844638 -33.40066093216474, -70.59028078326747 -33.40041125808869))"
13132011002011_1212,307228,V1313210226,EL COIGUE,CALLE,4,10,"[-70.5900814057307, -33.4003418420591]","POLYGON((-70.5900814057307 -33.4003418420591, -70.59028078326747 -33.40041125808869, -70.59015713612905 -33.40066110934661, -70.58995775810298 -33.400591693134906, -70.5900814057307 -33.4003418420591))"
13132011002011_1212,307228,V1313210226,EL COIGUE,CALLE,5,10,"[-70.58998663434551, -33.40030900004725]","POLYGON((-70.58998663434551 -33.40030900004725, -70.5900814057307 -33.4003418420591, -70.58995825120664 -33.400591864415254, -70.58986347958832 -33.400559022317246, -70.58998663434551 -33.40030900004725))"
13132011002011_1214,307228,V1313210226,EL COIGUE,CALLE,2,14,"[-70.59065718659924, -33.400541879499414]","POLYGON((-70.59065718659924 -33.400541879499414, -70.59078950891063 -33.40058815675211, -70.59066538680541 -33.40083784230229, -70.59053306417005 -33.40079156492821, -70.59065718659924 -33.400541879499414))"
13132011002011_1214,307228,V1313210226,EL COIGUE,CALLE,3,14,"[-70.59046853789852, -33.40047694202262]","POLYGON((-70.59046853789852 -33.40047694202262, -70.59065718659924 -33.400541879499414, -70.59053473550578 -33.40079214483916, -70.59034608633941 -33.40072720719194, -70.59046853789852 -33.40047694202262))"
13132011002011_1214,307228,V1313210226,EL COIGUE,CALLE,4,14,"[-70.59028078326747, -33.40041125808869]","POLYGON((-70.59028078326747 -33.40041125808869, -70.59046853789852 -33.40047694202262, -70.59034438353703 -33.40072661627095, -70.59015662844638 -33.40066093216474, -70.59028078326747 -33.40041125808869))"
13132011002011_1214,307228,V1313210226,EL COIGUE,CALLE,5,14,"[-70.5900814057307, -33.4003418420591]","POLYGON((-70.5900814057307 -33.4003418420591, -70.59028078326747 -33.40041125808869, -70.59015713612905 -33.40066110934661, -70.58995775810298 -33.400591693134906, -70.5900814057307 -33.4003418420591))"
13132011002011_1214,307228,V1313210226,EL COIGUE,CALLE,6,14,"[-70.58998663434551, -33.40030900004725]","POLYGON((-70.58998663434551 -33.40030900004725, -70.5900814057307 -33.4003418420591, -70.58995825120664 -33.400591864415254, -70.58986347958832 -33.400559022317246, -70.58998663434551 -33.40030900004725))"
13132011002011_1215,307228,V1313210226,EL COIGUE,CALLE,1,9,"[-70.59055258044765, -33.40050605193201]","POLYGON((-70.59055258044765 -33.40050605193201, -70.59072334775493 -33.40056501812884, -70.59060056887252 -33.400815170463204, -70.59042980114438 -33.400756204111644, -70.59055258044765 -33.40050605193201))"
13132011002011_1215,307228,V1313210226,EL COIGUE,CALLE,2,9,"[-70.59037376651335, -33.40044335365353]","POLYGON((-70.59037376651335 -33.40044335365353, -70.59055258044765 -33.40050605193201, -70.59042818579978 -33.400755642028514, -70.59024937142829 -33.400692943585604, -70.59037376651335 -33.40044335365353))"
13132011002011_1215,307228,V1313210226,EL COIGUE,CALLE,3,9,"[-70.59028078326747, -33.40041125808869]","POLYGON((-70.59028078326747 -33.40041125808869, -70.59037376651335 -33.40044335365353, -70.5902510260134 -33.4006935192193, -70.59015804253833 -33.400661423570234, -70.59028078326747 -33.40041125808869))"
13132011002011_1217,307228,V1313210226,EL COIGUE,CALLE,2,10,"[-70.59046853789852, -33.40047694202262]","POLYGON((-70.59046853789852 -33.40047694202262, -70.59065718659924 -33.400541879499414, -70.59053473550578 -33.40079214483916, -70.59034608633941 -33.40072720719194, -70.59046853789852 -33.40047694202262))"
13132011002011_1217,307228,V1313210226,EL COIGUE,CALLE,3,10,"[-70.59028078326747, -33.40041125808869]","POLYGON((-70.59028078326747 -33.40041125808869, -70.59046853789852 -33.40047694202262, -70.59034438353703 -33.40072661627095, -70.59015662844638 -33.40066093216474, -70.59028078326747 -33.40041125808869))"
13132011002011_1217,307228,V1313210226,EL COIGUE,CALLE,4,10,"[-70.5900814057307, -33.4003418420591]","POLYGON((-70.5900814057307 -33.4003418420591, -70.59028078326747 -33.40041125808869, -70.59015713612905 -33.40066110934661, -70.58995775810298 -33.400591693134906, -70.5900814057307 -33.4003418420591))"
13132011002011_1220,307228,V1313210226,EL COIGUE,CALLE,3,17,"[-70.59078950891063, -33.40058815675211]","POLYGON((-70.59078950891063 -33.40058815675211, -70.59098978051708 -33.40065831899143, -70.59086547575993 -33.40090794061984, -70.59066520366356 -33.400837778196504, -70.59078950891063 -33.40058815675211))"
13132011002011_1220,307228,V1313210226,EL COIGUE,CALLE,4,17,"[-70.59065718659924, -33.400541879499414]","POLYGON((-70.59065718659924 -33.400541879499414, -70.59078950891063 -33.40058815675211, -70.59066538680541 -33.40083784230229, -70.59053306417005 -33.40079156492821, -70.59065718659924 -33.400541879499414))"
13132011002011_1220,307228,V1313210226,EL COIGUE,CALLE,5,17,"[-70.59046853789852, -33.40047694202262]","POLYGON((-70.59046853789852 -33.40047694202262, -70.59065718659924 -33.400541879499414, -70.59053473550578 -33.40079214483916, -70.59034608633941 -33.40072720719194, -70.59046853789852 -33.40047694202262))"
13132011002011_1220,307228,V1313210226,EL COIGUE,CALLE,6,17,"[-70.59028078326747, -33.40041125808869]","POLYGON((-70.59028078326747 -33.40041125808869, -70.59046853789852 -33.40047694202262, -70.59034438353703 -33.40072661627095, -70.59015662844638 -33.40066093216474, -70.59028078326747 -33.40041125808869))"
13132011002011_1220,307228,V1313210226,EL COIGUE,CALLE,7,17,"[-70.5900814057307, -33.4003418420591]","POLYGON((-70.5900814057307 -33.4003418420591, -70.59028078326747 -33.40041125808869, -70.59015713612905 -33.40066110934661, -70.58995775810298 -33.400591693134906, -70.5900814057307 -33.4003418420591))"
13132011002011_1220,307228,V1313210226,EL COIGUE,CALLE,8,17,"[-70.58998663434551, -33.40030900004725]","POLYGON((-70.58998663434551 -33.40030900004725, -70.5900814057307 -33.4003418420591, -70.58995825120664 -33.400591864415254, -70.58986347958832 -33.400559022317246, -70.58998663434551 -33.40030900004725))"
13132011002011_1226,307228,V1313210226,EL COIGUE,CALLE,3,9,"[-70.59078950891063, -33.40058815675211]","POLYGON((-70.59078950891063 -33.40058815675211, -70.59098978051708 -33.40065831899143, -70.59086547575993 -33.40090794061984, -70.59066520366356 -33.400837778196504, -70.59078950891063 -33.40058815675211))"
13132011002011_1226,307228,V1313210226,EL COIGUE,CALLE,4,9,"[-70.59065718659924, -33.400541879499414]","POLYGON((-70.59065718659924 -33.400541879499414, -70.59078950891063 -33.40058815675211, -70.59066538680541 -33.40083784230229, -70.59053306417005 -33.40079156492821, -70.59065718659924 -33.400541879499414))"
13132011002011_1226,307228,V1313210226,EL COIGUE,CALLE,5,9,"[-70.59055258044765, -33.40050605193201]","POLYGON((-70.59055258044765 -33.40050605193201, -70.59065718659924 -33.400541879499414, -70.59053526103536 -33.40079232528547, -70.5904306546249 -33.40075649762404, -70.59055258044765 -33.40050605193201))"
13132011002011_1227,307228,V1313210226,EL COIGUE,CALLE,3,15,"[-70.59072334775493, -33.40056501812884]","POLYGON((-70.59072334775493 -33.40056501812884, -70.59086639890239 -33.40061502740366, -70.59074231941797 -33.40086472786131, -70.5905992679202 -33.40081471845533, -70.59072334775493 -33.40056501812884))"
13132011002011_1227,307228,V1313210226,EL COIGUE,CALLE,4,15,"[-70.59055258044765, -33.40050605193201]","POLYGON((-70.59055258044765 -33.40050605193201, -70.59072334775493 -33.40056501812884, -70.59060056887252 -33.400815170463204, -70.59042980114438 -33.400756204111644, -70.59055258044765 -33.40050605193201))"
13132011002011_1227,307228,V1313210226,EL COIGUE,CALLE,5,15,"[-70.59037376651335, -33.40044335365353]","POLYGON((-70.59037376651335 -33.40044335365353, -70.59055258044765 -33.40050605193201, -70.59042818579978 -33.400755642028514, -70.59024937142829 -33.400692943585604, -70.59037376651335 -33.40044335365353))"
13132011002011_1227,307228,V1313210226,EL COIGUE,CALLE,6,15,"[-70.5901761771159, -33.400374684058505]","POLYGON((-70.5901761771159 -33.400374684058505, -70.59037376651335 -33.40044335365353, -70.59025030928296 -33.40069327097615, -70.59005271940016 -33.40062460120095, -70.5901761771159 -33.400374684058505))"
13132011002011_1227,307228,V1313210226,EL COIGUE,CALLE,7,15,"[-70.58998663434551, -33.40030900004725]","POLYGON((-70.58998663434551 -33.40030900004725, -70.5901761771159 -33.400374684058505, -70.59005302268706 -33.400624706453044, -70.5898634794504 -33.40055902226945, -70.58998663434551 -33.40030900004725))"
13132011002011_1229,307228,V1313210226,EL COIGUE,CALLE,2,10,"[-70.59046853789852, -33.40047694202262]","POLYGON((-70.59046853789852 -33.40047694202262, -70.59065718659924 -33.400541879499414, -70.59053473550578 -33.40079214483916, -70.59034608633941 -33.40072720719194, -70.59046853789852 -33.40047694202262))"
13132011002011_1229,307228,V1313210226,EL COIGUE,CALLE,3,10,"[-70.59028078326747, -33.40041125808869]","POLYGON((-70.59028078326747 -33.40041125808869, -70.59046853789852 -33.40047694202262, -70.59034438353703 -33.40072661627095, -70.59015662844638 -33.40066093216474, -70.59028078326747 -33.40041125808869))"
13132011002011_1229,307228,V1313210226,EL COIGUE,CALLE,4,10,"[-70.5901761771159, -33.400374684058505]","POLYGON((-70.5901761771159 -33.400374684058505, -70.59028078326747 -33.40041125808869, -70.59015669050925 -33.400660953870464, -70.59005208410152 -33.40062437974435, -70.5901761771159 -33.400374684058505))"
13132011002011_1231,307228,V1313210226,EL COIGUE,CALLE,2,13,"[-70.59046853789852, -33.40047694202262]","POLYGON((-70.59046853789852 -33.40047694202262, -70.59065718659924 -33.400541879499414, -70.59053473550578 -33.40079214483916, -70.59034608633941 -33.40072720719194, -70.59046853789852 -33.40047694202262))"
13132011002011_1231,307228,V1313210226,EL COIGUE,CALLE,3,13,"[-70.59028078326747, -33.40041125808869]","POLYGON((-70.59028078326747 -33.40041125808869, -70.59046853789852 -33.40047694202262, -70.59034438353703 -33.40072661627095, -70.59015662844638 -33.40066093216474, -70.59028078326747 -33.40041125808869))"
13132011002011_1231,307228,V1313210226,EL COIGUE,CALLE,4,13,"[-70.5900814057307, -33.4003418420591]","POLYGON((-70.5900814057307 -33.4003418420591, -70.59028078326747 -33.40041125808869, -70.59015713612905 -33.40066110934661, -70.58995775810298 -33.400591693134906, -70.5900814057307 -33.4003418420591))"
13132011002011_1231,307228,V1313210226,EL COIGUE,CALLE,5,13,"[-70.589890074821, -33.400275411613265]","POLYGON((-70.589890074821 -33.400275411613265, -70.5900814057307 -33.4003418420591, -70.58995805033102 -33.40059179473757, -70.58976671895113 -33.40052536411745, -70.589890074821 -33.400275411613265))"
13132011002011_1233,307228,V1313210226,EL COIGUE,CALLE,2,9,"[-70.59065718659924, -33.400541879499414]","POLYGON((-70.59065718659924 -33.400541879499414, -70.59078950891063 -33.40058815675211, -70.59066538680541 -33.40083784230229, -70.59053306417005 -33.40079156492821, -70.59065718659924 -33.400541879499414))"
13132011002011_1233,307228,V1313210226,EL COIGUE,CALLE,3,9,"[-70.59046853789852, -33.40047694202262]","POLYGON((-70.59046853789852 -33.40047694202262, -70.59065718659924 -33.400541879499414, -70.59053473550578 -33.40079214483916, -70.59034608633941 -33.40072720719194, -70.59046853789852 -33.40047694202262))"
13132011002011_1233,307228,V1313210226,EL COIGUE,CALLE,4,9,"[-70.59028078326747, -33.40041125808869]","POLYGON((-70.59028078326747 -33.40041125808869, -70.59046853789852 -33.40047694202262, -70.59034438353703 -33.40072661627095, -70.59015662844638 -33.40066093216474, -70.59028078326747 -33.40041125808869))"
13132011002011_1240,307228,V1313210226,EL COIGUE,CALLE,2,15,"[-70.59046853789852, -33.40047694202262]","POLYGON((-70.59046853789852 -33.40047694202262, -70.59065718659924 -33.400541879499414, -70.59053473550578 -33.40079214483916, -70.59034608633941 -33.40072720719194, -70.59046853789852 -33.40047694202262))"
13132011002011_1240,307228,V1313210226,EL COIGUE,CALLE,3,15,"[-70.59028078326747, -33.40041125808869]","POLYGON((-70.59028078326747 -33.40041125808869, -70.59046853789852 -33.40047694202262, -70.59034438353703 -33.40072661627095, -70.59015662844638 -33.40066093216474, -70.59028078326747 -33.40041125808869))"
13132011002011_1240,307228,V1313210226,EL COIGUE,CALLE,4,15,"[-70.5900814057307, -33.4003418420591]","POLYGON((-70.5900814057307 -33.4003418420591, -70.59028078326747 -33.40041125808869, -70.59015713612905 -33.40066110934661, -70.58995775810298 -33.400591693134906, -70.5900814057307 -33.4003418420591))"
13132011002011_1240,307228,V1313210226,EL COIGUE,CALLE,5,15,"[-70.589890074821, -33.400275411613265]","POLYGON((-70.589890074821 -33.400275411613265, -70.5900814057307 -33.4003418420591, -70.58995805033102 -33.40059179473757, -70.58976671895113 -33.40052536411745, -70.589890074821 -33.400275411613265))"
13132011002011_1240,307228,V1313210226,EL COIGUE,CALLE,6,15,"[-70.5897890449481, -33.40024033034608]","POLYGON((-70.5897890449481 -33.40024033034608, -70.589890074821 -33.400275411613265, -70.5897667089054 -33.40052536062938, -70.58966567878423 -33.40049027927016, -70.5897890449481 -33.40024033034608))"
13132011002011_1246,307228,V1313210226,EL COIGUE,CALLE,2,12,"[-70.59046853789852, -33.40047694202262]","POLYGON((-70.59046853789852 -33.40047694202262, -70.59065718659924 -33.400541879499414, -70.59053473550578 -33.40079214483916, -70.59034608633941 -33.40072720719194, -70.59046853789852 -33.40047694202262))"
13132011002011_1246,307228,V1313210226,EL COIGUE,CALLE,3,12,"[-70.59028078326747, -33.40041125808869]","POLYGON((-70.59028078326747 -33.40041125808869, -70.59046853789852 -33.40047694202262, -70.59034438353703 -33.40072661627095, -70.59015662844638 -33.40066093216474, -70.59028078326747 -33.40041125808869))"
13132011002011_1246,307228,V1313210226,EL COIGUE,CALLE,4,12,"[-70.5900814057307, -33.4003418420591]","POLYGON((-70.5900814057307 -33.4003418420591, -70.59028078326747 -33.40041125808869, -70.59015713612905 -33.40066110934661, -70.58995775810298 -33.400591693134906, -70.5900814057307 -33.4003418420591))"
13132011002011_1246,307228,V1313210226,EL COIGUE,CALLE,5,12,"[-70.58998663434551, -33.40030900004725]","POLYGON((-70.58998663434551 -33.40030900004725, -70.5900814057307 -33.4003418420591, -70.58995825120664 -33.400591864415254, -70.58986347958832 -33.400559022317246, -70.58998663434551 -33.40030900004725))"
13132011002011_1247,307228,V1313210226,EL COIGUE,CALLE,1,10,"[-70.59055258044765, -33.40050605193201]","POLYGON((-70.59055258044765 -33.40050605193201, -70.59072334775493 -33.40056501812884, -70.59060056887252 -33.400815170463204, -70.59042980114438 -33.400756204111644, -70.59055258044765 -33.40050605193201))"
13132011002011_1247,307228,V1313210226,EL COIGUE,CALLE,2,10,"[-70.59037376651335, -33.40044335365353]","POLYGON((-70.59037376651335 -33.40044335365353, -70.59055258044765 -33.40050605193201, -70.59042818579978 -33.400755642028514, -70.59024937142829 -33.400692943585604, -70.59037376651335 -33.40044335365353))"
13132011002011_1247,307228,V1313210226,EL COIGUE,CALLE,3,10,"[-70.5901761771159, -33.400374684058505]","POLYGON((-70.5901761771159 -33.400374684058505, -70.59037376651335 -33.40044335365353, -70.59025030928296 -33.40069327097615, -70.59005271940016 -33.40062460120095, -70.5901761771159 -33.400374684058505))"
13132011002011_1258,307228,V1313210226,EL COIGUE,CALLE,2,16,"[-70.59055258044765, -33.40050605193201]","POLYGON((-70.59055258044765 -33.40050605193201, -70.59072334775493 -33.40056501812884, -70.59060056887252 -33.400815170463204, -70.59042980114438 -33.400756204111644, -70.59055258044765 -33.40050605193201))"
13132011002011_1258,307228,V1313210226,EL COIGUE,CALLE,3,16,"[-70.59037376651335, -33.40044335365353]","POLYGON((-70.59037376651335 -33.40044335365353, -70.59055258044765 -33.40050605193201, -70.59042818579978 -33.400755642028514, -70.59024937142829 -33.400692943585604, -70.59037376651335 -33.40044335365353))"
13132011002011_1258,307228,V1313210226,EL COIGUE,CALLE,4,16,"[-70.5901761771159, -33.400374684058505]","POLYGON((-70.5901761771159 -33.400374684058505, -70.59037376651335 -33.40044335365353, -70.59025030928296 -33.40069327097615, -70.59005271940016 -33.40062460120095, -70.5901761771159 -33.400374684058505))"
13132011002011_1258,307228,V1313210226,EL COIGUE,CALLE,5,16,"[-70.58998663434551, -33.40030900004725]","POLYGON((-70.58998663434551 -33.40030900004725, -70.5901761771159 -33.400374684058505, -70.59005302268706 -33.400624706453044, -70.5898634794504 -33.40055902226945, -70.58998663434551 -33.40030900004725))"
13132011002011_1258,307228,V1313210226,EL COIGUE,CALLE,6,16,"[-70.5897890449481, -33.40024033034608]","POLYGON((-70.5897890449481 -33.40024033034608, -70.58998663434551 -33.40030900004725, -70.58986317729055 -33.400558917408425, -70.58966558740781 -33.40049024752711, -70.5897890449481 -33.40024033034608))"
13132011002011_1259,307228,V1313210226,EL COIGUE,CALLE,3,18,"[-70.59072334775493, -33.40056501812884]","POLYGON((-70.59072334775493 -33.40056501812884, -70.59086639890239 -33.40061502740366, -70.59074231941797 -33.40086472786131, -70.5905992679202 -33.40081471845533, -70.59072334775493 -33.40056501812884))"
13132011002011_1259,307228,V1313210226,EL COIGUE,CALLE,4,18,"[-70.59055258044765, -33.40050605193201]","POLYGON((-70.59055258044765 -33.40050605193201, -70.59072334775493 -33.40056501812884, -70.59060056887252 -33.400815170463204, -70.59042980114438 -33.400756204111644, -70.59055258044765 -33.40050605193201))"
13132011002011_1259,307228,V1313210226,EL COIGUE,CALLE,5,18,"[-70.59037376651335, -33.40044335365353]","POLYGON((-70.59037376651335 -33.40044335365353, -70.59055258044765 -33.40050605193201, -70.59042818579978 -33.400755642028514, -70.59024937142829 -33.400692943585604, -70.59037376651335 -33.40044335365353))"
13132011002011_1259,307228,V1313210226,EL COIGUE,CALLE,6,18,"[-70.5901761771159, -33.400374684058505]","POLYGON((-70.5901761771159 -33.400374684058505, -70.59037376651335 -33.40044335365353, -70.59025030928296 -33.40069327097615, -70.59005271940016 -33.40062460120095, -70.5901761771159 -33.400374684058505))"
13132011002011_1259,307228,V1313210226,EL COIGUE,CALLE,7,18,"[-70.58998663434551, -33.40030900004725]","POLYGON((-70.58998663434551 -33.40030900004725, -70.5901761771159 -33.400374684058505, -70.59005302268706 -33.400624706453044, -70.5898634794504 -33.40055902226945, -70.58998663434551 -33.40030900004725))"
13132011002011_1259,307228,V1313210226,EL COIGUE,CALLE,8,18,"[-70.5897890449481, -33.40024033034608]","POLYGON((-70.5897890449481 -33.40024033034608, -70.58998663434551 -33.40030900004725, -70.58986317729055 -33.400558917408425, -70.58966558740781 -33.40049024752711, -70.5897890449481 -33.40024033034608))"
13132011002011_1261,307228,V1313210226,EL COIGUE,CALLE,1,10,"[-70.59037376651335, -33.40044335365353]","POLYGON((-70.59037376651335 -33.40044335365353, -70.59055258044765 -33.40050605193201, -70.59042818579978 -33.400755642028514, -70.59024937142829 -33.400692943585604, -70.59037376651335 -33.40044335365353))"
13132011002011_1261,307228,V1313210226,EL COIGUE,CALLE,2,10,"[-70.5901761771159, -33.400374684058505]","POLYGON((-70.5901761771159 -33.400374684058505, -70.59037376651335 -33.40044335365353, -70.59025030928296 -33.40069327097615, -70.59005271940016 -33.40062460120095, -70.5901761771159 -33.400374684058505))"
13132011002011_1261,307228,V1313210226,EL COIGUE,CALLE,3,10,"[-70.58998663434551, -33.40030900004725]","POLYGON((-70.58998663434551 -33.40030900004725, -70.5901761771159 -33.400374684058505, -70.59005302268706 -33.400624706453044, -70.5898634794504 -33.40055902226945, -70.58998663434551 -33.40030900004725))"
13132011002011_1264,307946,V1313210369,LOS LAURELES,CALLE,2,5,"[-70.58981497296855, -33.399617075685306]","POLYGON((-70.58981497296855 -33.399617075685306, -70.58964241752193 -33.39996415817372, -70.58934474167043 -33.39986003944186, -70.58951729813008 -33.39951295733307, -70.58981497296855 -33.399617075685306))"
13132011002011_1264,306590,V1313210062,VITACURA,AVENIDA,3,5,"[-70.59003938445613, -33.39969470285684]","POLYGON((-70.59003938445613 -33.39969470285684, -70.58981497296855 -33.399617075685306, -70.5899379356768 -33.399366987341246, -70.59016234661185 -33.39944461430909, -70.59003938445613 -33.39969470285684))"
13132011002011_1266,307228,V1313210226,EL COIGUE,CALLE,2,8,"[-70.59065718659924, -33.400541879499414]","POLYGON((-70.59065718659924 -33.400541879499414, -70.59078950891063 -33.40058815675211, -70.59066538680541 -33.40083784230229, -70.59053306417005 -33.40079156492821, -70.59065718659924 -33.400541879499414))"
13132011002011_1266,307228,V1313210226,EL COIGUE,CALLE,3,8,"[-70.59046853789852, -33.40047694202262]","POLYGON((-70.59046853789852 -33.40047694202262, -70.59065718659924 -33.400541879499414, -70.59053473550578 -33.40079214483916, -70.59034608633941 -33.40072720719194, -70.59046853789852 -33.40047694202262))"
13132011002011_1266,307228,V1313210226,EL COIGUE,CALLE,4,8,"[-70.59037376651335, -33.40044335365353]","POLYGON((-70.59037376651335 -33.40044335365353, -70.59046853789852 -33.40047694202262, -70.59034300424382 -33.4007261305887, -70.59024823262826 -33.400692542131566, -70.59037376651335 -33.40044335365353))"
13132011002011_1268,307228,V1313210226,EL COIGUE,CALLE,3,9,"[-70.59078950891063, -33.40058815675211]","POLYGON((-70.59078950891063 -33.40058815675211, -70.59098978051708 -33.40065831899143, -70.59086547575993 -33.40090794061984, -70.59066520366356 -33.400837778196504, -70.59078950891063 -33.40058815675211))"
13132011002011_1268,307228,V1313210226,EL COIGUE,CALLE,4,9,"[-70.59065718659924, -33.400541879499414]","POLYGON((-70.59065718659924 -33.400541879499414, -70.59078950891063 -33.40058815675211, -70.59066538680541 -33.40083784230229, -70.59053306417005 -33.40079156492821, -70.59065718659924 -33.400541879499414))"
13132011002011_1268,307228,V1313210226,EL COIGUE,CALLE,5,9,"[-70.59046853789852, -33.40047694202262]","POLYGON((-70.59046853789852 -33.40047694202262, -70.59065718659924 -33.400541879499414, -70.59053473550578 -33.40079214483916, -70.59034608633941 -33.40072720719194, -70.59046853789852 -33.40047694202262))"
13132011002011_1278,307228,V1313210226,EL COIGUE,CALLE,3,12,"[-70.5901761771159, -33.400374684058505]","POLYGON((-70.5901761771159 -33.400374684058505, -70.59037376651335 -33.40044335365353, -70.59025030928296 -33.40069327097615, -70.59005271940016 -33.40062460120095, -70.5901761771159 -33.400374684058505))"
13132011002011_1278,307228,V1313210226,EL COIGUE,CALLE,4,12,"[-70.58998663434551, -33.40030900004725]","POLYGON((-70.58998663434551 -33.40030900004725, -70.5901761771159 -33.400374684058505, -70.59005302268706 -33.400624706453044, -70.5898634794504 -33.40055902226945, -70.58998663434551 -33.40030900004725))"
13132011002011_1278,307228,V1313210226,EL COIGUE,CALLE,5,12,"[-70.5897890449481, -33.40024033034608]","POLYGON((-70.5897890449481 -33.40024033034608, -70.58998663434551 -33.40030900004725, -70.58986317729055 -33.400558917408425, -70.58966558740781 -33.40049024752711, -70.5897890449481 -33.40024033034608))"
13132011002011_1283,307228,V1313210226,EL COIGUE,CALLE,2,12,"[-70.59065718659924, -33.400541879499414]","POLYGON((-70.59065718659924 -33.400541879499414, -70.59078950891063 -33.40058815675211, -70.59066538680541 -33.40083784230229, -70.59053306417005 -33.40079156492821, -70.59065718659924 -33.400541879499414))"
13132011002011_1283,307228,V1313210226,EL COIGUE,CALLE,3,12,"[-70.59046853789852, -33.40047694202262]","POLYGON((-70.59046853789852 -33.40047694202262, -70.59065718659924 -33.400541879499414, -70.59053473550578 -33.40079214483916, -70.59034608633941 -33.40072720719194, -70.59046853789852 -33.40047694202262))"
13132011002011_1283,307228,V1313210226,EL COIGUE,CALLE,4,12,"[-70.59028078326747, -33.40041125808869]","POLYGON((-70.59028078326747 -33.40041125808869, -70.59046853789852 -33.40047694202262, -70.59034438353703 -33.40072661627095, -70.59015662844638 -33.40066093216474, -70.59028078326747 -33.40041125808869))"
13132011002011_1283,307228,V1313210226,EL COIGUE,CALLE,5,12,"[-70.5900814057307, -33.4003418420591]","POLYGON((-70.5900814057307 -33.4003418420591, -70.59028078326747 -33.40041125808869, -70.59015713612905 -33.40066110934661, -70.58995775810298 -33.400591693134906, -70.5900814057307 -33.4003418420591))"
13132011002011_1284,307228,V1313210226,EL COIGUE,CALLE,2,12,"[-70.59055258044765, -33.40050605193201]","POLYGON((-70.59055258044765 -33.40050605193201, -70.59072334775493 -33.40056501812884, -70.59060056887252 -33.400815170463204, -70.59042980114438 -33.400756204111644, -70.59055258044765 -33.40050605193201))"
13132011002011_1284,307228,V1313210226,EL COIGUE,CALLE,3,12,"[-70.59037376651335, -33.40044335365353]","POLYGON((-70.59037376651335 -33.40044335365353, -70.59055258044765 -33.40050605193201, -70.59042818579978 -33.400755642028514, -70.59024937142829 -33.400692943585604, -70.59037376651335 -33.40044335365353))"
13132011002011_1284,307228,V1313210226,EL COIGUE,CALLE,4,12,"[-70.5901761771159, -33.400374684058505]","POLYGON((-70.5901761771159 -33.400374684058505, -70.59037376651335 -33.40044335365353, -70.59025030928296 -33.40069327097615, -70.59005271940016 -33.40062460120095, -70.5901761771159 -33.400374684058505))"
13132011002011_1284,307228,V1313210226,EL COIGUE,CALLE,5,12,"[-70.58998663434551, -33.40030900004725]","POLYGON((-70.58998663434551 -33.40030900004725, -70.5901761771159 -33.400374684058505, -70.59005302268706 -33.400624706453044, -70.5898634794504 -33.40055902226945, -70.58998663434551 -33.40030900004725))"
13132011002011_1292,307228,V1313210226,EL COIGUE,CALLE,3,14,"[-70.59078950891063, -33.40058815675211]","POLYGON((-70.59078950891063 -33.40058815675211, -70.59098978051708 -33.40065831899143, -70.59086547575993 -33.40090794061984, -70.59066520366356 -33.400837778196504, -70.59078950891063 -33.40058815675211))"
13132011002011_1292,307228,V1313210226,EL COIGUE,CALLE,4,14,"[-70.59065718659924, -33.400541879499414]","POLYGON((-70.59065718659924 -33.400541879499414, -70.59078950891063 -33.40058815675211, -70.59066538680541 -33.40083784230229, -70.59053306417005 -33.40079156492821, -70.59065718659924 -33.400541879499414))"
13132011002011_1292,307228,V1313210226,EL COIGUE,CALLE,5,14,"[-70.59046853789852, -33.40047694202262]","POLYGON((-70.59046853789852 -33.40047694202262, -70.59065718659924 -33.400541879499414, -70.59053473550578 -33.40079214483916, -70.59034608633941 -33.40072720719194, -70.59046853789852 -33.40047694202262))"
13132011002011_1292,307228,V1313210226,EL COIGUE,CALLE,6,14,"[-70.59028078326747, -33.40041125808869]","POLYGON((-70.59028078326747 -33.40041125808869, -70.59046853789852 -33.40047694202262, -70.59034438353703 -33.40072661627095, -70.59015662844638 -33.40066093216474, -70.59028078326747 -33.40041125808869))"
13132011002011_1292,307228,V1313210226,EL COIGUE,CALLE,7,14,"[-70.5901761771159, -33.400374684058505]","POLYGON((-70.5901761771159 -33.400374684058505, -70.59028078326747 -33.40041125808869, -70.59015669050925 -33.400660953870464, -70.59005208410152 -33.40062437974435, -70.5901761771159 -33.400374684058505))"
13132011002011_1297,307228,V1313210226,EL COIGUE,CALLE,3,11,"[-70.59078950891063, -33.40058815675211]","POLYGON((-70.59078950891063 -33.40058815675211, -70.59098978051708 -33.40065831899143, -70.59086547575993 -33.40090794061984, -70.59066520366356 -33.400837778196504, -70.59078950891063 -33.40058815675211))"
13132011002011_1297,307228,V1313210226,EL COIGUE,CALLE,4,11,"[-70.59065718659924, -33.400541879499414]","POLYGON((-70.59065718659924 -33.400541879499414, -70.59078950891063 -33.40058815675211, -70.59066538680541 -33.40083784230229, -70.59053306417005 -33.40079156492821, -70.59065718659924 -33.400541879499414))"
13132011002011_1297,307228,V1313210226,EL COIGUE,CALLE,5,11,"[-70.59046853789852, -33.40047694202262]","POLYGON((-70.59046853789852 -33.40047694202262, -70.59065718659924 -33.400541879499414, -70.59053473550578 -33.40079214483916, -70.59034608633941 -33.40072720719194, -70.59046853789852 -33.40047694202262))"
13132011002011_1297,307228,V1313210226,EL COIGUE,CALLE,6,11,"[-70.59037376651335, -33.40044335365353]","POLYGON((-70.59037376651335 -33.40044335365353, -70.59046853789852 -33.40047694202262, -70.59034300424382 -33.4007261305887, -70.59024823262826 -33.400692542131566, -70.59037376651335 -33.40044335365353))"
13132011002011_1298,307228,V1313210226,EL COIGUE,CALLE,1,14,"[-70.59037376651335, -33.40044335365353]","POLYGON((-70.59037376651335 -33.40044335365353, -70.59055258044765 -33.40050605193201, -70.59042818579978 -33.400755642028514, -70.59024937142829 -33.400692943585604, -70.59037376651335 -33.40044335365353))"
13132011002011_1298,307228,V1313210226,EL COIGUE,CALLE,2,14,"[-70.5901761771159, -33.400374684058505]","POLYGON((-70.5901761771159 -33.400374684058505, -70.59037376651335 -33.40044335365353, -70.59025030928296 -33.40069327097615, -70.59005271940016 -33.40062460120095, -70.5901761771159 -33.400374684058505))"
13132011002011_1298,307228,V1313210226,EL COIGUE,CALLE,3,14,"[-70.58998663434551, -33.40030900004725]","POLYGON((-70.58998663434551 -33.40030900004725, -70.5901761771159 -33.400374684058505, -70.59005302268706 -33.400624706453044, -70.5898634794504 -33.40055902226945, -70.58998663434551 -33.40030900004725))"
13132011002011_1298,307228,V1313210226,EL COIGUE,CALLE,4,14,"[-70.5897890449481, -33.40024033034608]","POLYGON((-70.5897890449481 -33.40024033034608, -70.58998663434551 -33.40030900004725, -70.58986317729055 -33.400558917408425, -70.58966558740781 -33.40049024752711, -70.5897890449481 -33.40024033034608))"
13132011002011_1300,307228,V1313210226,EL COIGUE,CALLE,2,14,"[-70.59055258044765, -33.40050605193201]","POLYGON((-70.59055258044765 -33.40050605193201, -70.59072334775493 -33.40056501812884, -70.59060056887252 -33.400815170463204, -70.59042980114438 -33.400756204111644, -70.59055258044765 -33.40050605193201))"
13132011002011_1300,307228,V1313210226,EL COIGUE,CALLE,3,14,"[-70.59037376651335, -33.40044335365353]","POLYGON((-70.59037376651335 -33.40044335365353, -70.59055258044765 -33.40050605193201, -70.59042818579978 -33.400755642028514, -70.59024937142829 -33.400692943585604, -70.59037376651335 -33.40044335365353))"
13132011002011_1300,307228,V1313210226,EL COIGUE,CALLE,4,14,"[-70.5901761771159, -33.400374684058505]","POLYGON((-70.5901761771159 -33.400374684058505, -70.59037376651335 -33.40044335365353, -70.59025030928296 -33.40069327097615, -70.59005271940016 -33.40062460120095, -70.5901761771159 -33.400374684058505))"
13132011002011_1300,307228,V1313210226,EL COIGUE,CALLE,5,14,"[-70.58998663434551, -33.40030900004725]","POLYGON((-70.58998663434551 -33.40030900004725, -70.5901761771159 -33.400374684058505, -70.59005302268706 -33.400624706453044, -70.5898634794504 -33.40055902226945, -70.58998663434551 -33.40030900004725))"
13132011002011_1300,307228,V1313210226,EL COIGUE,CALLE,6,14,"[-70.589890074821, -33.400275411613265]","POLYGON((-70.589890074821 -33.400275411613265, -70.58998663434551 -33.40030900004725, -70.5898630817208 -33.40055888417938, -70.58976652195922 -33.400525295657296, -70.589890074821 -33.400275411613265))"
13132011002011_1301,307228,V1313210226,EL COIGUE,CALLE,3,11,"[-70.59028078326747, -33.40041125808869]","POLYGON((-70.59028078326747 -33.40041125808869, -70.59046853789852 -33.40047694202262, -70.59034438353703 -33.40072661627095, -70.59015662844638 -33.40066093216474, -70.59028078326747 -33.40041125808869))"
13132011002011_1301,307228,V1313210226,EL COIGUE,CALLE,4,11,"[-70.5900814057307, -33.4003418420591]","POLYGON((-70.5900814057307 -33.4003418420591, -70.59028078326747 -33.40041125808869, -70.59015713612905 -33.40066110934661, -70.58995775810298 -33.400591693134906, -70.5900814057307 -33.4003418420591))"
13132011002011_1301,307228,V1313210226,EL COIGUE,CALLE,5,11,"[-70.589890074821, -33.400275411613265]","POLYGON((-70.589890074821 -33.400275411613265, -70.5900814057307 -33.4003418420591, -70.58995805033102 -33.40059179473757, -70.58976671895113 -33.40052536411745, -70.589890074821 -33.400275411613265))"
13132011002011_1302,307228,V1313210226,EL COIGUE,CALLE,3,9,"[-70.5900814057307, -33.4003418420591]","POLYGON((-70.5900814057307 -33.4003418420591, -70.59028078326747 -33.40041125808869, -70.59015713612905 -33.40066110934661, -70.58995775810298 -33.400591693134906, -70.5900814057307 -33.4003418420591))"
13132011002011_1302,307228,V1313210226,EL COIGUE,CALLE,4,9,"[-70.589890074821, -33.400275411613265]","POLYGON((-70.589890074821 -33.400275411613265, -70.5900814057307 -33.4003418420591, -70.58995805033102 -33.40059179473757, -70.58976671895113 -33.40052536411745, -70.589890074821 -33.400275411613265))"
13132011002011_1307,307228,V1313210226,EL COIGUE,CALLE,2,11,"[-70.59065718659924, -33.400541879499414]","POLYGON((-70.59065718659924 -33.400541879499414, -70.59078950891063 -33.40058815675211, -70.59066538680541 -33.40083784230229, -70.59053306417005 -33.40079156492821, -70.59065718659924 -33.400541879499414))"
13132011002011_1307,307228,V1313210226,EL COIGUE,CALLE,3,11,"[-70.59046853789852, -33.40047694202262]","POLYGON((-70.59046853789852 -33.40047694202262, -70.59065718659924 -33.400541879499414, -70.59053473550578 -33.40079214483916, -70.59034608633941 -33.40072720719194, -70.59046853789852 -33.40047694202262))"
13132011002011_1307,307228,V1313210226,EL COIGUE,CALLE,4,11,"[-70.59028078326747, -33.40041125808869]","POLYGON((-70.59028078326747 -33.40041125808869, -70.59046853789852 -33.40047694202262, -70.59034438353703 -33.40072661627095, -70.59015662844638 -33.40066093216474, -70.59028078326747 -33.40041125808869))"
13132011002011_1307,307228,V1313210226,EL COIGUE,CALLE,5,11,"[-70.5901761771159, -33.400374684058505]","POLYGON((-70.5901761771159 -33.400374684058505, -70.59028078326747 -33.40041125808869, -70.59015669050925 -33.400660953870464, -70.59005208410152 -33.40062437974435, -70.5901761771159 -33.400374684058505))"
13132011002011_1309,307228,V1313210226,EL COIGUE,CALLE,3,14,"[-70.59028078326747, -33.40041125808869]","POLYGON((-70.59028078326747 -33.40041125808869, -70.59046853789852 -33.40047694202262, -70.59034438353703 -33.40072661627095, -70.59015662844638 -33.40066093216474, -70.59028078326747 -33.40041125808869))"
13132011002011_1309,307228,V1313210226,EL COIGUE,CALLE,4,14,"[-70.5900814057307, -33.4003418420591]","POLYGON((-70.5900814057307 -33.4003418420591, -70.59028078326747 -33.40041125808869, -70.59015713612905 -33.40066110934661, -70.58995775810298 -33.400591693134906, -70.5900814057307 -33.4003418420591))"
13132011002011_1309,307228,V1313210226,EL COIGUE,CALLE,5,14,"[-70.589890074821, -33.400275411613265]","POLYGON((-70.589890074821 -33.400275411613265, -70.5900814057307 -33.4003418420591, -70.58995805033102 -33.40059179473757, -70.58976671895113 -33.40052536411745, -70.589890074821 -33.400275411613265))"
13132011002011_1309,307228,V1313210226,EL COIGUE,CALLE,6,14,"[-70.5897890449481, -33.40024033034608]","POLYGON((-70.5897890449481 -33.40024033034608, -70.589890074821 -33.400275411613265, -70.5897667089054 -33.40052536062938, -70.58966567878423 -33.40049027927016, -70.5897890449481 -33.40024033034608))"
13132011002011_1310,307228,V1313210226,EL COIGUE,CALLE,2,8,"[-70.58998663434551, -33.40030900004725]","POLYGON((-70.58998663434551 -33.40030900004725, -70.5901761771159 -33.400374684058505, -70.59005302268706 -33.400624706453044, -70.5898634794504 -33.40055902226945, -70.58998663434551 -33.40030900004725))"
13132011002011_1310,307228,V1313210226,EL COIGUE,CALLE,3,8,"[-70.5897890449481, -33.40024033034608]","POLYGON((-70.5897890449481 -33.40024033034608, -70.58998663434551 -33.40030900004725, -70.58986317729055 -33.400558917408425, -70.58966558740781 -33.40049024752711, -70.5897890449481 -33.40024033034608))"
13132011002011_1315,307228,V1313210226,EL COIGUE,CALLE,3,10,"[-70.5901761771159, -33.400374684058505]","POLYGON((-70.5901761771159 -33.400374684058505, -70.59037376651335 -33.40044335365353, -70.59025030928296 -33.40069327097615, -70.59005271940016 -33.40062460120095, -70.5901761771159 -33.400374684058505))"
13132011002011_1315,307228,V1313210226,EL COIGUE,CALLE,4,10,"[-70.58998663434551, -33.40030900004725]","POLYGON((-70.58998663434551 -33.40030900004725, -70.5901761771159 -33.400374684058505, -70.59005302268706 -33.400624706453044, -70.5898634794504 -33.40055902226945, -70.58998663434551 -33.40030900004725))"
13132011002011_1315,307228,V1313210226,EL COIGUE,CALLE,5,10,"[-70.589890074821, -33.400275411613265]","POLYGON((-70.589890074821 -33.400275411613265, -70.58998663434551 -33.40030900004725, -70.5898630817208 -33.40055888417938, -70.58976652195922 -33.400525295657296, -70.589890074821 -33.400275411613265))"
13132011002011_1316,307228,V1313210226,EL COIGUE,CALLE,2,15,"[-70.59065718659924, -33.400541879499414]","POLYGON((-70.59065718659924 -33.400541879499414, -70.59078950891063 -33.40058815675211, -70.59066538680541 -33.40083784230229, -70.59053306417005 -33.40079156492821, -70.59065718659924 -33.400541879499414))"
13132011002011_1316,307228,V1313210226,EL COIGUE,CALLE,3,15,"[-70.59046853789852, -33.40047694202262]","POLYGON((-70.59046853789852 -33.40047694202262, -70.59065718659924 -33.400541879499414, -70.59053473550578 -33.40079214483916, -70.59034608633941 -33.40072720719194, -70.59046853789852 -33.40047694202262))"
13132011002011_1316,307228,V1313210226,EL COIGUE,CALLE,4,15,"[-70.59028078326747, -33.40041125808869]","POLYGON((-70.59028078326747 -33.40041125808869, -70.59046853789852 -33.40047694202262, -70.59034438353703 -33.40072661627095, -70.59015662844638 -33.40066093216474, -70.59028078326747 -33.40041125808869))"
13132011002011_1316,307228,V1313210226,EL COIGUE,CALLE,5,15,"[-70.5900814057307, -33.4003418420591]","POLYGON((-70.5900814057307 -33.4003418420591, -70.59028078326747 -33.40041125808869, -70.59015713612905 -33.40066110934661, -70.58995775810298 -33.400591693134906, -70.5900814057307 -33.4003418420591))"
13132011002011_1316,307228,V1313210226,EL COIGUE,CALLE,6,15,"[-70.589890074821, -33.400275411613265]","POLYGON((-70.589890074821 -33.400275411613265, -70.5900814057307 -33.4003418420591, -70.58995805033102 -33.40059179473757, -70.58976671895113 -33.40052536411745, -70.589890074821 -33.400275411613265))"
13132011002011_1323,307228,V1313210226,EL COIGUE,CALLE,1,9,"[-70.59037376651335, -33.40044335365353]","POLYGON((-70.59037376651335 -33.40044335365353, -70.59055258044765 -33.40050605193201, -70.59042818579978 -33.400755642028514, -70.59024937142829 -33.400692943585604, -70.59037376651335 -33.40044335365353))"
13132011002011_1323,307228,V1313210226,EL COIGUE,CALLE,2,9,"[-70.5901761771159, -33.400374684058505]","POLYGON((-70.5901761771159 -33.400374684058505, -70.59037376651335 -33.40044335365353, -70.59025030928296 -33.40069327097615, -70.59005271940016 -33.40062460120095, -70.5901761771159 -33.400374684058505))"
13132011002011_1323,307228,V1313210226,EL COIGUE,CALLE,3,9,"[-70.5900814057307, -33.4003418420591]","POLYGON((-70.5900814057307 -33.4003418420591, -70.5901761771159 -33.400374684058505, -70.59005302254914 -33.40062470640525, -70.58995825093082 -33.40059186431968, -70.5900814057307 -33.4003418420591))"
13132011002011_1325,307228,V1313210226,EL COIGUE,CALLE,3,14,"[-70.59072334775493, -33.40056501812884]","POLYGON((-70.59072334775493 -33.40056501812884, -70.59086639890239 -33.40061502740366, -70.59074231941797 -33.40086472786131, -70.5905992679202 -33.40081471845533, -70.59072334775493 -33.40056501812884))"
13132011002011_1325,307228,V1313210226,EL COIGUE,CALLE,4,14,"[-70.59055258044765, -33.40050605193201]","POLYGON((-70.59055258044765 -33.40050605193201, -70.59072334775493 -33.40056501812884, -70.59060056887252 -33.400815170463204, -70.59042980114438 -33.400756204111644, -70.59055258044765 -33.40050605193201))"
13132011002011_1325,307228,V1313210226,EL COIGUE,CALLE,5,14,"[-70.59037376651335, -33.40044335365353]","POLYGON((-70.59037376651335 -33.40044335365353, -70.59055258044765 -33.40050605193201, -70.59042818579978 -33.400755642028514, -70.59024937142829 -33.400692943585604, -70.59037376651335 -33.40044335365353))"
13132011002011_1325,307228,V1313210226,EL COIGUE,CALLE,6,14,"[-70.5901761771159, -33.400374684058505]","POLYGON((-70.5901761771159 -33.400374684058505, -70.59037376651335 -33.40044335365353, -70.59025030928296 -33.40069327097615, -70.59005271940016 -33.40062460120095, -70.5901761771159 -33.400374684058505))"
13132011002011_1325,307228,V1313210226,EL COIGUE,CALLE,7,14,"[-70.5900814057307, -33.4003418420591]","POLYGON((-70.5900814057307 -33.4003418420591, -70.5901761771159 -33.400374684058505, -70.59005302254914 -33.40062470640525, -70.58995825093082 -33.40059186431968, -70.5900814057307 -33.4003418420591))"
13132011002011_1327,307228,V1313210226,EL COIGUE,CALLE,2,8,"[-70.59072334775493, -33.40056501812884]","POLYGON((-70.59072334775493 -33.40056501812884, -70.59086639890239 -33.40061502740366, -70.59074231941797 -33.40086472786131, -70.5905992679202 -33.40081471845533, -70.59072334775493 -33.40056501812884))"
13132011002011_1327,307228,V1313210226,EL COIGUE,CALLE,3,8,"[-70.59055258044765, -33.40050605193201]","POLYGON((-70.59055258044765 -33.40050605193201, -70.59072334775493 -33.40056501812884, -70.59060056887252 -33.400815170463204, -70.59042980114438 -33.400756204111644, -70.59055258044765 -33.40050605193201))"
13132011002011_1327,307228,V1313210226,EL COIGUE,CALLE,4,8,"[-70.59046853789852, -33.40047694202262]","POLYGON((-70.59046853789852 -33.40047694202262, -70.59055258044765 -33.40050605193201, -70.59042947656887 -33.40075609186161, -70.59034543381296 -33.40072698187584, -70.59046853789852 -33.40047694202262))"
13132011002011_1340,307228,V1313210226,EL COIGUE,CALLE,2,11,"[-70.59072334775493, -33.40056501812884]","POLYGON((-70.59072334775493 -33.40056501812884, -70.59086639890239 -33.40061502740366, -70.59074231941797 -33.40086472786131, -70.5905992679202 -33.40081471845533, -70.59072334775493 -33.40056501812884))"
13132011002011_1340,307228,V1313210226,EL COIGUE,CALLE,3,11,"[-70.59055258044765, -33.40050605193201]","POLYGON((-70.59055258044765 -33.40050605193201, -70.59072334775493 -33.40056501812884, -70.59060056887252 -33.400815170463204, -70.59042980114438 -33.400756204111644, -70.59055258044765 -33.40050605193201))"
13132011002011_1340,307228,V1313210226,EL COIGUE,CALLE,4,11,"[-70.59037376651335, -33.40044335365353]","POLYGON((-70.59037376651335 -33.40044335365353, -70.59055258044765 -33.40050605193201, -70.59042818579978 -33.400755642028514, -70.59024937142829 -33.400692943585604, -70.59037376651335 -33.40044335365353))"
13132011002011_1340,307228,V1313210226,EL COIGUE,CALLE,5,11,"[-70.59028078326747, -33.40041125808869]","POLYGON((-70.59028078326747 -33.40041125808869, -70.59037376651335 -33.40044335365353, -70.5902510260134 -33.4006935192193, -70.59015804253833 -33.400661423570234, -70.59028078326747 -33.40041125808869))"
13132011002011_1341,307228,V1313210226,EL COIGUE,CALLE,3,17,"[-70.59072334775493, -33.40056501812884]","POLYGON((-70.59072334775493 -33.40056501812884, -70.59086639890239 -33.40061502740366, -70.59074231941797 -33.40086472786131, -70.5905992679202 -33.40081471845533, -70.59072334775493 -33.40056501812884))"
13132011002011_1341,307228,V1313210226,EL COIGUE,CALLE,4,17,"[-70.59055258044765, -33.40050605193201]","POLYGON((-70.59055258044765 -33.40050605193201, -70.59072334775493 -33.40056501812884, -70.59060056887252 -33.400815170463204, -70.59042980114438 -33.400756204111644, -70.59055258044765 -33.40050605193201))"
13132011002011_1341,307228,V1313210226,EL COIGUE,CALLE,5,17,"[-70.59037376651335, -33.40044335365353]","POLYGON((-70.59037376651335 -33.40044335365353, -70.59055258044765 -33.40050605193201, -70.59042818579978 -33.400755642028514, -70.59024937142829 -33.400692943585604, -70.59037376651335 -33.40044335365353))"
13132011002011_1341,307228,V1313210226,EL COIGUE,CALLE,6,17,"[-70.5901761771159, -33.400374684058505]","POLYGON((-70.5901761771159 -33.400374684058505, -70.59037376651335 -33.40044335365353, -70.59025030928296 -33.40069327097615, -70.59005271940016 -33.40062460120095, -70.5901761771159 -33.400374684058505))"
13132011002011_1341,307228,V1313210226,EL COIGUE,CALLE,7,17,"[-70.58998663434551, -33.40030900004725]","POLYGON((-70.58998663434551 -33.40030900004725, -70.5901761771159 -33.400374684058505, -70.59005302268706 -33.400624706453044, -70.5898634794504 -33.40055902226945, -70.58998663434551 -33.40030900004725))"
13132011002011_1341,307228,V1313210226,EL COIGUE,CALLE,8,17,"[-70.589890074821, -33.400275411613265]","POLYGON((-70.589890074821 -33.400275411613265, -70.58998663434551 -33.40030900004725, -70.5898630817208 -33.40055888417938, -70.58976652195922 -33.400525295657296, -70.589890074821 -33.400275411613265))"
13132011002011_1345,307228,V1313210226,EL COIGUE,CALLE,2,8,"[-70.59046853789852, -33.40047694202262]","POLYGON((-70.59046853789852 -33.40047694202262, -70.59065718659924 -33.400541879499414, -70.59053473550578 -33.40079214483916, -70.59034608633941 -33.40072720719194, -70.59046853789852 -33.40047694202262))"
13132011002011_1345,307228,V1313210226,EL COIGUE,CALLE,3,8,"[-70.59028078326747, -33.40041125808869]","POLYGON((-70.59028078326747 -33.40041125808869, -70.59046853789852 -33.40047694202262, -70.59034438353703 -33.40072661627095, -70.59015662844638 -33.40066093216474, -70.59028078326747 -33.40041125808869))"
13132011002011_1347,307228,V1313210226,EL COIGUE,CALLE,1,11,"[-70.59055258044765, -33.40050605193201]","POLYGON((-70.59055258044765 -33.40050605193201, -70.59072334775493 -33.40056501812884, -70.59060056887252 -33.400815170463204, -70.59042980114438 -33.400756204111644, -70.59055258044765 -33.40050605193201))"
13132011002011_1347,307228,V1313210226,EL COIGUE,CALLE,2,11,"[-70.59037376651335, -33.40044335365353]","POLYGON((-70.59037376651335 -33.40044335365353, -70.59055258044765 -33.40050605193201, -70.59042818579978 -33.400755642028514, -70.59024937142829 -33.400692943585604, -70.59037376651335 -33.40044335365353))"
13132011002011_1347,307228,V1313210226,EL COIGUE,CALLE,3,11,"[-70.5901761771159, -33.400374684058505]","POLYGON((-70.5901761771159 -33.400374684058505, -70.59037376651335 -33.40044335365353, -70.59025030928296 -33.40069327097615, -70.59005271940016 -33.40062460120095, -70.5901761771159 -33.400374684058505))"
13132011002011_1347,307228,V1313210226,EL COIGUE,CALLE,4,11,"[-70.5900814057307, -33.4003418420591]","POLYGON((-70.5900814057307 -33.4003418420591, -70.5901761771159 -33.400374684058505, -70.59005302254914 -33.40062470640525, -70.58995825093082 -33.40059186431968, -70.5900814057307 -33.4003418420591))"
13132011002011_1360,307228,V1313210226,EL COIGUE,CALLE,3,11,"[-70.5900814057307, -33.4003418420591]","POLYGON((-70.5900814057307 -33.4003418420591, -70.59028078326747 -33.40041125808869, -70.59015713612905 -33.40066110934661, -70.58995775810298 -33.400591693134906, -70.5900814057307 -33.4003418420591))"
13132011002011_1360,307228,V1313210226,EL COIGUE,CALLE,4,11,"[-70.589890074821, -33.400275411613265]","POLYGON((-70.589890074821 -33.400275411613265, -70.5900814057307 -33.4003418420591, -70.58995805033102 -33.40059179473757, -70.58976671895113 -33.40052536411745, -70.589890074821 -33.400275411613265))"
13132011002011_1360,307228,V1313210226,EL COIGUE,CALLE,5,11,"[-70.5897890449481, -33.40024033034608]","POLYGON((-70.5897890449481 -33.40024033034608, -70.589890074821 -33.400275411613265, -70.5897667089054 -33.40052536062938, -70.58966567878423 -33.40049027927016, -70.5897890449481 -33.40024033034608))"
13132011002011_1364,307228,V1313210226,EL COIGUE,CALLE,1,12,"[-70.59037376651335, -33.40044335365353]","POLYGON((-70.59037376651335 -33.40044335365353, -70.59055258044765 -33.40050605193201, -70.59042818579978 -33.400755642028514, -70.59024937142829 -33.400692943585604, -70.59037376651335 -33.40044335365353))"
13132011002011_1364,307228,V1313210226,EL COIGUE,CALLE,2,12,"[-70.5901761771159, -33.400374684058505]","POLYGON((-70.5901761771159 -33.400374684058505, -70.59037376651335 -33.40044335365353, -70.59025030928296 -33.40069327097615, -70.59005271940016 -33.40062460120095, -70.5901761771159 -33.400374684058505))"
13132011002011_1364,307228,V1313210226,EL COIGUE,CALLE,3,12,"[-70.58998663434551, -33.40030900004725]","POLYGON((-70.58998663434551 -33.40030900004725, -70.5901761771159 -33.400374684058505, -70.59005302268706 -33.400624706453044, -70.5898634794504 -33.40055902226945, -70.58998663434551 -33.40030900004725))"
13132011002011_1364,307228,V1313210226,EL COIGUE,CALLE,4,12,"[-70.589890074821, -33.400275411613265]","POLYGON((-70.589890074821 -33.400275411613265, -70.58998663434551 -33.40030900004725, -70.5898630817208 -33.40055888417938, -70.58976652195922 -33.400525295657296, -70.589890074821 -33.400275411613265))"
13132011002011_1367,307228,V1313210226,EL COIGUE,CALLE,3,12,"[-70.59078950891063, -33.40058815675211]","POLYGON((-70.59078950891063 -33.40058815675211, -70.59098978051708 -33.40065831899143, -70.59086547575993 -33.40090794061984, -70.59066520366356 -33.400837778196504, -70.59078950891063 -33.40058815675211))"
13132011002011_1367,307228,V1313210226,EL COIGUE,CALLE,4,12,"[-70.59065718659924, -33.400541879499414]","POLYGON((-70.59065718659924 -33.400541879499414, -70.59078950891063 -33.40058815675211, -70.59066538680541 -33.40083784230229, -70.59053306417005 -33.40079156492821, -70.59065718659924 -33.400541879499414))"
13132011002011_1367,307228,V1313210226,EL COIGUE,CALLE,5,12,"[-70.59046853789852, -33.40047694202262]","POLYGON((-70.59046853789852 -33.40047694202262, -70.59065718659924 -33.400541879499414, -70.59053473550578 -33.40079214483916, -70.59034608633941 -33.40072720719194, -70.59046853789852 -33.40047694202262))"
13132011002011_1367,307228,V1313210226,EL COIGUE,CALLE,6,12,"[-70.59028078326747, -33.40041125808869]","POLYGON((-70.59028078326747 -33.40041125808869, -70.59046853789852 -33.40047694202262, -70.59034438353703 -33.40072661627095, -70.59015662844638 -33.40066093216474, -70.59028078326747 -33.40041125808869))"
13132011002011_1369,307946,V1313210369,LOS LAURELES,CALLE,1,6,"[-70.58981497296855, -33.399617075685306]","POLYGON((-70.58981497296855 -33.399617075685306, -70.58968890914488 -33.39987085656577, -70.58939119664045 -33.39976681223885, -70.58951726120515 -33.39951303163574, -70.58981497296855 -33.399617075685306))"
13132011002011_1369,306590,V1313210062,VITACURA,AVENIDA,2,6,"[-70.59003938445613, -33.39969470285684]","POLYGON((-70.59003938445613 -33.39969470285684, -70.58981497296855 -33.399617075685306, -70.5899379356768 -33.399366987341246, -70.59016234661185 -33.39944461430909, -70.59003938445613 -33.39969470285684))"
13132011002011_1369,307946,V1313210369,LOS LAURELES,CALLE,6,6,"[-70.58968890914488, -33.39987085656577]","POLYGON((-70.58968890914488 -33.39987085656577, -70.58960397252606 -33.40004327785874, -70.58930589384093 -33.39993997256129, -70.5893908309654 -33.399767551455234, -70.58968890914488 -33.39987085656577))"
13132011002011_1391,307228,V1313210226,EL COIGUE,CALLE,2,9,"[-70.59072334775493, -33.40056501812884]","POLYGON((-70.59072334775493 -33.40056501812884, -70.59086639890239 -33.40061502740366, -70.59074231941797 -33.40086472786131, -70.5905992679202 -33.40081471845533, -70.59072334775493 -33.40056501812884))"
13132011002011_1391,307228,V1313210226,EL COIGUE,CALLE,3,9,"[-70.59055258044765, -33.40050605193201]","POLYGON((-70.59055258044765 -33.40050605193201, -70.59072334775493 -33.40056501812884, -70.59060056887252 -33.400815170463204, -70.59042980114438 -33.400756204111644, -70.59055258044765 -33.40050605193201))"
13132011002011_1391,307228,V1313210226,EL COIGUE,CALLE,4,9,"[-70.59037376651335, -33.40044335365353]","POLYGON((-70.59037376651335 -33.40044335365353, -70.59055258044765 -33.40050605193201, -70.59042818579978 -33.400755642028514, -70.59024937142829 -33.400692943585604, -70.59037376651335 -33.40044335365353))"
13132011002011_1406,307228,V1313210226,EL COIGUE,CALLE,3,8,"[-70.5901761771159, -33.400374684058505]","POLYGON((-70.5901761771159 -33.400374684058505, -70.59037376651335 -33.40044335365353, -70.59025030928296 -33.40069327097615, -70.59005271940016 -33.40062460120095, -70.5901761771159 -33.400374684058505))"
13132011002011_1406,307228,V1313210226,EL COIGUE,CALLE,4,8,"[-70.58998663434551, -33.40030900004725]","POLYGON((-70.58998663434551 -33.40030900004725, -70.5901761771159 -33.400374684058505, -70.59005302268706 -33.400624706453044, -70.5898634794504 -33.40055902226945, -70.58998663434551 -33.40030900004725))"
13132011002011_1416,307228,V1313210226,EL COIGUE,CALLE,3,12,"[-70.59072334775493, -33.40056501812884]","POLYGON((-70.59072334775493 -33.40056501812884, -70.59086639890239 -33.40061502740366, -70.59074231941797 -33.40086472786131, -70.5905992679202 -33.40081471845533, -70.59072334775493 -33.40056501812884))"
13132011002011_1416,307228,V1313210226,EL COIGUE,CALLE,4,12,"[-70.59055258044765, -33.40050605193201]","POLYGON((-70.59055258044765 -33.40050605193201, -70.59072334775493 -33.40056501812884, -70.59060056887252 -33.400815170463204, -70.59042980114438 -33.400756204111644, -70.59055258044765 -33.40050605193201))"
13132011002011_1416,307228,V1313210226,EL COIGUE,CALLE,5,12,"[-70.59037376651335, -33.40044335365353]","POLYGON((-70.59037376651335 -33.40044335365353, -70.59055258044765 -33.40050605193201, -70.59042818579978 -33.400755642028514, -70.59024937142829 -33.400692943585604, -70.59037376651335 -33.40044335365353))"
13132011002011_1416,307228,V1313210226,EL COIGUE,CALLE,6,12,"[-70.5901761771159, -33.400374684058505]","POLYGON((-70.5901761771159 -33.400374684058505, -70.59037376651335 -33.40044335365353, -70.59025030928296 -33.40069327097615, -70.59005271940016 -33.40062460120095, -70.5901761771159 -33.400374684058505))"
13132011002011_1442,307946,V1313210369,LOS LAURELES,CALLE,1,7,"[-70.58964241752193, -33.39996415817372]","POLYGON((-70.58964241752193 -33.39996415817372, -70.58954585799741 -33.4001559859649, -70.58924873363237 -33.40005076351739, -70.58934529371315 -33.39985893593853, -70.58964241752193 -33.39996415817372))"
13132011002011_1442,307946,V1313210369,LOS LAURELES,CALLE,2,7,"[-70.58981497296855, -33.399617075685306]","POLYGON((-70.58981497296855 -33.399617075685306, -70.58964241752193 -33.39996415817372, -70.58934474167043 -33.39986003944186, -70.58951729813008 -33.39951295733307, -70.58981497296855 -33.399617075685306))"
13132011002011_1442,306590,V1313210062,VITACURA,AVENIDA,3,7,"[-70.59003938445613, -33.39969470285684]","POLYGON((-70.59003938445613 -33.39969470285684, -70.58981497296855 -33.399617075685306, -70.5899379356768 -33.399366987341246, -70.59016234661185 -33.39944461430909, -70.59003938445613 -33.39969470285684))"
13132011002011_1442,307228,V1313210226,EL COIGUE,CALLE,7,7,"[-70.58954585799741, -33.4001559859649]","POLYGON((-70.58954585799741 -33.4001559859649, -70.5897890449481 -33.40024033034608, -70.58966580288924 -33.400490322338655, -70.58942261534058 -33.40040597773616, -70.58954585799741 -33.4001559859649))"
13132011002011_1457,307228,V1313210226,EL COIGUE,CALLE,2,17,"[-70.59065718659924, -33.400541879499414]","POLYGON((-70.59065718659924 -33.400541879499414, -70.59078950891063 -33.40058815675211, -70.59066538680541 -33.40083784230229, -70.59053306417005 -33.40079156492821, -70.59065718659924 -33.400541879499414))"
13132011002011_1457,307228,V1313210226,EL COIGUE,CALLE,3,17,"[-70.59046853789852, -33.40047694202262]","POLYGON((-70.59046853789852 -33.40047694202262, -70.59065718659924 -33.400541879499414, -70.59053473550578 -33.40079214483916, -70.59034608633941 -33.40072720719194, -70.59046853789852 -33.40047694202262))"
13132011002011_1457,307228,V1313210226,EL COIGUE,CALLE,4,17,"[-70.59028078326747, -33.40041125808869]","POLYGON((-70.59028078326747 -33.40041125808869, -70.59046853789852 -33.40047694202262, -70.59034438353703 -33.40072661627095, -70.59015662844638 -33.40066093216474, -70.59028078326747 -33.40041125808869))"
13132011002011_1457,307228,V1313210226,EL COIGUE,CALLE,5,17,"[-70.5900814057307, -33.4003418420591]","POLYGON((-70.5900814057307 -33.4003418420591, -70.59028078326747 -33.40041125808869, -70.59015713612905 -33.40066110934661, -70.58995775810298 -33.400591693134906, -70.5900814057307 -33.4003418420591))"
13132011002011_1457,307228,V1313210226,EL COIGUE,CALLE,6,17,"[-70.589890074821, -33.400275411613265]","POLYGON((-70.589890074821 -33.400275411613265, -70.5900814057307 -33.4003418420591, -70.58995805033102 -33.40059179473757, -70.58976671895113 -33.40052536411745, -70.589890074821 -33.400275411613265))"
13132011002011_1457,307228,V1313210226,EL COIGUE,CALLE,7,17,"[-70.5897890449481, -33.40024033034608]","POLYGON((-70.5897890449481 -33.40024033034608, -70.589890074821 -33.400275411613265, -70.5897667089054 -33.40052536062938, -70.58966567878423 -33.40049027927016, -70.5897890449481 -33.40024033034608))"
13132011002011_179,306636,V1313210062,VITACURA,AVENIDA,6,10,"[-70.59080649623439, -33.399958186873775]","POLYGON((-70.59080649623439 -33.399958186873775, -70.59060354241893 -33.39988877048227, -70.59072532293641 -33.399638275455374, -70.59092827624931 -33.39970769166469, -70.59080649623439 -33.399958186873775))"
13132011002011_179,306636,V1313210062,VITACURA,AVENIDA,7,10,"[-70.5910487891154, -33.40004178503518]","POLYGON((-70.5910487891154 -33.40004178503518, -70.59080649623439 -33.399958186873775, -70.59092919079676 -33.39970800583829, -70.59117148308043 -33.399791603780336, -70.5910487891154 -33.40004178503518))"
13132011002011_179,306636,V1313210062,VITACURA,AVENIDA,8,10,"[-70.59120882758663, -33.40009701949053]","POLYGON((-70.59120882758663 -33.40009701949053, -70.5910487891154 -33.40004178503518, -70.59117151507026 -33.39979161481941, -70.59133155314699 -33.39984684912983, -70.59120882758663 -33.40009701949053))"
13132011002011_299,306636,V1313210062,VITACURA,AVENIDA,5,8,"[-70.59080649623439, -33.399958186873775]","POLYGON((-70.59080649623439 -33.399958186873775, -70.59060354241893 -33.39988877048227, -70.59072532293641 -33.399638275455374, -70.59092827624931 -33.39970769166469, -70.59080649623439 -33.399958186873775))"
13132011002011_299,306636,V1313210062,VITACURA,AVENIDA,6,8,"[-70.5910487891154, -33.40004178503518]","POLYGON((-70.5910487891154 -33.40004178503518, -70.59080649623439 -33.399958186873775, -70.59092919079676 -33.39970800583829, -70.59117148308043 -33.399791603780336, -70.5910487891154 -33.40004178503518))"
13132011002011_321,306636,V1313210062,VITACURA,AVENIDA,5,8,"[-70.59091199645565, -33.399994761079306]","POLYGON((-70.59091199645565 -33.399994761079306, -70.5907054663615 -33.399923851891366, -70.59082764516276 -33.39967349334466, -70.59103417474647 -33.39974440234649, -70.59091199645565 -33.399994761079306))"
13132011002011_321,306636,V1313210062,VITACURA,AVENIDA,6,8,"[-70.59120882758663, -33.40009701949053]","POLYGON((-70.59120882758663 -33.40009701949053, -70.59091199645565 -33.399994761079306, -70.59103453023053 -33.39974452460391, -70.59133136062916 -33.399846782746806, -70.59120882758663 -33.40009701949053))"
13132011002011_430,306636,V1313210062,VITACURA,AVENIDA,7,10,"[-70.59033889779613, -33.399797708035074]","POLYGON((-70.59033889779613 -33.399797708035074, -70.59016634234952 -33.399737994903134, -70.59028934702063 -33.39948792105816, -70.59046190204248 -33.39954763403342, -70.59033889779613 -33.399797708035074))"
13132011002011_430,306636,V1313210062,VITACURA,AVENIDA,8,10,"[-70.5905168176608, -33.3998589139527]","POLYGON((-70.5905168176608 -33.3998589139527, -70.59033889779613 -33.399797708035074, -70.59046128111245 -33.39954741979416, -70.59063920053784 -33.39960862555117, -70.5905168176608 -33.3998589139527))"
13132011002011_430,306636,V1313210062,VITACURA,AVENIDA,9,10,"[-70.5907054663615, -33.399923851891366]","POLYGON((-70.5907054663615 -33.399923851891366, -70.5905168176608 -33.3998589139527, -70.5906392676663 -33.39960864865127, -70.59082791590137 -33.39967358641951, -70.5907054663615 -33.399923851891366))"
13132011002011_46,306636,V1313210062,VITACURA,AVENIDA,3,6,"[-70.59091199645565, -33.399994761079306]","POLYGON((-70.59091199645565 -33.399994761079306, -70.5907054663615 -33.399923851891366, -70.59082764516276 -33.39967349334466, -70.59103417474647 -33.39974440234649, -70.59091199645565 -33.399994761079306))"
13132011002011_46,307228,V1313210226,EL COIGUE,CALLE,5,6,"[-70.59046853789852, -33.40047694202262]","POLYGON((-70.59046853789852 -33.40047694202262, -70.59065718659924 -33.400541879499414, -70.59053473550578 -33.40079214483916, -70.59034608633941 -33.40072720719194, -70.59046853789852 -33.40047694202262))"
13132011002011_590,306636,V1313210062,VITACURA,AVENIDA,1,9,"[-70.5905168176608, -33.3998589139527]","POLYGON((-70.5905168176608 -33.3998589139527, -70.59033889779613 -33.399797708035074, -70.59046128111245 -33.39954741979416, -70.59063920053784 -33.39960862555117, -70.5905168176608 -33.3998589139527))"
13132011002011_590,306636,V1313210062,VITACURA,AVENIDA,2,9,"[-70.5907054663615, -33.399923851891366]","POLYGON((-70.5907054663615 -33.399923851891366, -70.5905168176608 -33.3998589139527, -70.5906392676663 -33.39960864865127, -70.59082791590137 -33.39967358641951, -70.5907054663615 -33.399923851891366))"
13132011002011_590,307228,V1313210226,EL COIGUE,CALLE,6,9,"[-70.59028078326747, -33.40041125808869]","POLYGON((-70.59028078326747 -33.40041125808869, -70.59046853789852 -33.40047694202262, -70.59034438353703 -33.40072661627095, -70.59015662844638 -33.40066093216474, -70.59028078326747 -33.40041125808869))"
13132011002011_590,307228,V1313210226,EL COIGUE,CALLE,7,9,"[-70.5900814057307, -33.4003418420591]","POLYGON((-70.5900814057307 -33.4003418420591, -70.59028078326747 -33.40041125808869, -70.59015713612905 -33.40066110934661, -70.58995775810298 -33.400591693134906, -70.5900814057307 -33.4003418420591))"
13132011002011_609,306636,V1313210062,VITACURA,AVENIDA,6,9,"[-70.59042115220592, -33.39982607175835]","POLYGON((-70.59042115220592 -33.39982607175835, -70.59025217303801 -33.39976785147424, -70.59037471848019 -33.399517619053995, -70.59054369723121 -33.39957583918531, -70.59042115220592 -33.39982607175835))"
13132011002011_609,306636,V1313210062,VITACURA,AVENIDA,7,9,"[-70.59060354241893, -33.39988877048227]","POLYGON((-70.59060354241893 -33.39988877048227, -70.59042115220592 -33.39982607175835, -70.59054346040232 -33.39957575768036, -70.59072585016486 -33.399638456239735, -70.59060354241893 -33.39988877048227))"
13132011002011_609,306636,V1313210062,VITACURA,AVENIDA,8,9,"[-70.5907054663615, -33.399923851891366]","POLYGON((-70.5907054663615 -33.399923851891366, -70.59060354241893 -33.39988877048227, -70.59072598176989 -33.39963850150876, -70.59082790546088 -33.399673582825805, -70.5907054663615 -33.399923851891366))"
13132011002011_691,307228,V1313210226,EL COIGUE,CALLE,1,9,"[-70.589890074821, -33.400275411613265]","POLYGON((-70.589890074821 -33.400275411613265, -70.5900814057307 -33.4003418420591, -70.58995805033102 -33.40059179473757, -70.58976671895113 -33.40052536411745, -70.589890074821 -33.400275411613265))"
13132011002011_691,307228,V1313210226,EL COIGUE,CALLE,2,9,"[-70.5897890449481, -33.40024033034608]","POLYGON((-70.5897890449481 -33.40024033034608, -70.589890074821 -33.400275411613265, -70.5897667089054 -33.40052536062938, -70.58966567878423 -33.40049027927016, -70.5897890449481 -33.40024033034608))"
13132011002011_691,306636,V1313210062,VITACURA,AVENIDA,6,9,"[-70.59025217303801, -33.39976785147424]","POLYGON((-70.59025217303801 -33.39976785147424, -70.59003938445613 -33.39969470285684, -70.59016169252699 -33.399444388756024, -70.5903744805833 -33.39951753718145, -70.59025217303801 -33.39976785147424))"
13132011002011_691,306636,V1313210062,VITACURA,AVENIDA,7,9,"[-70.59033889779613, -33.399797708035074]","POLYGON((-70.59033889779613 -33.399797708035074, -70.59025217303801 -33.39976785147424, -70.59037463519527 -33.39951759037022, -70.59046135973936 -33.3995474468527, -70.59033889779613 -33.399797708035074))"
13132011002011_743,306636,V1313210062,VITACURA,AVENIDA,5,7,"[-70.59025217303801, -33.39976785147424]","POLYGON((-70.59025217303801 -33.39976785147424, -70.59003938445613 -33.39969470285684, -70.59016169252699 -33.399444388756024, -70.5903744805833 -33.39951753718145, -70.59025217303801 -33.39976785147424))"
13132011002011_743,306636,V1313210062,VITACURA,AVENIDA,6,7,"[-70.59042115220592, -33.39982607175835]","POLYGON((-70.59042115220592 -33.39982607175835, -70.59025217303801 -33.39976785147424, -70.59037471848019 -33.399517619053995, -70.59054369723121 -33.39957583918531, -70.59042115220592 -33.39982607175835))"
13132011002011_855,306636,V1313210062,VITACURA,AVENIDA,2,9,"[-70.59025217303801, -33.39976785147424]","POLYGON((-70.59025217303801 -33.39976785147424, -70.59003938445613 -33.39969470285684, -70.59016169252699 -33.399444388756024, -70.5903744805833 -33.39951753718145, -70.59025217303801 -33.39976785147424))"
13132011002011_855,306636,V1313210062,VITACURA,AVENIDA,3,9,"[-70.59042115220592, -33.39982607175835]","POLYGON((-70.59042115220592 -33.39982607175835, -70.59025217303801 -33.39976785147424, -70.59037471848019 -33.399517619053995, -70.59054369723121 -33.39957583918531, -70.59042115220592 -33.39982607175835))"
13132011002011_855,307228,V1313210226,EL COIGUE,CALLE,5,9,"[-70.58998663434551, -33.40030900004725]","POLYGON((-70.58998663434551 -33.40030900004725, -70.5901761771159 -33.400374684058505, -70.59005302268706 -33.400624706453044, -70.5898634794504 -33.40055902226945, -70.58998663434551 -33.40030900004725))"
13132011002011_855,307228,V1313210226,EL COIGUE,CALLE,6,9,"[-70.5897890449481, -33.40024033034608]","POLYGON((-70.5897890449481 -33.40024033034608, -70.58998663434551 -33.40030900004725, -70.58986317729055 -33.400558917408425, -70.58966558740781 -33.40049024752711, -70.5897890449481 -33.40024033034608))"
13132011002011_905,306636,V1313210062,VITACURA,AVENIDA,6,9,"[-70.59033889779613, -33.399797708035074]","POLYGON((-70.59033889779613 -33.399797708035074, -70.59016634234952 -33.399737994903134, -70.59028934702063 -33.39948792105816, -70.59046190204248 -33.39954763403342, -70.59033889779613 -33.399797708035074))"
13132011002011_905,306636,V1313210062,VITACURA,AVENIDA,7,9,"[-70.5905168176608, -33.3998589139527]","POLYGON((-70.5905168176608 -33.3998589139527, -70.59033889779613 -33.399797708035074, -70.59046128111245 -33.39954741979416, -70.59063920053784 -33.39960862555117, -70.5905168176608 -33.3998589139527))"
13132011002011_905,306636,V1313210062,VITACURA,AVENIDA,8,9,"[-70.59060354241893, -33.39988877048227]","POLYGON((-70.59060354241893 -33.39988877048227, -70.5905168176608 -33.3998589139527, -70.59063927993597 -33.39960865287506, -70.59072600448006 -33.39963850932628, -70.59060354241893 -33.39988877048227))"
13132011002011_940,307228,V1313210226,EL COIGUE,CALLE,1,8,"[-70.5897890449481, -33.40024033034608]","POLYGON((-70.5897890449481 -33.40024033034608, -70.58998663434551 -33.40030900004725, -70.58986317729055 -33.400558917408425, -70.58966558740781 -33.40049024752711, -70.5897890449481 -33.40024033034608))"
13132011002011_940,306636,V1313210062,VITACURA,AVENIDA,5,8,"[-70.59025217303801, -33.39976785147424]","POLYGON((-70.59025217303801 -33.39976785147424, -70.59003938445613 -33.39969470285684, -70.59016169252699 -33.399444388756024, -70.5903744805833 -33.39951753718145, -70.59025217303801 -33.39976785147424))"
13132011002011_965,306636,V1313210062,VITACURA,AVENIDA,7,10,"[-70.59025217303801, -33.39976785147424]","POLYGON((-70.59025217303801 -33.39976785147424, -70.59003938445613 -33.39969470285684, -70.59016169252699 -33.399444388756024, -70.5903744805833 -33.39951753718145, -70.59025217303801 -33.39976785147424))"
13132011002011_965,306636,V1313210062,VITACURA,AVENIDA,8,10,"[-70.59042115220592, -33.39982607175835]","POLYGON((-70.59042115220592 -33.39982607175835, -70.59025217303801 -33.39976785147424, -70.59037471848019 -33.399517619053995, -70.59054369723121 -33.39957583918531, -70.59042115220592 -33.39982607175835))"
13132011002011_965,306636,V1313210062,VITACURA,AVENIDA,9,10,"[-70.59060354241893, -33.39988877048227]","POLYGON((-70.59060354241893 -33.39988877048227, -70.59042115220592 -33.39982607175835, -70.59054346040232 -33.39957575768036, -70.59072585016486 -33.399638456239735, -70.59060354241893 -33.39988877048227))"
13132011002012_2,306619,V1313210062,VITACURA,AVENIDA,4,4,"[-70.58883239039943, -33.3992789488312]","POLYGON((-70.58883239039943 -33.3992789488312, -70.58845419892833 -33.39914907194146, -70.58857640041477 -33.39889872130363, -70.58895459095136 -33.39902859785249, -70.58883239039943 -33.3992789488312))"
13132011002015_103,307919,V1313210362,LOS COLIGUES,CALLE,4,7,"[-70.58836032161283, -33.40049410940627]","POLYGON((-70.58836032161283 -33.40049410940627, -70.58842290648982 -33.40026197623601, -70.58873748592337 -33.40032164412191, -70.58867490185385 -33.40055377742529, -70.58836032161283 -33.40049410940627))"
13132011002015_103,307919,V1313210362,LOS COLIGUES,CALLE,5,7,"[-70.5883227706866, -33.40063294116671]","POLYGON((-70.5883227706866 -33.40063294116671, -70.58836032161283 -33.40049410940627, -70.58867485244663 -33.40055396038837, -70.58863730200312 -33.40069279222872, -70.5883227706866 -33.40063294116671))"
13132011002015_104,307919,V1313210362,LOS COLIGUES,CALLE,7,11,"[-70.58836032161283, -33.40049410940627]","POLYGON((-70.58836032161283 -33.40049410940627, -70.58842290648982 -33.40026197623601, -70.58873748592337 -33.40032164412191, -70.58867490185385 -33.40055377742529, -70.58836032161283 -33.40049410940627))"
13132011002015_104,307919,V1313210362,LOS COLIGUES,CALLE,8,11,"[-70.5883227706866, -33.40063294116671]","POLYGON((-70.5883227706866 -33.40063294116671, -70.58836032161283 -33.40049410940627, -70.58867485244663 -33.40055396038837, -70.58863730200312 -33.40069279222872, -70.5883227706866 -33.40063294116671))"
13132011002015_104,307919,V1313210362,LOS COLIGUES,CALLE,9,11,"[-70.58825929173993, -33.40086805896479]","POLYGON((-70.58825929173993 -33.40086805896479, -70.5883227706866 -33.40063294116671, -70.5886373299401 -33.40069268884614, -70.58857385181113 -33.40092780677927, -70.58825929173993 -33.40086805896479))"
13132011002015_104,307919,V1313210362,LOS COLIGUES,CALLE,10,11,"[-70.58818597802684, -33.401139003447824]","POLYGON((-70.58818597802684 -33.401139003447824, -70.58825929173993 -33.40086805896479, -70.58857381788363 -33.40092793230512, -70.58850050511256 -33.40119887694417, -70.58818597802684 -33.401139003447824))"
13132011002015_110,307919,V1313210362,LOS COLIGUES,CALLE,4,8,"[-70.58822352895305, -33.401000172495955]","POLYGON((-70.58822352895305 -33.401000172495955, -70.58829326638744 -33.40074191647923, -70.58860782354034 -33.400801673404736, -70.58853808700412 -33.401059929569826, -70.58822352895305 -33.401000172495955))"
13132011002015_110,307919,V1313210362,LOS COLIGUES,CALLE,5,8,"[-70.58811355838345, -33.40140696148578]","POLYGON((-70.58811355838345 -33.40140696148578, -70.58822352895305 -33.401000172495955, -70.58853806971723 -33.40105999355243, -70.58842810056215 -33.401466782776275, -70.58811355838345 -33.40140696148578))"
13132011002015_126,307919,V1313210362,LOS COLIGUES,CALLE,5,9,"[-70.58833975801038, -33.40057098938706]","POLYGON((-70.58833975801038 -33.40057098938706, -70.5883826733546 -33.4004090188628, -70.58869751533729 -33.40046770643946, -70.5886546005578 -33.400629677054766, -70.58833975801038 -33.40057098938706))"
13132011002015_126,307919,V1313210362,LOS COLIGUES,CALLE,6,9,"[-70.58829326638744, -33.40074191647923]","POLYGON((-70.58829326638744 -33.40074191647923, -70.58833975801038 -33.40057098938706, -70.58865420247977 -33.400631159812505, -70.58860771145066 -33.400802087003676, -70.58829326638744 -33.40074191647923))"
13132011002015_126,307919,V1313210362,LOS COLIGUES,CALLE,7,9,"[-70.58822352895305, -33.401000172495955]","POLYGON((-70.58822352895305 -33.401000172495955, -70.58829326638744 -33.40074191647923, -70.58860782354034 -33.400801673404736, -70.58853808700412 -33.401059929569826, -70.58822352895305 -33.401000172495955))"
13132011002015_170,307919,V1313210362,LOS COLIGUES,CALLE,2,5,"[-70.58811355838345, -33.40140696148578]","POLYGON((-70.58811355838345 -33.40140696148578, -70.58822352895305 -33.401000172495955, -70.58853806971723 -33.40105999355243, -70.58842810056215 -33.401466782776275, -70.58811355838345 -33.40140696148578))"
13132011002015_174,307919,V1313210362,LOS COLIGUES,CALLE,4,7,"[-70.58825929173993, -33.40086805896479]","POLYGON((-70.58825929173993 -33.40086805896479, -70.5883227706866 -33.40063294116671, -70.5886373299401 -33.40069268884614, -70.58857385181113 -33.40092780677927, -70.58825929173993 -33.40086805896479))"
13132011002015_174,307919,V1313210362,LOS COLIGUES,CALLE,5,7,"[-70.58822352895305, -33.401000172495955]","POLYGON((-70.58822352895305 -33.401000172495955, -70.58825929173993 -33.40086805896479, -70.58857381150229 -33.40092795588407, -70.5885380491747 -33.40106006949136, -70.58822352895305 -33.401000172495955))"
13132011002015_21,307919,V1313210362,LOS COLIGUES,CALLE,6,8,"[-70.58833975801038, -33.40057098938706]","POLYGON((-70.58833975801038 -33.40057098938706, -70.5883826733546 -33.4004090188628, -70.58869751533729 -33.40046770643946, -70.5886546005578 -33.400629677054766, -70.58833975801038 -33.40057098938706))"
13132011002015_21,307919,V1313210362,LOS COLIGUES,CALLE,7,8,"[-70.58829326638744, -33.40074191647923]","POLYGON((-70.58829326638744 -33.40074191647923, -70.58833975801038 -33.40057098938706, -70.58865420247977 -33.400631159812505, -70.58860771145066 -33.400802087003676, -70.58829326638744 -33.40074191647923))"
13132011002015_21,307919,V1313210362,LOS COLIGUES,CALLE,8,8,"[-70.58825929173993, -33.40086805896479]","POLYGON((-70.58825929173993 -33.40086805896479, -70.58829326638744 -33.40074191647923, -70.58860786307508 -33.400801526805836, -70.58857388886643 -33.40092766936363, -70.58825929173993 -33.40086805896479))"
13132011002015_214,307919,V1313210362,LOS COLIGUES,CALLE,4,7,"[-70.58822352895305, -33.401000172495955]","POLYGON((-70.58822352895305 -33.401000172495955, -70.58829326638744 -33.40074191647923, -70.58860782354034 -33.400801673404736, -70.58853808700412 -33.401059929569826, -70.58822352895305 -33.401000172495955))"
13132011002015_214,307919,V1313210362,LOS COLIGUES,CALLE,5,7,"[-70.58818597802684, -33.401139003447824]","POLYGON((-70.58818597802684 -33.401139003447824, -70.58822352895305 -33.401000172495955, -70.58853806162658 -33.401060023473, -70.58850051118308 -33.40119885450478, -70.58818597802684 -33.401139003447824))"
13132011002015_23,307919,V1313210362,LOS COLIGUES,CALLE,4,7,"[-70.58829326638744, -33.40074191647923]","POLYGON((-70.58829326638744 -33.40074191647923, -70.58833886394069 -33.40057098938705, -70.5886536051136 -33.40063005836564, -70.5886080081558 -33.400800985554646, -70.58829326638744 -33.40074191647923))"
13132011002015_23,307919,V1313210362,LOS COLIGUES,CALLE,5,7,"[-70.58822352895305, -33.401000172495955]","POLYGON((-70.58822352895305 -33.401000172495955, -70.58829326638744 -33.40074191647923, -70.58860782354034 -33.400801673404736, -70.58853808700412 -33.401059929569826, -70.58822352895305 -33.401000172495955))"
13132011002015_31,307919,V1313210362,LOS COLIGUES,CALLE,6,7,"[-70.5883227706866, -33.40063294116671]","POLYGON((-70.5883227706866 -33.40063294116671, -70.58836032161283 -33.40049410940627, -70.58867485244663 -33.40055396038837, -70.58863730200312 -33.40069279222872, -70.5883227706866 -33.40063294116671))"
13132011002015_31,307919,V1313210362,LOS COLIGUES,CALLE,7,7,"[-70.58825929173993, -33.40086805896479]","POLYGON((-70.58825929173993 -33.40086805896479, -70.5883227706866 -33.40063294116671, -70.5886373299401 -33.40069268884614, -70.58857385181113 -33.40092780677927, -70.58825929173993 -33.40086805896479))"
13132011002015_33,307919,V1313210362,LOS COLIGUES,CALLE,7,9,"[-70.58836032161283, -33.40049410940627]","POLYGON((-70.58836032161283 -33.40049410940627, -70.58842290648982 -33.40026197623601, -70.58873748592337 -33.40032164412191, -70.58867490185385 -33.40055377742529, -70.58836032161283 -33.40049410940627))"
13132011002015_33,307919,V1313210362,LOS COLIGUES,CALLE,8,9,"[-70.5883227706866, -33.40063294116671]","POLYGON((-70.5883227706866 -33.40063294116671, -70.58836032161283 -33.40049410940627, -70.58867485244663 -33.40055396038837, -70.58863730200312 -33.40069279222872, -70.5883227706866 -33.40063294116671))"
13132011002015_33,307919,V1313210362,LOS COLIGUES,CALLE,9,9,"[-70.58825929173993, -33.40086805896479]","POLYGON((-70.58825929173993 -33.40086805896479, -70.5883227706866 -33.40063294116671, -70.5886373299401 -33.40069268884614, -70.58857385181113 -33.40092780677927, -70.58825929173993 -33.40086805896479))"
13132011002015_34,307919,V1313210362,LOS COLIGUES,CALLE,5,9,"[-70.58829326638744, -33.40074191647923]","POLYGON((-70.58829326638744 -33.40074191647923, -70.58833886394069 -33.40057098938705, -70.5886536051136 -33.40063005836564, -70.5886080081558 -33.400800985554646, -70.58829326638744 -33.40074191647923))"
13132011002015_34,307919,V1313210362,LOS COLIGUES,CALLE,6,9,"[-70.58822352895305, -33.401000172495955]","POLYGON((-70.58822352895305 -33.401000172495955, -70.58829326638744 -33.40074191647923, -70.58860782354034 -33.400801673404736, -70.58853808700412 -33.401059929569826, -70.58822352895305 -33.401000172495955))"
13132011002015_34,307919,V1313210362,LOS COLIGUES,CALLE,7,9,"[-70.58818597802684, -33.401139003447824]","POLYGON((-70.58818597802684 -33.401139003447824, -70.58822352895305 -33.401000172495955, -70.58853806162658 -33.401060023473, -70.58850051118308 -33.40119885450478, -70.58818597802684 -33.401139003447824))"
13132011002015_44,307919,V1313210362,LOS COLIGUES,CALLE,5,9,"[-70.5883227706866, -33.40063294116671]","POLYGON((-70.5883227706866 -33.40063294116671, -70.58836032161283 -33.40049410940627, -70.58867485244663 -33.40055396038837, -70.58863730200312 -33.40069279222872, -70.5883227706866 -33.40063294116671))"
13132011002015_44,307919,V1313210362,LOS COLIGUES,CALLE,6,9,"[-70.58825929173993, -33.40086805896479]","POLYGON((-70.58825929173993 -33.40086805896479, -70.5883227706866 -33.40063294116671, -70.5886373299401 -33.40069268884614, -70.58857385181113 -33.40092780677927, -70.58825929173993 -33.40086805896479))"
13132011002015_44,307919,V1313210362,LOS COLIGUES,CALLE,7,9,"[-70.58822352895305, -33.401000172495955]","POLYGON((-70.58822352895305 -33.401000172495955, -70.58825929173993 -33.40086805896479, -70.58857381150229 -33.40092795588407, -70.5885380491747 -33.40106006949136, -70.58822352895305 -33.401000172495955))"
13132011002015_47,307919,V1313210362,LOS COLIGUES,CALLE,3,7,"[-70.58818597802684, -33.401139003447824]","POLYGON((-70.58818597802684 -33.401139003447824, -70.58825929173993 -33.40086805896479, -70.58857381788363 -33.40092793230512, -70.58850050511256 -33.40119887694417, -70.58818597802684 -33.401139003447824))"
13132011002015_47,307919,V1313210362,LOS COLIGUES,CALLE,4,7,"[-70.58811355838345, -33.40140696148578]","POLYGON((-70.58811355838345 -33.40140696148578, -70.58818597802684 -33.401139003447824, -70.58850052346418 -33.40119880908125, -70.5884281047526 -33.4014667672733, -70.58811355838345 -33.40140696148578))"
13132011002015_54,307919,V1313210362,LOS COLIGUES,CALLE,4,7,"[-70.58825929173993, -33.40086805896479]","POLYGON((-70.58825929173993 -33.40086805896479, -70.5883227706866 -33.40063294116671, -70.5886373299401 -33.40069268884614, -70.58857385181113 -33.40092780677927, -70.58825929173993 -33.40086805896479))"
13132011002015_54,307919,V1313210362,LOS COLIGUES,CALLE,5,7,"[-70.58818597802684, -33.401139003447824]","POLYGON((-70.58818597802684 -33.401139003447824, -70.58825929173993 -33.40086805896479, -70.58857381788363 -33.40092793230512, -70.58850050511256 -33.40119887694417, -70.58818597802684 -33.401139003447824))"
13132011002015_68,307919,V1313210362,LOS COLIGUES,CALLE,6,10,"[-70.58833975801038, -33.40057098938706]","POLYGON((-70.58833975801038 -33.40057098938706, -70.5883826733546 -33.4004090188628, -70.58869751533729 -33.40046770643946, -70.5886546005578 -33.400629677054766, -70.58833975801038 -33.40057098938706))"
13132011002015_68,307919,V1313210362,LOS COLIGUES,CALLE,7,10,"[-70.58829326638744, -33.40074191647923]","POLYGON((-70.58829326638744 -33.40074191647923, -70.58833975801038 -33.40057098938706, -70.58865420247977 -33.400631159812505, -70.58860771145066 -33.400802087003676, -70.58829326638744 -33.40074191647923))"
13132011002015_68,307919,V1313210362,LOS COLIGUES,CALLE,8,10,"[-70.58822352895305, -33.401000172495955]","POLYGON((-70.58822352895305 -33.401000172495955, -70.58829326638744 -33.40074191647923, -70.58860782354034 -33.400801673404736, -70.58853808700412 -33.401059929569826, -70.58822352895305 -33.401000172495955))"
13132011002015_68,307919,V1313210362,LOS COLIGUES,CALLE,9,10,"[-70.58818597802684, -33.401139003447824]","POLYGON((-70.58818597802684 -33.401139003447824, -70.58822352895305 -33.401000172495955, -70.58853806162658 -33.401060023473, -70.58850051118308 -33.40119885450478, -70.58818597802684 -33.401139003447824))"
13132011002015_90,307919,V1313210362,LOS COLIGUES,CALLE,6,11,"[-70.58836032161283, -33.40049410940627]","POLYGON((-70.58836032161283 -33.40049410940627, -70.58842290648982 -33.40026197623601, -70.58873748592337 -33.40032164412191, -70.58867490185385 -33.40055377742529, -70.58836032161283 -33.40049410940627))"
13132011002015_90,307919,V1313210362,LOS COLIGUES,CALLE,7,11,"[-70.5883227706866, -33.40063294116671]","POLYGON((-70.5883227706866 -33.40063294116671, -70.58836032161283 -33.40049410940627, -70.58867485244663 -33.40055396038837, -70.58863730200312 -33.40069279222872, -70.5883227706866 -33.40063294116671))"
13132011002015_90,307919,V1313210362,LOS COLIGUES,CALLE,8,11,"[-70.58825929173993, -33.40086805896479]","POLYGON((-70.58825929173993 -33.40086805896479, -70.5883227706866 -33.40063294116671, -70.5886373299401 -33.40069268884614, -70.58857385181113 -33.40092780677927, -70.58825929173993 -33.40086805896479))"
13132011002015_90,307919,V1313210362,LOS COLIGUES,CALLE,9,11,"[-70.58822352895305, -33.401000172495955]","POLYGON((-70.58822352895305 -33.401000172495955, -70.58825929173993 -33.40086805896479, -70.58857381150229 -33.40092795588407, -70.5885380491747 -33.40106006949136, -70.58822352895305 -33.401000172495955))"
13132011002015_91,307919,V1313210362,LOS COLIGUES,CALLE,5,8,"[-70.58836032161283, -33.40049410940627]","POLYGON((-70.58836032161283 -33.40049410940627, -70.58842290648982 -33.40026197623601, -70.58873748592337 -33.40032164412191, -70.58867490185385 -33.40055377742529, -70.58836032161283 -33.40049410940627))"
13132011002015_91,307919,V1313210362,LOS COLIGUES,CALLE,6,8,"[-70.5883227706866, -33.40063294116671]","POLYGON((-70.5883227706866 -33.40063294116671, -70.58836032161283 -33.40049410940627, -70.58867485244663 -33.40055396038837, -70.58863730200312 -33.40069279222872, -70.5883227706866 -33.40063294116671))"
13132011002015_91,307919,V1313210362,LOS COLIGUES,CALLE,7,8,"[-70.58829326638744, -33.40074191647923]","POLYGON((-70.58829326638744 -33.40074191647923, -70.5883227706866 -33.40063294116671, -70.58863728695201 -33.40069284784855, -70.58860778303169 -33.40080182322386, -70.58829326638744 -33.40074191647923))"
13132011002015_98,307919,V1313210362,LOS COLIGUES,CALLE,5,9,"[-70.5883227706866, -33.40063294116671]","POLYGON((-70.5883227706866 -33.40063294116671, -70.58836032161283 -33.40049410940627, -70.58867485244663 -33.40055396038837, -70.58863730200312 -33.40069279222872, -70.5883227706866 -33.40063294116671))"
13132011002015_98,307919,V1313210362,LOS COLIGUES,CALLE,6,9,"[-70.58825929173993, -33.40086805896479]","POLYGON((-70.58825929173993 -33.40086805896479, -70.5883227706866 -33.40063294116671, -70.5886373299401 -33.40069268884614, -70.58857385181113 -33.40092780677927, -70.58825929173993 -33.40086805896479))"
13132011002015_98,307919,V1313210362,LOS COLIGUES,CALLE,7,9,"[-70.58818597802684, -33.401139003447824]","POLYGON((-70.58818597802684 -33.401139003447824, -70.58825929173993 -33.40086805896479, -70.58857381788363 -33.40092793230512, -70.58850050511256 -33.40119887694417, -70.58818597802684 -33.401139003447824))"
13132011002023_10,305648,V1313210005,AMERICO VESPUCIO NORTE,AVENIDA,1,6,"[-70.58723111161757, -33.40221978735897]","POLYGON((-70.58723111161757 -33.40221978735897, -70.58715869197414 -33.40249445958069, -70.58684376992589 -33.40243604662009, -70.58691619052772 -33.40216137455193, -70.58723111161757 -33.40221978735897))"
13132011002023_10,307721,V1313210332,LAS HUALTATAS,CALLE,2,6,"[-70.58752973088787, -33.40228099157054]","POLYGON((-70.58752973088787 -33.40228099157054, -70.58723111161757 -33.40221978735897, -70.58730767295138 -33.40195699841877, -70.58760629136047 -33.402018202473464, -70.58752973088787 -33.40228099157054))"
13132011002023_10,305667,V1313210005,AMERICO VESPUCIO NORTE,AVENIDA,6,6,"[-70.58715869197414, -33.40249445958069]","POLYGON((-70.58715869197414 -33.40249445958069, -70.58707911977336 -33.40278853702944, -70.58676458654527 -33.402728664480755, -70.58684415976857 -33.40243458720138, -70.58715869197414 -33.40249445958069))"
13132011002023_35,307916,V1313210362,LOS COLIGUES,CALLE,1,5,"[-70.58778811702297, -33.40261164284579]","POLYGON((-70.58778811702297 -33.40261164284579, -70.58785874852703 -33.40234816687504, -70.5881734226659 -33.40240751068218, -70.58810279207914 -33.40267098680304, -70.58778811702297 -33.40261164284579))"
13132011002023_35,305648,V1313210005,AMERICO VESPUCIO NORTE,AVENIDA,3,5,"[-70.58723111161757, -33.40221978735897]","POLYGON((-70.58723111161757 -33.40221978735897, -70.58715869197414 -33.40249445958069, -70.58684376992589 -33.40243604662009, -70.58691619052772 -33.40216137455193, -70.58723111161757 -33.40221978735897))"
13132011002023_35,307721,V1313210332,LAS HUALTATAS,CALLE,4,5,"[-70.58752973088787, -33.40228099157054]","POLYGON((-70.58752973088787 -33.40228099157054, -70.58723111161757 -33.40221978735897, -70.58730767295138 -33.40195699841877, -70.58760629136047 -33.402018202473464, -70.58752973088787 -33.40228099157054))"
13132011002023_35,307721,V1313210332,LAS HUALTATAS,CALLE,5,5,"[-70.58785874852703, -33.40234816687504]","POLYGON((-70.58785874852703 -33.40234816687504, -70.58752973088787 -33.40228099157054, -70.58760601449893 -33.40201814583772, -70.58793503118861 -33.40208532097014, -70.58785874852703 -33.40234816687504))"
13132011002023_65,307721,V1313210332,LAS HUALTATAS,CALLE,1,5,"[-70.58752973088787, -33.40228099157054]","POLYGON((-70.58752973088787 -33.40228099157054, -70.58723111161757 -33.40221978735897, -70.58730767295138 -33.40195699841877, -70.58760629136047 -33.402018202473464, -70.58752973088787 -33.40228099157054))"
13132011002023_65,305667,V1313210005,AMERICO VESPUCIO NORTE,AVENIDA,5,5,"[-70.58723111161757, -33.40221978735897]","POLYGON((-70.58723111161757 -33.40221978735897, -70.58710236558483 -33.4027034487329, -70.58678758436405 -33.4026445013365, -70.58691633208228 -33.40216084023597, -70.58723111161757 -33.40221978735897))"
13132011003004_12,308838,V1313210554,AGUSTIN DEL CASTILLO,PASAJE,5,7,"[-70.59264023313091, -33.39384634628558]","POLYGON((-70.59264023313091 -33.39384634628558, -70.59252489814328 -33.39370899661517, -70.59278855450516 -33.39355321330985, -70.5929038896812 -33.39369056273221, -70.59264023313091 -33.39384634628558))"
13132011003004_12,308838,V1313210554,AGUSTIN DEL CASTILLO,PASAJE,6,7,"[-70.59269477138088, -33.39391128871721]","POLYGON((-70.59269477138088 -33.39391128871721, -70.59264023313091 -33.39384634628558, -70.59290388205078 -33.39369055364579, -70.5929584203898 -33.393755495960136, -70.59269477138088 -33.39391128871721))"
13132011003004_12,308838,V1313210554,AGUSTIN DEL CASTILLO,PASAJE,7,7,"[-70.59276629695461, -33.39399563915942]","POLYGON((-70.59276629695461 -33.39399563915942, -70.59269477138088 -33.39391128871721, -70.59295757057251 -33.393754488914524, -70.59302909625895 -33.39383883920351, -70.59276629695461 -33.39399563915942))"
13132011003004_240,308838,V1313210554,AGUSTIN DEL CASTILLO,PASAJE,6,8,"[-70.59252489814328, -33.39370899661517]","POLYGON((-70.59252489814328 -33.39370899661517, -70.59238989362287 -33.39354999917128, -70.59265257264056 -33.39339305896711, -70.59278757737266 -33.393552056121976, -70.59252489814328 -33.39370899661517))"
13132011003004_240,308838,V1313210554,AGUSTIN DEL CASTILLO,PASAJE,7,8,"[-70.5925839067416, -33.39377991087428]","POLYGON((-70.5925839067416 -33.39377991087428, -70.59252489814328 -33.39370899661517, -70.59278934635151 -33.39355416059551, -70.5928483550494 -33.39362507472725, -70.5925839067416 -33.39377991087428))"
13132011003004_240,308838,V1313210554,AGUSTIN DEL CASTILLO,PASAJE,8,8,"[-70.59264023313091, -33.39384634628558]","POLYGON((-70.59264023313091 -33.39384634628558, -70.5925839067416 -33.39377991087428, -70.59284671793215 -33.393623125668746, -70.59290304441028 -33.39368956095939, -70.59264023313091 -33.39384634628558))"
13132011003004_49,307370,V1313210258,FRANCISCO DE RIVEROS,CALLE,2,6,"[-70.59188385018874, -33.39380603716567]","POLYGON((-70.59188385018874 -33.39380603716567, -70.5921431303935 -33.394071778426316, -70.59189356039586 -33.394243114180824, -70.59163428039807 -33.393977372398105, -70.59188385018874 -33.39380603716567))"
13132011003006_84,306640,V1313210064,AGUSTIN DEL CASTILLO,CALLE,4,7,"[-70.59412617692516, -33.39329097454357]","POLYGON((-70.59412617692516 -33.39329097454357, -70.59450079211757 -33.393067779792744, -70.59468753926205 -33.393288329662276, -70.59431292364815 -33.39351152498342, -70.59412617692516 -33.39329097454357))"
13132011003008_1011,306640,V1313210064,AGUSTIN DEL CASTILLO,CALLE,5,9,"[-70.59493888625667, -33.39297671019801]","POLYGON((-70.59493888625667 -33.39297671019801, -70.59463311442897 -33.393162581646564, -70.59444387809187 -33.39294352996569, -70.59474964959452 -33.392757658988145, -70.59493888625667 -33.39297671019801))"
13132011003008_1011,306640,V1313210064,AGUSTIN DEL CASTILLO,CALLE,6,9,"[-70.5950166703181, -33.392939386566034]","POLYGON((-70.5950166703181 -33.392939386566034, -70.59493888625667 -33.39297671019801, -70.5947787586655 -33.39274189256224, -70.59485654259461 -33.39270456903352, -70.5950166703181 -33.392939386566034))"
13132011003008_1022,306640,V1313210064,AGUSTIN DEL CASTILLO,CALLE,4,6,"[-70.59481282243297, -33.39305508977297]","POLYGON((-70.59481282243297 -33.39305508977297, -70.59463311442897 -33.393162581646564, -70.59444588020578 -33.39294232269974, -70.59462558800975 -33.39283483110036, -70.59481282243297 -33.39305508977297))"
13132011003008_1061,306640,V1313210064,AGUSTIN DEL CASTILLO,CALLE,1,11,"[-70.59481282243297, -33.39305508977297]","POLYGON((-70.59481282243297 -33.39305508977297, -70.594458770843 -33.39326634103731, -70.59427184389547 -33.39304589837362, -70.59462589508867 -33.39283464764875, -70.59481282243297 -33.39305508977297))"
13132011003008_1061,306640,V1313210064,AGUSTIN DEL CASTILLO,CALLE,2,11,"[-70.59493888625667, -33.39297671019801]","POLYGON((-70.59493888625667 -33.39297671019801, -70.59481282243297 -33.39305508977297, -70.59462078848877 -33.39283775816822, -70.59474685218748 -33.392759378789975, -70.59493888625667 -33.39297671019801))"
13132011003008_1061,306640,V1313210064,AGUSTIN DEL CASTILLO,CALLE,3,11,"[-70.5950166703181, -33.392939386566034]","POLYGON((-70.5950166703181 -33.392939386566034, -70.59493888625667 -33.39297671019801, -70.5947787586655 -33.39274189256224, -70.59485654259461 -33.39270456903352, -70.5950166703181 -33.392939386566034))"
13132011003008_1061,306640,V1313210064,AGUSTIN DEL CASTILLO,CALLE,11,11,"[-70.594458770843, -33.39326634103731]","POLYGON((-70.594458770843 -33.39326634103731, -70.59431035527751 -33.39335591739016, -70.59412200409848 -33.393136329278384, -70.59427041950288 -33.3930467531532, -70.594458770843 -33.39326634103731))"
13132011003008_1065,306640,V1313210064,AGUSTIN DEL CASTILLO,CALLE,1,7,"[-70.59430946120784, -33.393355917390146]","POLYGON((-70.59430946120784 -33.393355917390146, -70.59412617692516 -33.3934649018283, -70.59393967582493 -33.39324420522907, -70.59412295990028 -33.39313522106963, -70.59430946120784 -33.393355917390146))"
13132011003008_1065,306640,V1313210064,AGUSTIN DEL CASTILLO,CALLE,6,7,"[-70.59403945216701, -33.39351640812481]","POLYGON((-70.59403945216701 -33.39351640812481, -70.59396524438426 -33.3935611961839, -70.5937768926461 -33.39334160811008, -70.5938511003483 -33.39329682016483, -70.59403945216701 -33.39351640812481))"
13132011003008_1065,306640,V1313210064,AGUSTIN DEL CASTILLO,CALLE,7,7,"[-70.59412617692516, -33.3934649018283]","POLYGON((-70.59412617692516 -33.3934649018283, -70.59403945216701 -33.39351640812481, -70.59385309992415 -33.393295622992134, -70.59393982458388 -33.3932441168274, -70.59412617692516 -33.3934649018283))"
13132011003008_1194,306640,V1313210064,AGUSTIN DEL CASTILLO,CALLE,1,7,"[-70.59481282243297, -33.39305508977297]","POLYGON((-70.59481282243297 -33.39305508977297, -70.59463311442897 -33.393162581646564, -70.59444588020578 -33.39294232269974, -70.59462558800975 -33.39283483110036, -70.59481282243297 -33.39305508977297))"
13132011003008_1194,306640,V1313210064,AGUSTIN DEL CASTILLO,CALLE,7,7,"[-70.59463311442897, -33.393162581646564]","POLYGON((-70.59463311442897 -33.393162581646564, -70.59431035527751 -33.39335591739016, -70.59412294184484 -33.393135765435446, -70.59444570063847 -33.392942430184775, -70.59463311442897 -33.393162581646564))"
13132011003008_1207,306640,V1313210064,AGUSTIN DEL CASTILLO,CALLE,5,9,"[-70.59493888625667, -33.39297671019801]","POLYGON((-70.59493888625667 -33.39297671019801, -70.59481282243297 -33.39305508977297, -70.59462078848877 -33.39283775816822, -70.59474685218748 -33.392759378789975, -70.59493888625667 -33.39297671019801))"
13132011003008_1207,306640,V1313210064,AGUSTIN DEL CASTILLO,CALLE,6,9,"[-70.5950166703181, -33.392939386566034]","POLYGON((-70.5950166703181 -33.392939386566034, -70.59493888625667 -33.39297671019801, -70.5947787586655 -33.39274189256224, -70.59485654259461 -33.39270456903352, -70.5950166703181 -33.392939386566034))"
13132011003008_1325,307540,V1313210302,JUAN AGUSTIN ALCALDE,CALLE,3,6,"[-70.59450794467494, -33.39430094228794]","POLYGON((-70.59450794467494 -33.39430094228794, -70.59481371650264 -33.39412925606401, -70.59499310892153 -33.394354061715234, -70.59468733669642 -33.394525748388325, -70.59450794467494 -33.39430094228794))"
13132011003008_1325,307540,V1313210302,JUAN AGUSTIN ALCALDE,CALLE,4,6,"[-70.5944051266627, -33.39435916623472]","POLYGON((-70.5944051266627 -33.39435916623472, -70.59450794467494 -33.39430094228794, -70.59468839154444 -33.394525153580666, -70.59458557340106 -33.394583377679254, -70.5944051266627 -33.39435916623472))"
13132011003008_143,307540,V1313210302,JUAN AGUSTIN ALCALDE,CALLE,3,4,"[-70.59465367803142, -33.394218831527525]","POLYGON((-70.59465367803142 -33.394218831527525, -70.59486289033458 -33.394101636944164, -70.59504199222584 -33.39432660549572, -70.5948327796494 -33.39444380038598, -70.59465367803142 -33.394218831527525))"
13132011003008_157,307540,V1313210302,JUAN AGUSTIN ALCALDE,CALLE,6,9,"[-70.59521157750652, -33.39390382407237]","POLYGON((-70.59521157750652 -33.39390382407237, -70.5957703710513 -33.393588815475475, -70.59595025636894 -33.393813343103545, -70.59539146210429 -33.39412835252331, -70.59521157750652 -33.39390382407237))"
13132011003008_157,307540,V1313210302,JUAN AGUSTIN ALCALDE,CALLE,7,9,"[-70.59502650508449, -33.394009821969085]","POLYGON((-70.59502650508449 -33.394009821969085, -70.59521157750652 -33.39390382407237, -70.59539342864797 -33.394127235090444, -70.59520835599594 -33.39423323326234, -70.59502650508449 -33.394009821969085))"
13132011003008_201,307540,V1313210302,JUAN AGUSTIN ALCALDE,CALLE,4,8,"[-70.59589017638729, -33.393523872802916]","POLYGON((-70.59589017638729 -33.393523872802916, -70.59598137149379 -33.393490281746324, -70.5961110344959 -33.39373797415406, -70.59601983918853 -33.39377156531088, -70.59589017638729 -33.393523872802916))"
13132011003008_201,307540,V1313210302,JUAN AGUSTIN ALCALDE,CALLE,5,8,"[-70.59555847653911, -33.393708250148975]","POLYGON((-70.59555847653911 -33.393708250148975, -70.59589017638729 -33.393523872802916, -70.5960683189689 -33.39374937590892, -70.59573661868026 -33.393933753739226, -70.59555847653911 -33.393708250148975))"
13132011003008_220,307540,V1313210302,JUAN AGUSTIN ALCALDE,CALLE,4,7,"[-70.59521157750652, -33.39390382407237]","POLYGON((-70.59521157750652 -33.39390382407237, -70.5957703710513 -33.393588815475475, -70.59595025636894 -33.393813343103545, -70.59539146210429 -33.39412835252331, -70.59521157750652 -33.39390382407237))"
13132011003008_259,307540,V1313210302,JUAN AGUSTIN ALCALDE,CALLE,2,6,"[-70.59589017638729, -33.393523872802916]","POLYGON((-70.59589017638729 -33.393523872802916, -70.59598137149379 -33.393490281746324, -70.5961110344959 -33.39373797415406, -70.59601983918853 -33.39377156531088, -70.59589017638729 -33.393523872802916))"
13132011003008_259,307540,V1313210302,JUAN AGUSTIN ALCALDE,CALLE,3,6,"[-70.5957703710513, -33.393588815475475]","POLYGON((-70.5957703710513 -33.393588815475475, -70.59589017638729 -33.393523872802916, -70.59606521316505 -33.393751080804364, -70.5959454076617 -33.393816023649116, -70.5957703710513 -33.393588815475475))"
13132011003008_305,307540,V1313210302,JUAN AGUSTIN ALCALDE,CALLE,1,5,"[-70.59555847653911, -33.393708250148975]","POLYGON((-70.59555847653911 -33.393708250148975, -70.5957703710513 -33.393588815475475, -70.59595023858485 -33.393813353128344, -70.59573834379961 -33.39393278811385, -70.59555847653911 -33.393708250148975))"
13132011003008_311,307540,V1313210302,JUAN AGUSTIN ALCALDE,CALLE,7,9,"[-70.59502650508449, -33.394009821969085]","POLYGON((-70.59502650508449 -33.394009821969085, -70.59555847653911 -33.393708250148975, -70.59573905612474 -33.3939323854552, -70.59520708399329 -33.39423395806137, -70.59502650508449 -33.394009821969085))"
13132011003008_311,307540,V1313210302,JUAN AGUSTIN ALCALDE,CALLE,8,9,"[-70.59481371650264, -33.39412925606401]","POLYGON((-70.59481371650264 -33.39412925606401, -70.59502650508449 -33.394009821969085, -70.59520585185555 -33.39423465308913, -70.59499306299693 -33.39435408749656, -70.59481371650264 -33.39412925606401))"
13132011003008_311,307540,V1313210302,JUAN AGUSTIN ALCALDE,CALLE,9,9,"[-70.59465367803142, -33.394218831527525]","POLYGON((-70.59465367803142 -33.394218831527525, -70.59481371650264 -33.39412925606401, -70.59499271698162 -33.394354281436925, -70.59483267830097 -33.39444385713508, -70.59465367803142 -33.394218831527525))"
13132011003008_319,307540,V1313210302,JUAN AGUSTIN ALCALDE,CALLE,7,10,"[-70.59521157750652, -33.39390382407237]","POLYGON((-70.59521157750652 -33.39390382407237, -70.5957703710513 -33.393588815475475, -70.59595025636894 -33.393813343103545, -70.59539146210429 -33.39412835252331, -70.59521157750652 -33.39390382407237))"
13132011003008_319,307540,V1313210302,JUAN AGUSTIN ALCALDE,CALLE,8,10,"[-70.59486289033458, -33.394101636944164]","POLYGON((-70.59486289033458 -33.394101636944164, -70.59521157750652 -33.39390382407237, -70.59539224773673 -33.394127908234886, -70.59504356012187 -33.39432572162214, -70.59486289033458 -33.394101636944164))"
13132011003008_332,305989,V1313210035,FRANCISCO DE AGUIRRE,AVENIDA,3,7,"[-70.59392590531871, -33.39386127558449]","POLYGON((-70.59392590531871 -33.39386127558449, -70.59404571065471 -33.39403146941098, -70.59376801040148 -33.394169017110556, -70.59364820539557 -33.39399882300901, -70.59392590531871 -33.39386127558449))"
13132011003008_354,307540,V1313210302,JUAN AGUSTIN ALCALDE,CALLE,1,5,"[-70.59521157750652, -33.39390382407237]","POLYGON((-70.59521157750652 -33.39390382407237, -70.59555847653911 -33.393708250148975, -70.5957383724456 -33.39393277196563, -70.5953914729662 -33.394128346399896, -70.59521157750652 -33.39390382407237))"
13132011003008_376,307540,V1313210302,JUAN AGUSTIN ALCALDE,CALLE,4,8,"[-70.59502650508449, -33.394009821969085]","POLYGON((-70.59502650508449 -33.394009821969085, -70.59555847653911 -33.393708250148975, -70.59573905612474 -33.3939323854552, -70.59520708399329 -33.39423395806137, -70.59502650508449 -33.394009821969085))"
13132011003008_376,307540,V1313210302,JUAN AGUSTIN ALCALDE,CALLE,5,8,"[-70.59486289033458, -33.394101636944164]","POLYGON((-70.59486289033458 -33.394101636944164, -70.59502650508449 -33.394009821969085, -70.59520582640566 -33.39423466737224, -70.59504221144284 -33.394326482587566, -70.59486289033458 -33.394101636944164))"
13132011003008_41,305989,V1313210035,FRANCISCO DE AGUIRRE,AVENIDA,3,5,"[-70.59404571065471, -33.39403221587441]","POLYGON((-70.59404571065471 -33.39403221587441, -70.59418071517516 -33.394231521377385, -70.59390031769905 -33.39436516429097, -70.59376531358647 -33.394165858474054, -70.59404571065471 -33.39403221587441))"
13132011003008_520,305989,V1313210035,FRANCISCO DE AGUIRRE,AVENIDA,3,5,"[-70.59404571065471, -33.39403221587441]","POLYGON((-70.59404571065471 -33.39403221587441, -70.59418071517516 -33.394231521377385, -70.59390031769905 -33.39436516429097, -70.59376531358647 -33.394165858474054, -70.59404571065471 -33.39403221587441))"
13132011003008_584,305989,V1313210035,FRANCISCO DE AGUIRRE,AVENIDA,3,7,"[-70.59392590531871, -33.39386127558449]","POLYGON((-70.59392590531871 -33.39386127558449, -70.59404571065471 -33.39403146941098, -70.59376801040148 -33.394169017110556, -70.59364820539557 -33.39399882300901, -70.59392590531871 -33.39386127558449))"
13132011003008_61,306640,V1313210064,AGUSTIN DEL CASTILLO,CALLE,4,6,"[-70.59481282243297, -33.39305508977297]","POLYGON((-70.59481282243297 -33.39305508977297, -70.59463311442897 -33.393162581646564, -70.59444588020578 -33.39294232269974, -70.59462558800975 -33.39283483110036, -70.59481282243297 -33.39305508977297))"
13132011003008_614,306271,V1313210049,NUEVA COSTANERA,AVENIDA,4,4,"[-70.59692908534572, -33.39305061094202]","POLYGON((-70.59692908534572 -33.39305061094202, -70.59690226325559 -33.39287145751474, -70.5972222438021 -33.39283774799938, -70.59724906653284 -33.39301690133919, -70.59692908534572 -33.39305061094202))"
13132011003008_694,306640,V1313210064,AGUSTIN DEL CASTILLO,CALLE,1,10,"[-70.59481282243297, -33.39305508977297]","POLYGON((-70.59481282243297 -33.39305508977297, -70.594458770843 -33.39326634103731, -70.59427184389547 -33.39304589837362, -70.59462589508867 -33.39283464764875, -70.59481282243297 -33.39305508977297))"
13132011003008_694,306640,V1313210064,AGUSTIN DEL CASTILLO,CALLE,2,10,"[-70.59493888625667, -33.39297671019801]","POLYGON((-70.59493888625667 -33.39297671019801, -70.59481282243297 -33.39305508977297, -70.59462078848877 -33.39283775816822, -70.59474685218748 -33.392759378789975, -70.59493888625667 -33.39297671019801))"
13132011003008_694,306640,V1313210064,AGUSTIN DEL CASTILLO,CALLE,3,10,"[-70.59519548425243, -33.392848316836755]","POLYGON((-70.59519548425243 -33.392848316836755, -70.59493888625667 -33.39297671019801, -70.59477367799758 -33.392744382321965, -70.59503027558216 -33.39261598931094, -70.59519548425243 -33.392848316836755))"
13132011003008_708,306640,V1313210064,AGUSTIN DEL CASTILLO,CALLE,2,7,"[-70.59493888625667, -33.39297671019801]","POLYGON((-70.59493888625667 -33.39297671019801, -70.59481282243297 -33.39305508977297, -70.59462078848877 -33.39283775816822, -70.59474685218748 -33.392759378789975, -70.59493888625667 -33.39297671019801))"
13132011003008_708,306640,V1313210064,AGUSTIN DEL CASTILLO,CALLE,3,7,"[-70.59519548425243, -33.392848316836755]","POLYGON((-70.59519548425243 -33.392848316836755, -70.59493888625667 -33.39297671019801, -70.59477367799758 -33.392744382321965, -70.59503027558216 -33.39261598931094, -70.59519548425243 -33.392848316836755))"
13132011003008_721,306640,V1313210064,AGUSTIN DEL CASTILLO,CALLE,1,9,"[-70.59493888625667, -33.39297671019801]","POLYGON((-70.59493888625667 -33.39297671019801, -70.59481282243297 -33.39305508977297, -70.59462078848877 -33.39283775816822, -70.59474685218748 -33.392759378789975, -70.59493888625667 -33.39297671019801))"
13132011003008_721,306640,V1313210064,AGUSTIN DEL CASTILLO,CALLE,2,9,"[-70.59519548425243, -33.392848316836755]","POLYGON((-70.59519548425243 -33.392848316836755, -70.59493888625667 -33.39297671019801, -70.59477367799758 -33.392744382321965, -70.59503027558216 -33.39261598931094, -70.59519548425243 -33.392848316836755))"
13132011003008_867,306640,V1313210064,AGUSTIN DEL CASTILLO,CALLE,1,10,"[-70.59481282243297, -33.39305508977297]","POLYGON((-70.59481282243297 -33.39305508977297, -70.594458770843 -33.39326634103731, -70.59427184389547 -33.39304589837362, -70.59462589508867 -33.39283464764875, -70.59481282243297 -33.39305508977297))"
13132011003008_867,306640,V1313210064,AGUSTIN DEL CASTILLO,CALLE,2,10,"[-70.59493888625667, -33.39297671019801]","POLYGON((-70.59493888625667 -33.39297671019801, -70.59481282243297 -33.39305508977297, -70.59462078848877 -33.39283775816822, -70.59474685218748 -33.392759378789975, -70.59493888625667 -33.39297671019801))"
13132011003008_867,306640,V1313210064,AGUSTIN DEL CASTILLO,CALLE,3,10,"[-70.5950166703181, -33.392939386566034]","POLYGON((-70.5950166703181 -33.392939386566034, -70.59493888625667 -33.39297671019801, -70.5947787586655 -33.39274189256224, -70.59485654259461 -33.39270456903352, -70.5950166703181 -33.392939386566034))"
13132011003008_90,307540,V1313210302,JUAN AGUSTIN ALCALDE,CALLE,6,7,"[-70.59486289033458, -33.394101636944164]","POLYGON((-70.59486289033458 -33.394101636944164, -70.59521157750652 -33.39390382407237, -70.59539224773673 -33.394127908234886, -70.59504356012187 -33.39432572162214, -70.59486289033458 -33.394101636944164))"
13132011003008_90,307540,V1313210302,JUAN AGUSTIN ALCALDE,CALLE,7,7,"[-70.59465367803142, -33.394218831527525]","POLYGON((-70.59465367803142 -33.394218831527525, -70.59486289033458 -33.394101636944164, -70.59504199222584 -33.39432660549572, -70.5948327796494 -33.39444380038598, -70.59465367803142 -33.394218831527525))"
13132011003008_926,306640,V1313210064,AGUSTIN DEL CASTILLO,CALLE,1,6,"[-70.59493888625667, -33.39297671019801]","POLYGON((-70.59493888625667 -33.39297671019801, -70.59481282243297 -33.39305508977297, -70.59462078848877 -33.39283775816822, -70.59474685218748 -33.392759378789975, -70.59493888625667 -33.39297671019801))"
13132011003008_926,306640,V1313210064,AGUSTIN DEL CASTILLO,CALLE,2,6,"[-70.59519548425243, -33.392848316836755]","POLYGON((-70.59519548425243 -33.392848316836755, -70.59493888625667 -33.39297671019801, -70.59477367799758 -33.392744382321965, -70.59503027558216 -33.39261598931094, -70.59519548425243 -33.392848316836755))"
13132011003008_936,306640,V1313210064,AGUSTIN DEL CASTILLO,CALLE,6,6,"[-70.59481282243297, -33.39305508977297]","POLYGON((-70.59481282243297 -33.39305508977297, -70.594458770843 -33.39326634103731, -70.59427184389547 -33.39304589837362, -70.59462589508867 -33.39283464764875, -70.59481282243297 -33.39305508977297))"
13132011003008_970,306640,V1313210064,AGUSTIN DEL CASTILLO,CALLE,4,4,"[-70.59463311442897, -33.393162581646564]","POLYGON((-70.59463311442897 -33.393162581646564, -70.59431035527751 -33.39335591739016, -70.59412294184484 -33.393135765435446, -70.59444570063847 -33.392942430184775, -70.59463311442897 -33.393162581646564))"
13132011003008_995,306640,V1313210064,AGUSTIN DEL CASTILLO,CALLE,4,10,"[-70.59463311442897, -33.393162581646564]","POLYGON((-70.59463311442897 -33.393162581646564, -70.59431035527751 -33.39335591739016, -70.59412294184484 -33.393135765435446, -70.59444570063847 -33.392942430184775, -70.59463311442897 -33.393162581646564))"
13132011003008_995,306640,V1313210064,AGUSTIN DEL CASTILLO,CALLE,5,10,"[-70.59493888625667, -33.39297671019801]","POLYGON((-70.59493888625667 -33.39297671019801, -70.59463311442897 -33.393162581646564, -70.59444387809187 -33.39294352996569, -70.59474964959452 -33.392757658988145, -70.59493888625667 -33.39297671019801))"
13132011003008_995,306640,V1313210064,AGUSTIN DEL CASTILLO,CALLE,6,10,"[-70.59519548425243, -33.392848316836755]","POLYGON((-70.59519548425243 -33.392848316836755, -70.59493888625667 -33.39297671019801, -70.59477367799758 -33.392744382321965, -70.59503027558216 -33.39261598931094, -70.59519548425243 -33.392848316836755))"
13132011003011_313,307465,V1313210289,ISABEL MONTT,CALLE,1,6,"[-70.5965392709689, -33.394629384553966]","POLYGON((-70.5965392709689 -33.394629384553966, -70.59674580106304 -33.39460027267599, -70.59679924579311 -33.39486705274576, -70.59659271509298 -33.39489616472976, -70.5965392709689 -33.394629384553966))"
13132011003011_354,306254,V1313210049,NUEVA COSTANERA,AVENIDA,1,6,"[-70.59714008578823, -33.394545781185826]","POLYGON((-70.59714008578823 -33.394545781185826, -70.59708822974727 -33.394168818571785, -70.59740860275724 -33.394137808365855, -70.59746046015225 -33.394514770807156, -70.59714008578823 -33.394545781185826))"
13132011003011_354,307465,V1313210289,ISABEL MONTT,CALLE,2,6,"[-70.5965392709689, -33.394629384553966]","POLYGON((-70.5965392709689 -33.394629384553966, -70.59714008578823 -33.394545781185826, -70.59719286435933 -33.39481265451538, -70.5965920477749 -33.39489625818882, -70.5965392709689 -33.394629384553966))"
13132011003012_4,307465,V1313210289,ISABEL MONTT,CALLE,1,5,"[-70.59715439090297, -33.394654017673886]","POLYGON((-70.59715439090297 -33.394654017673886, -70.59676189431713 -33.394709255553785, -70.59670853276329 -33.39444246377261, -70.5971010281973 -33.394387226093954, -70.59715439090297 -33.394654017673886))"
13132011003012_4,306250,V1313210049,NUEVA COSTANERA,AVENIDA,2,5,"[-70.59721161136196, -33.39507501900764]","POLYGON((-70.59721161136196 -33.39507501900764, -70.59715439090297 -33.394654017673886, -70.59747481584625 -33.394623374288045, -70.59753203781841 -33.39504437543062, -70.59721161136196 -33.39507501900764))"
13132011003013_1016,308056,V1313210405,MIGUEL GALLO,CALLE,2,6,"[-70.59586961278484, -33.395566184652836]","POLYGON((-70.59586961278484 -33.395566184652836, -70.59596885451839 -33.395843863698126, -70.59565993228738 -33.39592154678002, -70.59556069142758 -33.39564386746432, -70.59586961278484 -33.395566184652836))"
13132011003013_1016,308056,V1313210405,MIGUEL GALLO,CALLE,3,6,"[-70.59582133302257, -33.395429584151735]","POLYGON((-70.59582133302257 -33.395429584151735, -70.59586961278484 -33.395566184652836, -70.5955604105137 -33.3956430770766, -70.59551213118272 -33.39550647644364, -70.59582133302257 -33.395429584151735))"
13132011003013_1081,307462,V1313210288,ISABEL DE ZARATE,CALLE,2,4,"[-70.59645254621074, -33.39543033060313]","POLYGON((-70.59645254621074 -33.39543033060313, -70.5963559866862 -33.395149664421346, -70.59666584457749 -33.3950746572732, -70.59676240499518 -33.39535532318988, -70.59645254621074 -33.39543033060313))"
13132011003013_1081,308056,V1313210405,MIGUEL GALLO,CALLE,4,4,"[-70.59577126512096, -33.395288504720305]","POLYGON((-70.59577126512096 -33.395288504720305, -70.59586961278484 -33.395566184652836, -70.5955604628101 -33.39564322488823, -70.59546211602239 -33.39536554468724, -70.59577126512096 -33.395288504720305))"
13132011003013_1090,307467,V1313210289,ISABEL MONTT,CALLE,1,7,"[-70.59623618135022, -33.39481002727122]","POLYGON((-70.59623618135022 -33.39481002727122, -70.59621829995677 -33.39480778790099, -70.59626592106055 -33.39454023274663, -70.59628380239981 -33.394542472111674, -70.59623618135022 -33.39481002727122))"
13132011003013_1090,307465,V1313210289,ISABEL MONTT,CALLE,2,7,"[-70.5962647915797, -33.39482868868756]","POLYGON((-70.5962647915797 -33.39482868868756, -70.59623618135022 -33.39481002727122, -70.59643414896057 -33.39459647238624, -70.59646275915851 -33.39461513375836, -70.5962647915797 -33.39482868868756))"
13132011003013_1090,307462,V1313210288,ISABEL DE ZARATE,CALLE,3,7,"[-70.59630860099361, -33.39500858453553]","POLYGON((-70.59630860099361 -33.39500858453553, -70.5962647915797 -33.39482868868756, -70.59658076771096 -33.39477454593656, -70.5966245777396 -33.394954441655884, -70.59630860099361 -33.39500858453553))"
13132011003013_1090,307467,V1313210289,ISABEL MONTT,CALLE,7,7,"[-70.59621829995677, -33.39480778790099]","POLYGON((-70.59621829995677 -33.39480778790099, -70.59585709580944 -33.39488467291253, -70.59577777318209 -33.39462246269312, -70.59613897633358 -33.39454557793963, -70.59621829995677 -33.39480778790099))"
13132011003013_114,308152,V1313210427,OBISPO SIERRA,CALLE,2,10,"[-70.59613068112895, -33.396134231428256]","POLYGON((-70.59613068112895 -33.396134231428256, -70.59638102063701 -33.396091684032335, -70.59644506584849 -33.39635681676523, -70.59619472562198 -33.39639936431033, -70.59613068112895 -33.396134231428256))"
13132011003013_114,308150,V1313210427,OBISPO SIERRA,CALLE,3,10,"[-70.59606362590358, -33.396117063183276]","POLYGON((-70.59606362590358 -33.396117063183276, -70.59613068112895 -33.396134231428256, -70.59603652969587 -33.39639296752872, -70.59596947428592 -33.39637579923889, -70.59606362590358 -33.396117063183276))"
13132011003013_114,308056,V1313210405,MIGUEL GALLO,CALLE,4,10,"[-70.59591968068645, -33.39570651718445]","POLYGON((-70.59591968068645 -33.39570651718445, -70.59606362590358 -33.396117063183276, -70.59575422300671 -33.39619339116575, -70.59561027908892 -33.3957828447732, -70.59591968068645 -33.39570651718445))"
13132011003013_114,308056,V1313210405,MIGUEL GALLO,CALLE,5,10,"[-70.59582133302257, -33.395429584151735]","POLYGON((-70.59582133302257 -33.395429584151735, -70.59591968068645 -33.39570651718445, -70.59561059787013 -33.39578374816801, -70.59551225107934 -33.395506814866984, -70.59582133302257 -33.395429584151735))"
13132011003013_114,308056,V1313210405,MIGUEL GALLO,CALLE,6,10,"[-70.59572298535869, -33.39515041087515]","POLYGON((-70.59572298535869 -33.39515041087515, -70.59582133302257 -33.395429584151735, -70.59551204971977 -33.395506245576584, -70.5954137029382 -33.39522707203124, -70.59572298535869 -33.39515041087515))"
13132011003013_115,308056,V1313210405,MIGUEL GALLO,CALLE,1,6,"[-70.59582133302257, -33.395429584151735]","POLYGON((-70.59582133302257 -33.395429584151735, -70.59591968068645 -33.39570651718445, -70.59561059787013 -33.39578374816801, -70.59551225107934 -33.395506814866984, -70.59582133302257 -33.395429584151735))"
13132011003013_115,308056,V1313210405,MIGUEL GALLO,CALLE,2,6,"[-70.59572298535869, -33.39515041087515]","POLYGON((-70.59572298535869 -33.39515041087515, -70.59582133302257 -33.395429584151735, -70.59551204971977 -33.395506245576584, -70.5954137029382 -33.39522707203124, -70.59572298535869 -33.39515041087515))"
13132011003013_134,308056,V1313210405,MIGUEL GALLO,CALLE,2,8,"[-70.59586961278484, -33.395566184652836]","POLYGON((-70.59586961278484 -33.395566184652836, -70.59596885451839 -33.395843863698126, -70.59565993228738 -33.39592154678002, -70.59556069142758 -33.39564386746432, -70.59586961278484 -33.395566184652836))"
13132011003013_134,308056,V1313210405,MIGUEL GALLO,CALLE,3,8,"[-70.59577126512096, -33.395288504720305]","POLYGON((-70.59577126512096 -33.395288504720305, -70.59586961278484 -33.395566184652836, -70.5955604628101 -33.39564322488823, -70.59546211602239 -33.39536554468724, -70.59577126512096 -33.395288504720305))"
13132011003013_134,308056,V1313210405,MIGUEL GALLO,CALLE,4,8,"[-70.59572298535869, -33.39515041087515]","POLYGON((-70.59572298535869 -33.39515041087515, -70.59577126512096 -33.395288504720305, -70.59546179487009 -33.39536463204007, -70.59541351554523 -33.39522653806277, -70.59572298535869 -33.39515041087515))"
13132011003013_150,308056,V1313210405,MIGUEL GALLO,CALLE,1,6,"[-70.59577126512096, -33.395288504720305]","POLYGON((-70.59577126512096 -33.395288504720305, -70.59582133302257 -33.395429584151735, -70.5955122341937 -33.395506767302834, -70.59546216673697 -33.39536568773478, -70.59577126512096 -33.395288504720305))"
13132011003013_150,308056,V1313210405,MIGUEL GALLO,CALLE,6,6,"[-70.59582133302257, -33.395429584151735]","POLYGON((-70.59582133302257 -33.395429584151735, -70.59591968068645 -33.39570651718445, -70.59561059787013 -33.39578374816801, -70.59551225107934 -33.395506814866984, -70.59582133302257 -33.395429584151735))"
13132011003013_16,308152,V1313210427,OBISPO SIERRA,CALLE,2,7,"[-70.59613068112895, -33.396134231428256]","POLYGON((-70.59613068112895 -33.396134231428256, -70.59638102063701 -33.396091684032335, -70.59644506584849 -33.39635681676523, -70.59619472562198 -33.39639936431033, -70.59613068112895 -33.396134231428256))"
13132011003013_16,308150,V1313210427,OBISPO SIERRA,CALLE,3,7,"[-70.59606362590358, -33.396117063183276]","POLYGON((-70.59606362590358 -33.396117063183276, -70.59613068112895 -33.396134231428256, -70.59603652969587 -33.39639296752872, -70.59596947428592 -33.39637579923889, -70.59606362590358 -33.396117063183276))"
13132011003013_16,308056,V1313210405,MIGUEL GALLO,CALLE,4,7,"[-70.59591968068645, -33.39570651718445]","POLYGON((-70.59591968068645 -33.39570651718445, -70.59606362590358 -33.396117063183276, -70.59575422300671 -33.39619339116575, -70.59561027908892 -33.3957828447732, -70.59591968068645 -33.39570651718445))"
13132011003013_201,308056,V1313210405,MIGUEL GALLO,CALLE,1,6,"[-70.59582133302257, -33.395429584151735]","POLYGON((-70.59582133302257 -33.395429584151735, -70.59591968068645 -33.39570651718445, -70.59561059787013 -33.39578374816801, -70.59551225107934 -33.395506814866984, -70.59582133302257 -33.395429584151735))"
13132011003013_201,308056,V1313210405,MIGUEL GALLO,CALLE,2,6,"[-70.59577126512096, -33.395288504720305]","POLYGON((-70.59577126512096 -33.395288504720305, -70.59582133302257 -33.395429584151735, -70.5955122341937 -33.395506767302834, -70.59546216673697 -33.39536568773478, -70.59577126512096 -33.395288504720305))"
13132011003013_201,307462,V1313210288,ISABEL DE ZARATE,CALLE,4,6,"[-70.59645254621074, -33.39543033060313]","POLYGON((-70.59645254621074 -33.39543033060313, -70.5963559866862 -33.395149664421346, -70.59666584457749 -33.3950746572732, -70.59676240499518 -33.39535532318988, -70.59645254621074 -33.39543033060313))"
13132011003013_201,307462,V1313210288,ISABEL DE ZARATE,CALLE,5,6,"[-70.59649993190334, -33.395565438202595]","POLYGON((-70.59649993190334 -33.395565438202595, -70.59645254621074 -33.39543033060313, -70.59676193854533 -33.39535398043432, -70.59680932466547 -33.39548908790416, -70.59649993190334 -33.395565438202595))"
13132011003013_26,308152,V1313210427,OBISPO SIERRA,CALLE,2,8,"[-70.59613068112895, -33.396134231428256]","POLYGON((-70.59613068112895 -33.396134231428256, -70.59638102063701 -33.396091684032335, -70.59644506584849 -33.39635681676523, -70.59619472562198 -33.39639936431033, -70.59613068112895 -33.396134231428256))"
13132011003013_26,308150,V1313210427,OBISPO SIERRA,CALLE,3,8,"[-70.59606362590358, -33.396117063183276]","POLYGON((-70.59606362590358 -33.396117063183276, -70.59613068112895 -33.396134231428256, -70.59603652969587 -33.39639296752872, -70.59596947428592 -33.39637579923889, -70.59606362590358 -33.396117063183276))"
13132011003013_26,308056,V1313210405,MIGUEL GALLO,CALLE,4,8,"[-70.59591968068645, -33.39570651718445]","POLYGON((-70.59591968068645 -33.39570651718445, -70.59606362590358 -33.396117063183276, -70.59575422300671 -33.39619339116575, -70.59561027908892 -33.3957828447732, -70.59591968068645 -33.39570651718445))"
13132011003013_26,308056,V1313210405,MIGUEL GALLO,CALLE,5,8,"[-70.59582133302257, -33.395429584151735]","POLYGON((-70.59582133302257 -33.395429584151735, -70.59591968068645 -33.39570651718445, -70.59561059787013 -33.39578374816801, -70.59551225107934 -33.395506814866984, -70.59582133302257 -33.395429584151735))"
13132011003013_277,307462,V1313210288,ISABEL DE ZARATE,CALLE,4,7,"[-70.59640426644847, -33.39528999762555]","POLYGON((-70.59640426644847 -33.39528999762555, -70.59630860099361 -33.39500858453553, -70.59661874025953 -33.39493440158459, -70.59671440661295 -33.39521581441132, -70.59640426644847 -33.39528999762555))"
13132011003013_277,307462,V1313210288,ISABEL DE ZARATE,CALLE,5,7,"[-70.59649993190334, -33.395565438202595]","POLYGON((-70.59649993190334 -33.395565438202595, -70.59640426644847 -33.39528999762555, -70.59671389685728 -33.39521433097999, -70.59680956318628 -33.39548977129486, -70.59649993190334 -33.395565438202595))"
13132011003013_29,308152,V1313210427,OBISPO SIERRA,CALLE,2,10,"[-70.59613068112895, -33.396134231428256]","POLYGON((-70.59613068112895 -33.396134231428256, -70.59638102063701 -33.396091684032335, -70.59644506584849 -33.39635681676523, -70.59619472562198 -33.39639936431033, -70.59613068112895 -33.396134231428256))"
13132011003013_29,308150,V1313210427,OBISPO SIERRA,CALLE,3,10,"[-70.59606362590358, -33.396117063183276]","POLYGON((-70.59606362590358 -33.396117063183276, -70.59613068112895 -33.396134231428256, -70.59603652969587 -33.39639296752872, -70.59596947428592 -33.39637579923889, -70.59606362590358 -33.396117063183276))"
13132011003013_29,308056,V1313210405,MIGUEL GALLO,CALLE,4,10,"[-70.59591968068645, -33.39570651718445]","POLYGON((-70.59591968068645 -33.39570651718445, -70.59606362590358 -33.396117063183276, -70.59575422300671 -33.39619339116575, -70.59561027908892 -33.3957828447732, -70.59591968068645 -33.39570651718445))"
13132011003013_29,308056,V1313210405,MIGUEL GALLO,CALLE,5,10,"[-70.59582133302257, -33.395429584151735]","POLYGON((-70.59582133302257 -33.395429584151735, -70.59591968068645 -33.39570651718445, -70.59561059787013 -33.39578374816801, -70.59551225107934 -33.395506814866984, -70.59582133302257 -33.395429584151735))"
13132011003013_29,308056,V1313210405,MIGUEL GALLO,CALLE,6,10,"[-70.59577126512096, -33.395288504720305]","POLYGON((-70.59577126512096 -33.395288504720305, -70.59582133302257 -33.395429584151735, -70.5955122341937 -33.395506767302834, -70.59546216673697 -33.39536568773478, -70.59577126512096 -33.395288504720305))"
13132011003013_306,308056,V1313210405,MIGUEL GALLO,CALLE,1,6,"[-70.59572298535869, -33.39515041087515]","POLYGON((-70.59572298535869 -33.39515041087515, -70.59577126512096 -33.395288504720305, -70.59546179487009 -33.39536463204007, -70.59541351554523 -33.39522653806277, -70.59572298535869 -33.39515041087515))"
13132011003013_306,308056,V1313210405,MIGUEL GALLO,CALLE,6,6,"[-70.59577126512096, -33.395288504720305]","POLYGON((-70.59577126512096 -33.395288504720305, -70.59586961278484 -33.395566184652836, -70.5955604628101 -33.39564322488823, -70.59546211602239 -33.39536554468724, -70.59577126512096 -33.395288504720305))"
13132011003013_326,307462,V1313210288,ISABEL DE ZARATE,CALLE,5,8,"[-70.59645254621074, -33.39543033060313]","POLYGON((-70.59645254621074 -33.39543033060313, -70.5963559866862 -33.395149664421346, -70.59666584457749 -33.3950746572732, -70.59676240499518 -33.39535532318988, -70.59645254621074 -33.39543033060313))"
13132011003013_326,307462,V1313210288,ISABEL DE ZARATE,CALLE,6,8,"[-70.59649993190334, -33.395565438202595]","POLYGON((-70.59649993190334 -33.395565438202595, -70.59645254621074 -33.39543033060313, -70.59676193854533 -33.39535398043432, -70.59680932466547 -33.39548908790416, -70.59649993190334 -33.395565438202595))"
13132011003013_326,307462,V1313210288,ISABEL DE ZARATE,CALLE,7,8,"[-70.59657503375576, -33.39587297515956]","POLYGON((-70.59657503375576 -33.39587297515956, -70.59649993190334 -33.395565438202595, -70.59681587553634 -33.39551115136645, -70.59689097843926 -33.395818688103006, -70.59657503375576 -33.39587297515956))"
13132011003013_357,307462,V1313210288,ISABEL DE ZARATE,CALLE,3,6,"[-70.59649993190334, -33.395565438202595]","POLYGON((-70.59649993190334 -33.395565438202595, -70.59640426644847 -33.39528999762555, -70.59671389685728 -33.39521433097999, -70.59680956318628 -33.39548977129486, -70.59649993190334 -33.395565438202595))"
13132011003013_357,307462,V1313210288,ISABEL DE ZARATE,CALLE,4,6,"[-70.5965356946902, -33.3957132352255]","POLYGON((-70.5965356946902 -33.3957132352255, -70.59649993190334 -33.395565438202595, -70.59681599133248 -33.395511627715436, -70.59685175462485 -33.39565942463318, -70.5965356946902 -33.3957132352255))"
13132011003013_372,307462,V1313210288,ISABEL DE ZARATE,CALLE,2,5,"[-70.59649993190334, -33.395565438202595]","POLYGON((-70.59649993190334 -33.395565438202595, -70.59645254621074 -33.39543033060313, -70.59676193854533 -33.39535398043432, -70.59680932466547 -33.39548908790416, -70.59649993190334 -33.395565438202595))"
13132011003013_372,307462,V1313210288,ISABEL DE ZARATE,CALLE,3,5,"[-70.5965356946902, -33.3957132352255]","POLYGON((-70.5965356946902 -33.3957132352255, -70.59649993190334 -33.395565438202595, -70.59681599133248 -33.395511627715436, -70.59685175462485 -33.39565942463318, -70.5965356946902 -33.3957132352255))"
13132011003013_372,308056,V1313210405,MIGUEL GALLO,CALLE,5,5,"[-70.59586961278484, -33.395566184652836]","POLYGON((-70.59586961278484 -33.395566184652836, -70.59596885451839 -33.395843863698126, -70.59565993228738 -33.39592154678002, -70.59556069142758 -33.39564386746432, -70.59586961278484 -33.395566184652836))"
13132011003013_395,307462,V1313210288,ISABEL DE ZARATE,CALLE,3,6,"[-70.59640426644847, -33.39528999762555]","POLYGON((-70.59640426644847 -33.39528999762555, -70.59630860099361 -33.39500858453553, -70.59661874025953 -33.39493440158459, -70.59671440661295 -33.39521581441132, -70.59640426644847 -33.39528999762555))"
13132011003013_395,307462,V1313210288,ISABEL DE ZARATE,CALLE,4,6,"[-70.59645254621074, -33.39543033060313]","POLYGON((-70.59645254621074 -33.39543033060313, -70.59640426644847 -33.39528999762555, -70.59671412480981 -33.39521499041309, -70.59676240501865 -33.39535532325811, -70.59645254621074 -33.39543033060313))"
13132011003013_446,307462,V1313210288,ISABEL DE ZARATE,CALLE,3,5,"[-70.59640426644847, -33.39528999762555]","POLYGON((-70.59640426644847 -33.39528999762555, -70.59630860099361 -33.39500858453553, -70.59661874025953 -33.39493440158459, -70.59671440661295 -33.39521581441132, -70.59640426644847 -33.39528999762555))"
13132011003013_446,308056,V1313210405,MIGUEL GALLO,CALLE,5,5,"[-70.59572298535869, -33.39515041087515]","POLYGON((-70.59572298535869 -33.39515041087515, -70.59582133302257 -33.395429584151735, -70.59551204971977 -33.395506245576584, -70.5954137029382 -33.39522707203124, -70.59572298535869 -33.39515041087515))"
13132011003013_459,307462,V1313210288,ISABEL DE ZARATE,CALLE,2,6,"[-70.59649993190334, -33.395565438202595]","POLYGON((-70.59649993190334 -33.395565438202595, -70.59640426644847 -33.39528999762555, -70.59671389685728 -33.39521433097999, -70.59680956318628 -33.39548977129486, -70.59649993190334 -33.395565438202595))"
13132011003013_459,307462,V1313210288,ISABEL DE ZARATE,CALLE,3,6,"[-70.5965356946902, -33.3957132352255]","POLYGON((-70.5965356946902 -33.3957132352255, -70.59649993190334 -33.395565438202595, -70.59681599133248 -33.395511627715436, -70.59685175462485 -33.39565942463318, -70.5965356946902 -33.3957132352255))"
13132011003013_459,308056,V1313210405,MIGUEL GALLO,CALLE,5,6,"[-70.59591968068645, -33.39570651718445]","POLYGON((-70.59591968068645 -33.39570651718445, -70.59596885451839 -33.395843863698126, -70.59565997719365 -33.39592167231827, -70.59561080379365 -33.395784325670654, -70.59591968068645 -33.39570651718445))"
13132011003013_459,308056,V1313210405,MIGUEL GALLO,CALLE,6,6,"[-70.59582133302257, -33.395429584151735]","POLYGON((-70.59582133302257 -33.395429584151735, -70.59591968068645 -33.39570651718445, -70.59561059787013 -33.39578374816801, -70.59551225107934 -33.395506814866984, -70.59582133302257 -33.395429584151735))"
13132011003013_569,308056,V1313210405,MIGUEL GALLO,CALLE,1,7,"[-70.59577126512096, -33.395288504720305]","POLYGON((-70.59577126512096 -33.395288504720305, -70.59586961278484 -33.395566184652836, -70.5955604628101 -33.39564322488823, -70.59546211602239 -33.39536554468724, -70.59577126512096 -33.395288504720305))"
13132011003013_569,308056,V1313210405,MIGUEL GALLO,CALLE,2,7,"[-70.59572298535869, -33.39515041087515]","POLYGON((-70.59572298535869 -33.39515041087515, -70.59577126512096 -33.395288504720305, -70.59546179487009 -33.39536463204007, -70.59541351554523 -33.39522653806277, -70.59572298535869 -33.39515041087515))"
13132011003013_569,307462,V1313210288,ISABEL DE ZARATE,CALLE,5,7,"[-70.59640426644847, -33.39528999762555]","POLYGON((-70.59640426644847 -33.39528999762555, -70.59630860099361 -33.39500858453553, -70.59661874025953 -33.39493440158459, -70.59671440661295 -33.39521581441132, -70.59640426644847 -33.39528999762555))"
13132011003013_569,307462,V1313210288,ISABEL DE ZARATE,CALLE,6,7,"[-70.59645254621074, -33.39543033060313]","POLYGON((-70.59645254621074 -33.39543033060313, -70.59640426644847 -33.39528999762555, -70.59671412480981 -33.39521499041309, -70.59676240501865 -33.39535532325811, -70.59645254621074 -33.39543033060313))"
13132011003013_574,307462,V1313210288,ISABEL DE ZARATE,CALLE,4,8,"[-70.59645254621074, -33.39543033060313]","POLYGON((-70.59645254621074 -33.39543033060313, -70.5963559866862 -33.395149664421346, -70.59666584457749 -33.3950746572732, -70.59676240499518 -33.39535532318988, -70.59645254621074 -33.39543033060313))"
13132011003013_574,307462,V1313210288,ISABEL DE ZARATE,CALLE,5,8,"[-70.59649993190334, -33.395565438202595]","POLYGON((-70.59649993190334 -33.395565438202595, -70.59645254621074 -33.39543033060313, -70.59676193854533 -33.39535398043432, -70.59680932466547 -33.39548908790416, -70.59649993190334 -33.395565438202595))"
13132011003013_574,307462,V1313210288,ISABEL DE ZARATE,CALLE,6,8,"[-70.5965356946902, -33.3957132352255]","POLYGON((-70.5965356946902 -33.3957132352255, -70.59649993190334 -33.395565438202595, -70.59681599133248 -33.395511627715436, -70.59685175462485 -33.39565942463318, -70.5965356946902 -33.3957132352255))"
13132011003013_62,307462,V1313210288,ISABEL DE ZARATE,CALLE,2,4,"[-70.59649993190334, -33.395565438202595]","POLYGON((-70.59649993190334 -33.395565438202595, -70.59640426644847 -33.39528999762555, -70.59671389685728 -33.39521433097999, -70.59680956318628 -33.39548977129486, -70.59649993190334 -33.395565438202595))"
13132011003013_62,308056,V1313210405,MIGUEL GALLO,CALLE,4,4,"[-70.59582133302257, -33.395429584151735]","POLYGON((-70.59582133302257 -33.395429584151735, -70.59591968068645 -33.39570651718445, -70.59561059787013 -33.39578374816801, -70.59551225107934 -33.395506814866984, -70.59582133302257 -33.395429584151735))"
13132011003013_621,308152,V1313210427,OBISPO SIERRA,CALLE,1,12,"[-70.59613068112895, -33.396134231428256]","POLYGON((-70.59613068112895 -33.396134231428256, -70.59658486852214 -33.396058093968186, -70.59664807200338 -33.39632336876151, -70.59619388330422 -33.396399506489274, -70.59613068112895 -33.396134231428256))"
13132011003013_621,308150,V1313210427,OBISPO SIERRA,CALLE,2,12,"[-70.59606362590358, -33.396117063183276]","POLYGON((-70.59606362590358 -33.396117063183276, -70.59613068112895 -33.396134231428256, -70.59603652969587 -33.39639296752872, -70.59596947428592 -33.39637579923889, -70.59606362590358 -33.396117063183276))"
13132011003013_621,308056,V1313210405,MIGUEL GALLO,CALLE,3,12,"[-70.59591968068645, -33.39570651718445]","POLYGON((-70.59591968068645 -33.39570651718445, -70.59606362590358 -33.396117063183276, -70.59575422300671 -33.39619339116575, -70.59561027908892 -33.3957828447732, -70.59591968068645 -33.39570651718445))"
13132011003013_621,308056,V1313210405,MIGUEL GALLO,CALLE,4,12,"[-70.59582133302257, -33.395429584151735]","POLYGON((-70.59582133302257 -33.395429584151735, -70.59591968068645 -33.39570651718445, -70.59561059787013 -33.39578374816801, -70.59551225107934 -33.395506814866984, -70.59582133302257 -33.395429584151735))"
13132011003013_621,308056,V1313210405,MIGUEL GALLO,CALLE,5,12,"[-70.59572298535869, -33.39515041087515]","POLYGON((-70.59572298535869 -33.39515041087515, -70.59582133302257 -33.395429584151735, -70.59551204971977 -33.395506245576584, -70.5954137029382 -33.39522707203124, -70.59572298535869 -33.39515041087515))"
13132011003013_621,307462,V1313210288,ISABEL DE ZARATE,CALLE,8,12,"[-70.59640426644847, -33.39528999762555]","POLYGON((-70.59640426644847 -33.39528999762555, -70.59630860099361 -33.39500858453553, -70.59661874025953 -33.39493440158459, -70.59671440661295 -33.39521581441132, -70.59640426644847 -33.39528999762555))"
13132011003013_621,307462,V1313210288,ISABEL DE ZARATE,CALLE,9,12,"[-70.59649993190334, -33.395565438202595]","POLYGON((-70.59649993190334 -33.395565438202595, -70.59640426644847 -33.39528999762555, -70.59671389685728 -33.39521433097999, -70.59680956318628 -33.39548977129486, -70.59649993190334 -33.395565438202595))"
13132011003013_621,307462,V1313210288,ISABEL DE ZARATE,CALLE,10,12,"[-70.59657503375576, -33.39587297515956]","POLYGON((-70.59657503375576 -33.39587297515956, -70.59649993190334 -33.395565438202595, -70.59681587553634 -33.39551115136645, -70.59689097843926 -33.395818688103006, -70.59657503375576 -33.39587297515956))"
13132011003013_621,307462,V1313210288,ISABEL DE ZARATE,CALLE,11,12,"[-70.59659738549755, -33.39602226455213]","POLYGON((-70.59659738549755 -33.39602226455213, -70.59657503375576 -33.39587297515956, -70.59689502534351 -33.39583926565934, -70.5969173776192 -33.39598855497901, -70.59659738549755 -33.39602226455213))"
13132011003013_621,307462,V1313210288,ISABEL DE ZARATE,CALLE,12,12,"[-70.59658486852214, -33.396058093968186]","POLYGON((-70.59658486852214 -33.396058093968186, -70.59659738549755 -33.39602226455213, -70.59690687716885 -33.396098337644645, -70.59689436031226 -33.396134167088086, -70.59658486852214 -33.396058093968186))"
13132011003013_699,307462,V1313210288,ISABEL DE ZARATE,CALLE,4,8,"[-70.59640426644847, -33.39528999762555]","POLYGON((-70.59640426644847 -33.39528999762555, -70.59630860099361 -33.39500858453553, -70.59661874025953 -33.39493440158459, -70.59671440661295 -33.39521581441132, -70.59640426644847 -33.39528999762555))"
13132011003013_699,307462,V1313210288,ISABEL DE ZARATE,CALLE,5,8,"[-70.59649993190334, -33.395565438202595]","POLYGON((-70.59649993190334 -33.395565438202595, -70.59640426644847 -33.39528999762555, -70.59671389685728 -33.39521433097999, -70.59680956318628 -33.39548977129486, -70.59649993190334 -33.395565438202595))"
13132011003013_699,307462,V1313210288,ISABEL DE ZARATE,CALLE,6,8,"[-70.5965356946902, -33.3957132352255]","POLYGON((-70.5965356946902 -33.3957132352255, -70.59649993190334 -33.395565438202595, -70.59681599133248 -33.395511627715436, -70.59685175462485 -33.39565942463318, -70.5965356946902 -33.3957132352255))"
13132011003013_729,307462,V1313210288,ISABEL DE ZARATE,CALLE,4,6,"[-70.59649993190334, -33.395565438202595]","POLYGON((-70.59649993190334 -33.395565438202595, -70.59640426644847 -33.39528999762555, -70.59671389685728 -33.39521433097999, -70.59680956318628 -33.39548977129486, -70.59649993190334 -33.395565438202595))"
13132011003013_729,307462,V1313210288,ISABEL DE ZARATE,CALLE,5,6,"[-70.59657503375576, -33.39587297515956]","POLYGON((-70.59657503375576 -33.39587297515956, -70.59649993190334 -33.395565438202595, -70.59681587553634 -33.39551115136645, -70.59689097843926 -33.395818688103006, -70.59657503375576 -33.39587297515956))"
13132011003013_775,308056,V1313210405,MIGUEL GALLO,CALLE,1,7,"[-70.59582133302257, -33.395429584151735]","POLYGON((-70.59582133302257 -33.395429584151735, -70.59591968068645 -33.39570651718445, -70.59561059787013 -33.39578374816801, -70.59551225107934 -33.395506814866984, -70.59582133302257 -33.395429584151735))"
13132011003013_775,308056,V1313210405,MIGUEL GALLO,CALLE,2,7,"[-70.59572298535869, -33.39515041087515]","POLYGON((-70.59572298535869 -33.39515041087515, -70.59582133302257 -33.395429584151735, -70.59551204971977 -33.395506245576584, -70.5954137029382 -33.39522707203124, -70.59572298535869 -33.39515041087515))"
13132011003013_775,307462,V1313210288,ISABEL DE ZARATE,CALLE,5,7,"[-70.59640426644847, -33.39528999762555]","POLYGON((-70.59640426644847 -33.39528999762555, -70.59630860099361 -33.39500858453553, -70.59661874025953 -33.39493440158459, -70.59671440661295 -33.39521581441132, -70.59640426644847 -33.39528999762555))"
13132011003013_775,307462,V1313210288,ISABEL DE ZARATE,CALLE,6,7,"[-70.59649993190334, -33.395565438202595]","POLYGON((-70.59649993190334 -33.395565438202595, -70.59640426644847 -33.39528999762555, -70.59671389685728 -33.39521433097999, -70.59680956318628 -33.39548977129486, -70.59649993190334 -33.395565438202595))"
13132011003013_784,308056,V1313210405,MIGUEL GALLO,CALLE,2,6,"[-70.59586961278484, -33.395566184652836]","POLYGON((-70.59586961278484 -33.395566184652836, -70.59596885451839 -33.395843863698126, -70.59565993228738 -33.39592154678002, -70.59556069142758 -33.39564386746432, -70.59586961278484 -33.395566184652836))"
13132011003013_784,308056,V1313210405,MIGUEL GALLO,CALLE,3,6,"[-70.59577126512096, -33.395288504720305]","POLYGON((-70.59577126512096 -33.395288504720305, -70.59586961278484 -33.395566184652836, -70.5955604628101 -33.39564322488823, -70.59546211602239 -33.39536554468724, -70.59577126512096 -33.395288504720305))"
13132011003013_80,307462,V1313210288,ISABEL DE ZARATE,CALLE,5,8,"[-70.59640426644847, -33.39528999762555]","POLYGON((-70.59640426644847 -33.39528999762555, -70.59630860099361 -33.39500858453553, -70.59661874025953 -33.39493440158459, -70.59671440661295 -33.39521581441132, -70.59640426644847 -33.39528999762555))"
13132011003013_80,307462,V1313210288,ISABEL DE ZARATE,CALLE,6,8,"[-70.59649993190334, -33.395565438202595]","POLYGON((-70.59649993190334 -33.395565438202595, -70.59640426644847 -33.39528999762555, -70.59671389685728 -33.39521433097999, -70.59680956318628 -33.39548977129486, -70.59649993190334 -33.395565438202595))"
13132011003013_80,307462,V1313210288,ISABEL DE ZARATE,CALLE,7,8,"[-70.59657503375576, -33.39587297515956]","POLYGON((-70.59657503375576 -33.39587297515956, -70.59649993190334 -33.395565438202595, -70.59681587553634 -33.39551115136645, -70.59689097843926 -33.395818688103006, -70.59657503375576 -33.39587297515956))"
13132011003013_805,308152,V1313210427,OBISPO SIERRA,CALLE,2,8,"[-70.59613068112895, -33.396134231428256]","POLYGON((-70.59613068112895 -33.396134231428256, -70.59638102063701 -33.396091684032335, -70.59644506584849 -33.39635681676523, -70.59619472562198 -33.39639936431033, -70.59613068112895 -33.396134231428256))"
13132011003013_805,308150,V1313210427,OBISPO SIERRA,CALLE,3,8,"[-70.59606362590358, -33.396117063183276]","POLYGON((-70.59606362590358 -33.396117063183276, -70.59613068112895 -33.396134231428256, -70.59603652969587 -33.39639296752872, -70.59596947428592 -33.39637579923889, -70.59606362590358 -33.396117063183276))"
13132011003013_805,308056,V1313210405,MIGUEL GALLO,CALLE,4,8,"[-70.59591968068645, -33.39570651718445]","POLYGON((-70.59591968068645 -33.39570651718445, -70.59606362590358 -33.396117063183276, -70.59575422300671 -33.39619339116575, -70.59561027908892 -33.3957828447732, -70.59591968068645 -33.39570651718445))"
13132011003013_805,308056,V1313210405,MIGUEL GALLO,CALLE,5,8,"[-70.59586961278484, -33.395566184652836]","POLYGON((-70.59586961278484 -33.395566184652836, -70.59591968068645 -33.39570651718445, -70.59561071499455 -33.39578407721233, -70.59556064753474 -33.395643744544245, -70.59586961278484 -33.395566184652836))"
13132011003013_82,308056,V1313210405,MIGUEL GALLO,CALLE,1,8,"[-70.59582133302257, -33.395429584151735]","POLYGON((-70.59582133302257 -33.395429584151735, -70.59591968068645 -33.39570651718445, -70.59561059787013 -33.39578374816801, -70.59551225107934 -33.395506814866984, -70.59582133302257 -33.395429584151735))"
13132011003013_82,308056,V1313210405,MIGUEL GALLO,CALLE,2,8,"[-70.59577126512096, -33.395288504720305]","POLYGON((-70.59577126512096 -33.395288504720305, -70.59582133302257 -33.395429584151735, -70.5955122341937 -33.395506767302834, -70.59546216673697 -33.39536568773478, -70.59577126512096 -33.395288504720305))"
13132011003013_82,307462,V1313210288,ISABEL DE ZARATE,CALLE,4,8,"[-70.59645254621074, -33.39543033060313]","POLYGON((-70.59645254621074 -33.39543033060313, -70.5963559866862 -33.395149664421346, -70.59666584457749 -33.3950746572732, -70.59676240499518 -33.39535532318988, -70.59645254621074 -33.39543033060313))"
13132011003013_82,307462,V1313210288,ISABEL DE ZARATE,CALLE,5,8,"[-70.59649993190334, -33.395565438202595]","POLYGON((-70.59649993190334 -33.395565438202595, -70.59645254621074 -33.39543033060313, -70.59676193854533 -33.39535398043432, -70.59680932466547 -33.39548908790416, -70.59649993190334 -33.395565438202595))"
13132011003013_82,307462,V1313210288,ISABEL DE ZARATE,CALLE,6,8,"[-70.5965356946902, -33.3957132352255]","POLYGON((-70.5965356946902 -33.3957132352255, -70.59649993190334 -33.395565438202595, -70.59681599133248 -33.395511627715436, -70.59685175462485 -33.39565942463318, -70.5965356946902 -33.3957132352255))"
13132011003013_82,308056,V1313210405,MIGUEL GALLO,CALLE,8,8,"[-70.59591968068645, -33.39570651718445]","POLYGON((-70.59591968068645 -33.39570651718445, -70.59596885451839 -33.395843863698126, -70.59565997719365 -33.39592167231827, -70.59561080379365 -33.395784325670654, -70.59591968068645 -33.39570651718445))"
13132011003013_866,308056,V1313210405,MIGUEL GALLO,CALLE,1,9,"[-70.59582133302257, -33.395429584151735]","POLYGON((-70.59582133302257 -33.395429584151735, -70.59591968068645 -33.39570651718445, -70.59561059787013 -33.39578374816801, -70.59551225107934 -33.395506814866984, -70.59582133302257 -33.395429584151735))"
13132011003013_866,308056,V1313210405,MIGUEL GALLO,CALLE,2,9,"[-70.59572298535869, -33.39515041087515]","POLYGON((-70.59572298535869 -33.39515041087515, -70.59582133302257 -33.395429584151735, -70.59551204971977 -33.395506245576584, -70.5954137029382 -33.39522707203124, -70.59572298535869 -33.39515041087515))"
13132011003013_866,307462,V1313210288,ISABEL DE ZARATE,CALLE,5,9,"[-70.59640426644847, -33.39528999762555]","POLYGON((-70.59640426644847 -33.39528999762555, -70.59630860099361 -33.39500858453553, -70.59661874025953 -33.39493440158459, -70.59671440661295 -33.39521581441132, -70.59640426644847 -33.39528999762555))"
13132011003013_866,307462,V1313210288,ISABEL DE ZARATE,CALLE,6,9,"[-70.59649993190334, -33.395565438202595]","POLYGON((-70.59649993190334 -33.395565438202595, -70.59640426644847 -33.39528999762555, -70.59671389685728 -33.39521433097999, -70.59680956318628 -33.39548977129486, -70.59649993190334 -33.395565438202595))"
13132011003013_866,307462,V1313210288,ISABEL DE ZARATE,CALLE,7,9,"[-70.5965356946902, -33.3957132352255]","POLYGON((-70.5965356946902 -33.3957132352255, -70.59649993190334 -33.395565438202595, -70.59681599133248 -33.395511627715436, -70.59685175462485 -33.39565942463318, -70.5965356946902 -33.3957132352255))"
13132011003013_866,308056,V1313210405,MIGUEL GALLO,CALLE,9,9,"[-70.59591968068645, -33.39570651718445]","POLYGON((-70.59591968068645 -33.39570651718445, -70.59596885451839 -33.395843863698126, -70.59565997719365 -33.39592167231827, -70.59561080379365 -33.395784325670654, -70.59591968068645 -33.39570651718445))"
13132011003013_919,307462,V1313210288,ISABEL DE ZARATE,CALLE,3,6,"[-70.59645254621074, -33.39543033060313]","POLYGON((-70.59645254621074 -33.39543033060313, -70.5963559866862 -33.395149664421346, -70.59666584457749 -33.3950746572732, -70.59676240499518 -33.39535532318988, -70.59645254621074 -33.39543033060313))"
13132011003013_919,307462,V1313210288,ISABEL DE ZARATE,CALLE,4,6,"[-70.59649993190334, -33.395565438202595]","POLYGON((-70.59649993190334 -33.395565438202595, -70.59645254621074 -33.39543033060313, -70.59676193854533 -33.39535398043432, -70.59680932466547 -33.39548908790416, -70.59649993190334 -33.395565438202595))"
13132011003015_157,307322,V1313210244,ESPOZ,CALLE,2,5,"[-70.59528578528926, -33.397110576474745]","POLYGON((-70.59528578528926 -33.397110576474745, -70.59573639640377 -33.39704488999623, -70.59579161753723 -33.397311415603504, -70.59534100510493 -33.39737710231957, -70.59528578528926 -33.397110576474745))"
13132011003015_157,305987,V1313210035,FRANCISCO DE AGUIRRE,AVENIDA,3,5,"[-70.5952285648303, -33.39690903825807]","POLYGON((-70.5952285648303 -33.39690903825807, -70.59528578528926 -33.397110576474745, -70.59497204920572 -33.39717324806546, -70.59491482941804 -33.396971709685715, -70.5952285648303 -33.39690903825807))"
13132011003015_166,306241,V1313210049,NUEVA COSTANERA,AVENIDA,1,4,"[-70.59740473041103, -33.396467145421205]","POLYGON((-70.59740473041103 -33.396467145421205, -70.59737701425121 -33.396287252592344, -70.59769686095684 -33.396252579871835, -70.59772457775895 -33.396432472610904, -70.59740473041103 -33.396467145421205))"
13132011003015_207,307322,V1313210244,ESPOZ,CALLE,3,6,"[-70.59621919402645, -33.3969747248393]","POLYGON((-70.59621919402645 -33.3969747248393, -70.5966429830508 -33.396912770451536, -70.596698358227 -33.39717927347955, -70.59627456796368 -33.39724122809126, -70.59621919402645 -33.3969747248393))"
13132011003015_234,306241,V1313210049,NUEVA COSTANERA,AVENIDA,2,5,"[-70.59745390424297, -33.39679632594052]","POLYGON((-70.59745390424297 -33.39679632594052, -70.59740473041103 -33.396467145421205, -70.59772473534883 -33.39643351123542, -70.59777391035823 -33.396762691594255, -70.59745390424297 -33.39679632594052))"
13132011003015_234,307322,V1313210244,ESPOZ,CALLE,3,5,"[-70.59704263219402, -33.396855294654685]","POLYGON((-70.59704263219402 -33.396855294654685, -70.59745390424297 -33.39679632594052, -70.59750824526279 -33.397062978620255, -70.59709697200907 -33.39712194754844, -70.59704263219402 -33.396855294654685))"
13132011003015_264,308150,V1313210427,OBISPO SIERRA,CALLE,3,5,"[-70.59586424836681, -33.39631561746144]","POLYGON((-70.59586424836681 -33.39631561746144, -70.59556026467845 -33.39637160072857, -70.59549110403006 -33.39610737359777, -70.5957950868567 -33.39605139052389, -70.59586424836681 -33.39631561746144))"
13132011003015_285,305987,V1313210035,FRANCISCO DE AGUIRRE,AVENIDA,3,5,"[-70.59517223844097, -33.396708992454855]","POLYGON((-70.59517223844097 -33.396708992454855, -70.59522945889995 -33.396908291819365, -70.59491591362475 -33.39697162919472, -70.59485869382813 -33.396772329667485, -70.59517223844097 -33.396708992454855))"
13132011003015_322,306241,V1313210049,NUEVA COSTANERA,AVENIDA,1,4,"[-70.59740473041103, -33.396467145421205]","POLYGON((-70.59740473041103 -33.396467145421205, -70.59737701425121 -33.396287252592344, -70.59769686095684 -33.396252579871835, -70.59772457775895 -33.396432472610904, -70.59740473041103 -33.396467145421205))"
13132011003015_335,308150,V1313210427,OBISPO SIERRA,CALLE,5,6,"[-70.59617180833385, -33.39625963415828]","POLYGON((-70.59617180833385 -33.39625963415828, -70.59602428683803 -33.39628650614832, -70.59595584636048 -33.396022147163904, -70.59610336743735 -33.395995275266806, -70.59617180833385 -33.39625963415828))"
13132011003015_335,308152,V1313210427,OBISPO SIERRA,CALLE,6,6,"[-70.59633274087474, -33.39623052282636]","POLYGON((-70.59633274087474 -33.39623052282636, -70.59617180833385 -33.39625963415828, -70.59610382199196 -33.39599519275435, -70.59626475407532 -33.39596608152327, -70.59633274087474 -33.39623052282636))"
13132011003015_352,305987,V1313210035,FRANCISCO DE AGUIRRE,AVENIDA,1,6,"[-70.59510518321561, -33.39645370945514]","POLYGON((-70.59510518321561 -33.39645370945514, -70.59517313251064 -33.39670824601444, -70.59485841723537 -33.39676735712494, -70.59479046879773 -33.39651282036967, -70.59510518321561 -33.39645370945514))"
13132011003015_352,308150,V1313210427,OBISPO SIERRA,CALLE,2,6,"[-70.59532423028514, -33.39641414798751]","POLYGON((-70.59532423028514 -33.39641414798751, -70.59510518321561 -33.39645370945514, -70.59503729878124 -33.39618924951177, -70.59525634522785 -33.396149688181204, -70.59532423028514 -33.39641414798751))"
13132011003015_352,308150,V1313210427,OBISPO SIERRA,CALLE,3,6,"[-70.59555937060878, -33.39637085428525]","POLYGON((-70.59555937060878 -33.39637085428525, -70.59532423028514 -33.39641414798751, -70.59525508621908 -33.39614991777651, -70.59549022587612 -33.396106624223705, -70.59555937060878 -33.39637085428525))"
13132011003015_473,308152,V1313210427,OBISPO SIERRA,CALLE,5,5,"[-70.59652496585414, -33.39619618637105]","POLYGON((-70.59652496585414 -33.39619618637105, -70.59617270240352 -33.39625963415827, -70.59610499546817 -33.39599514232106, -70.59645725791663 -33.39593169475379, -70.59652496585414 -33.39619618637105))"
13132011003015_495,308150,V1313210427,OBISPO SIERRA,CALLE,2,7,"[-70.59586424836681, -33.39631561746144]","POLYGON((-70.59586424836681 -33.39631561746144, -70.59556026467845 -33.39637160072857, -70.59549110403006 -33.39610737359777, -70.5957950868567 -33.39605139052389, -70.59586424836681 -33.39631561746144))"
13132011003015_495,307322,V1313210244,ESPOZ,CALLE,5,7,"[-70.59573639640377, -33.39704488999623]","POLYGON((-70.59573639640377 -33.39704488999623, -70.59602786311672 -33.39700234304613, -70.59608315870858 -33.39726885776234, -70.59579169114339 -33.39731140486628, -70.59573639640377 -33.39704488999623))"
13132011003015_516,306241,V1313210049,NUEVA COSTANERA,AVENIDA,4,4,"[-70.59743423471019, -33.39665823449125]","POLYGON((-70.59743423471019 -33.39665823449125, -70.59740473041103 -33.396467145421205, -70.59772456650654 -33.396432399656604, -70.59775407148788 -33.396623488631114, -70.59743423471019 -33.39665823449125))"
13132011003015_531,308150,V1313210427,OBISPO SIERRA,CALLE,1,6,"[-70.59555937060878, -33.39637085428525]","POLYGON((-70.59555937060878 -33.39637085428525, -70.59532423028514 -33.39641414798751, -70.59525508621908 -33.39614991777651, -70.59549022587612 -33.396106624223705, -70.59555937060878 -33.39637085428525))"
13132011003015_531,308150,V1313210427,OBISPO SIERRA,CALLE,6,6,"[-70.59532423028514, -33.39641414798751]","POLYGON((-70.59532423028514 -33.39641414798751, -70.59510518321561 -33.39645370945514, -70.59503729878124 -33.39618924951177, -70.59525634522785 -33.396149688181204, -70.59532423028514 -33.39641414798751))"
13132011003015_55,307322,V1313210244,ESPOZ,CALLE,4,8,"[-70.59621919402645, -33.3969747248393]","POLYGON((-70.59621919402645 -33.3969747248393, -70.5966429830508 -33.396912770451536, -70.596698358227 -33.39717927347955, -70.59627456796368 -33.39724122809126, -70.59621919402645 -33.3969747248393))"
13132011003015_55,307322,V1313210244,ESPOZ,CALLE,5,8,"[-70.59602875718639, -33.39700308948403]","POLYGON((-70.59602875718639 -33.39700308948403, -70.59621919402645 -33.3969747248393, -70.5962755803293 -33.3972410786989, -70.5960851429336 -33.39726944344576, -70.59602875718639 -33.39700308948403))"
13132011003015_566,308152,V1313210427,OBISPO SIERRA,CALLE,1,7,"[-70.59652496585414, -33.39619618637105]","POLYGON((-70.59652496585414 -33.39619618637105, -70.59617180833385 -33.39625963415828, -70.59610426528361 -33.39599511284052, -70.5964574217988 -33.39593166527336, -70.59652496585414 -33.39619618637105))"
13132011003015_566,308150,V1313210427,OBISPO SIERRA,CALLE,7,7,"[-70.59617180833385, -33.39625963415828]","POLYGON((-70.59617180833385 -33.39625963415828, -70.59586514243648 -33.39631561746146, -70.59579655928043 -33.39605128447713, -70.59610322430721 -33.39599530136752, -70.59617180833385 -33.39625963415828))"
13132011003015_611,308152,V1313210427,OBISPO SIERRA,CALLE,4,5,"[-70.59652496585414, -33.39619618637105]","POLYGON((-70.59652496585414 -33.39619618637105, -70.59633274087474 -33.39623052282636, -70.5962655688023 -33.39596593506922, -70.59645779323411 -33.39593159873313, -70.59652496585414 -33.39619618637105))"
13132011003015_611,308152,V1313210427,OBISPO SIERRA,CALLE,5,5,"[-70.59669930944011, -33.396165582127715]","POLYGON((-70.59669930944011 -33.396165582127715, -70.59652496585414 -33.39619618637105, -70.5964589054011 -33.395931401787855, -70.59663324848907 -33.39590079765117, -70.59669930944011 -33.396165582127715))"
13132011003015_69,306241,V1313210049,NUEVA COSTANERA,AVENIDA,4,4,"[-70.59743423471019, -33.39665823449125]","POLYGON((-70.59743423471019 -33.39665823449125, -70.59740473041103 -33.396467145421205, -70.59772456650654 -33.396432399656604, -70.59775407148788 -33.396623488631114, -70.59743423471019 -33.39665823449125))"
13132011003015_89,305987,V1313210035,FRANCISCO DE AGUIRRE,AVENIDA,3,5,"[-70.59517223844097, -33.396708992454855]","POLYGON((-70.59517223844097 -33.396708992454855, -70.59522945889995 -33.396908291819365, -70.59491591362475 -33.39697162919472, -70.59485869382813 -33.396772329667485, -70.59517223844097 -33.396708992454855))"
13132011003015_94,307322,V1313210244,ESPOZ,CALLE,5,7,"[-70.59528578528926, -33.397110576474745]","POLYGON((-70.59528578528926 -33.397110576474745, -70.59573639640377 -33.39704488999623, -70.59579161753723 -33.397311415603504, -70.59534100510493 -33.39737710231957, -70.59528578528926 -33.397110576474745))"
13132011003015_94,305987,V1313210035,FRANCISCO DE AGUIRRE,AVENIDA,6,7,"[-70.5952285648303, -33.39690903825807]","POLYGON((-70.5952285648303 -33.39690903825807, -70.59528578528926 -33.397110576474745, -70.59497204920572 -33.39717324806546, -70.59491482941804 -33.396971709685715, -70.5952285648303 -33.39690903825807))"
13132011003015_94,305987,V1313210035,FRANCISCO DE AGUIRRE,AVENIDA,7,7,"[-70.59517223844097, -33.396708992454855]","POLYGON((-70.59517223844097 -33.396708992454855, -70.5952285648303 -33.39690903825807, -70.5949146905455 -33.396971218517415, -70.59485836482352 -33.396771172553414, -70.59517223844097 -33.396708992454855))"
13132011003016_1064,305987,V1313210035,FRANCISCO DE AGUIRRE,AVENIDA,1,5,"[-70.59502471694515, -33.39695904963695]","POLYGON((-70.59502471694515 -33.39695904963695, -70.59497375497386 -33.39675900394884, -70.59528914335554 -33.39670247346097, -70.59534010600586 -33.39690251900076, -70.59502471694515 -33.39695904963695))"
13132011003016_1100,305972,V1313210035,FRANCISCO DE AGUIRRE,AVENIDA,4,5,"[-70.5949254752116, -33.39656940798361]","POLYGON((-70.5949254752116 -33.39656940798361, -70.59487004289196 -33.39637682583168, -70.59518354208963 -33.39631333558219, -70.59523897504894 -33.39650591757656, -70.5949254752116 -33.39656940798361))"
13132011003016_1159,307313,V1313210244,ESPOZ,CALLE,1,11,"[-70.59442032584712, -33.39728151037371]","POLYGON((-70.59442032584712 -33.39728151037371, -70.59489418277309 -33.39718895232169, -70.59496732911043 -33.39745242338841, -70.59449347085491 -33.397544981756255, -70.59442032584712 -33.39728151037371))"
13132011003016_1159,305987,V1313210035,FRANCISCO DE AGUIRRE,AVENIDA,8,11,"[-70.59497375497386, -33.39675900394884]","POLYGON((-70.59497375497386 -33.39675900394884, -70.5949254752116 -33.39656940798361, -70.59524086861848 -33.39651289989295, -70.59528914902437 -33.396702495717626, -70.59497375497386 -33.39675900394884))"
13132011003016_1159,305987,V1313210035,FRANCISCO DE AGUIRRE,AVENIDA,9,11,"[-70.59506495008037, -33.39711356222262]","POLYGON((-70.59506495008037 -33.39711356222262, -70.59497375497386 -33.39675900394884, -70.59528901005083 -33.396701952702955, -70.59538020635902 -33.39705651071183, -70.59506495008037 -33.39711356222262))"
13132011003016_1159,305969,V1313210035,FRANCISCO DE AGUIRRE,AVENIDA,10,11,"[-70.59504170426891, -33.39715088406201]","POLYGON((-70.59504170426891 -33.39715088406201, -70.59506495008037 -33.39711356222262, -70.59535080052069 -33.39723882808999, -70.59532755480265 -33.39727614997958, -70.59504170426891 -33.39715088406201))"
13132011003016_1159,307313,V1313210244,ESPOZ,CALLE,11,11,"[-70.59489418277309, -33.39718895232169]","POLYGON((-70.59489418277309 -33.39718895232169, -70.59504170426891 -33.39715088406201, -70.5951365373568 -33.39740944528667, -70.59498901547475 -33.397447513669384, -70.59489418277309 -33.39718895232169))"
13132011003016_1365,305969,V1313210035,FRANCISCO DE AGUIRRE,AVENIDA,1,6,"[-70.59504170426891, -33.39715088406201]","POLYGON((-70.59504170426891 -33.39715088406201, -70.59506495008037 -33.39711356222262, -70.59535080052069 -33.39723882808999, -70.59532755480265 -33.39727614997958, -70.59504170426891 -33.39715088406201))"
13132011003016_1365,307313,V1313210244,ESPOZ,CALLE,2,6,"[-70.59489418277309, -33.39718895232169]","POLYGON((-70.59489418277309 -33.39718895232169, -70.59504170426891 -33.39715088406201, -70.5951365373568 -33.39740944528667, -70.59498901547475 -33.397447513669384, -70.59489418277309 -33.39718895232169))"
13132011003016_1365,307313,V1313210244,ESPOZ,CALLE,3,6,"[-70.59459824571178, -33.397246427897855]","POLYGON((-70.59459824571178 -33.397246427897855, -70.59489418277309 -33.39718895232169, -70.59496693310341 -33.39745250052031, -70.59467099521086 -33.3975099762928, -70.59459824571178 -33.397246427897855))"
13132011003016_1365,305987,V1313210035,FRANCISCO DE AGUIRRE,AVENIDA,6,6,"[-70.59506495008037, -33.39711356222262]","POLYGON((-70.59506495008037 -33.39711356222262, -70.59502382287548 -33.3969597960752, -70.59533850984118 -33.396900576494495, -70.59537963756387 -33.39705434252333, -70.59506495008037 -33.39711356222262))"
13132011003016_1431,305972,V1313210035,FRANCISCO DE AGUIRRE,AVENIDA,2,7,"[-70.59493620404766, -33.3966112087044]","POLYGON((-70.59493620404766 -33.3966112087044, -70.59487004289196 -33.39637682583168, -70.59518387291227 -33.39631449612314, -70.59525003484949 -33.39654887880708, -70.59493620404766 -33.3966112087044))"
13132011003016_1431,305987,V1313210035,FRANCISCO DE AGUIRRE,AVENIDA,3,7,"[-70.59502471694515, -33.39695904963695]","POLYGON((-70.59502471694515 -33.39695904963695, -70.59493620404766 -33.3966112087044, -70.59525160746065 -33.39655473933321, -70.59534012153908 -33.39690258000809, -70.59502471694515 -33.39695904963695))"
13132011003016_1463,307313,V1313210244,ESPOZ,CALLE,6,7,"[-70.59442032584712, -33.39728151037371]","POLYGON((-70.59442032584712 -33.39728151037371, -70.59459824571178 -33.397246427897855, -70.59467204913263 -33.39750977004274, -70.59449412876964 -33.39754485263809, -70.59442032584712 -33.39728151037371))"
13132011003016_1463,307313,V1313210244,ESPOZ,CALLE,7,7,"[-70.59424240598248, -33.39731733927061]","POLYGON((-70.59424240598248 -33.39731733927061, -70.59442032584712 -33.39728151037371, -70.59449561485096 -33.397544556494914, -70.59431769449003 -33.39758038551336, -70.59424240598248 -33.39731733927061))"
13132011003016_1511,307294,V1313210244,ESPOZ,CALLE,1,9,"[-70.59406180390882, -33.39735316815273]","POLYGON((-70.59406180390882 -33.39735316815273, -70.59424240598248 -33.39731733927061, -70.5943166365331 -33.39758059697855, -70.59413603395417 -33.397616425982555, -70.59406180390882 -33.39735316815273))"
13132011003016_1511,307313,V1313210244,ESPOZ,CALLE,8,9,"[-70.59442032584712, -33.39728151037371]","POLYGON((-70.59442032584712 -33.39728151037371, -70.59459824571178 -33.397246427897855, -70.59467204913263 -33.39750977004274, -70.59449412876964 -33.39754485263809, -70.59442032584712 -33.39728151037371))"
13132011003016_1511,307313,V1313210244,ESPOZ,CALLE,9,9,"[-70.59424240598248, -33.39731733927061]","POLYGON((-70.59424240598248 -33.39731733927061, -70.59442032584712 -33.39728151037371, -70.59449561485096 -33.397544556494914, -70.59431769449003 -33.39758038551336, -70.59424240598248 -33.39731733927061))"
13132011003016_1519,305987,V1313210035,FRANCISCO DE AGUIRRE,AVENIDA,3,7,"[-70.59506495008037, -33.39711356222262]","POLYGON((-70.59506495008037 -33.39711356222262, -70.59497375497386 -33.39675900394884, -70.59528901005083 -33.396701952702955, -70.59538020635902 -33.39705651071183, -70.59506495008037 -33.39711356222262))"
13132011003016_1519,305969,V1313210035,FRANCISCO DE AGUIRRE,AVENIDA,4,7,"[-70.59504170426891, -33.39715088406201]","POLYGON((-70.59504170426891 -33.39715088406201, -70.59506495008037 -33.39711356222262, -70.59535080052069 -33.39723882808999, -70.59532755480265 -33.39727614997958, -70.59504170426891 -33.39715088406201))"
13132011003016_1519,307313,V1313210244,ESPOZ,CALLE,5,7,"[-70.59489418277309, -33.39718895232169]","POLYGON((-70.59489418277309 -33.39718895232169, -70.59504170426891 -33.39715088406201, -70.5951365373568 -33.39740944528667, -70.59498901547475 -33.397447513669384, -70.59489418277309 -33.39718895232169))"
13132011003016_1519,307313,V1313210244,ESPOZ,CALLE,6,7,"[-70.59459824571178, -33.397246427897855]","POLYGON((-70.59459824571178 -33.397246427897855, -70.59489418277309 -33.39718895232169, -70.59496693310341 -33.39745250052031, -70.59467099521086 -33.3975099762928, -70.59459824571178 -33.397246427897855))"
13132011003016_1598,305987,V1313210035,FRANCISCO DE AGUIRRE,AVENIDA,2,7,"[-70.59497375497386, -33.39675900394884]","POLYGON((-70.59497375497386 -33.39675900394884, -70.5949254752116 -33.39656940798361, -70.59524086861848 -33.39651289989295, -70.59528914902437 -33.396702495717626, -70.59497375497386 -33.39675900394884))"
13132011003016_1598,305987,V1313210035,FRANCISCO DE AGUIRRE,AVENIDA,3,7,"[-70.59502471694515, -33.39695904963695]","POLYGON((-70.59502471694515 -33.39695904963695, -70.59497375497386 -33.39675900394884, -70.59528914335554 -33.39670247346097, -70.59534010600586 -33.39690251900076, -70.59502471694515 -33.39695904963695))"
13132011003016_1775,305972,V1313210035,FRANCISCO DE AGUIRRE,AVENIDA,4,5,"[-70.5949254752116, -33.39656940798361]","POLYGON((-70.5949254752116 -33.39656940798361, -70.59487004289196 -33.39637682583168, -70.59518354208963 -33.39631333558219, -70.59523897504894 -33.39650591757656, -70.5949254752116 -33.39656940798361))"
13132011003016_1830,308590,V1313210519,TOMAS DE FIGUEROA,CALLE,5,8,"[-70.59449453362987, -33.39595732369788]","POLYGON((-70.59449453362987 -33.39595732369788, -70.59425045260951 -33.396069290657664, -70.59409570944555 -33.39583194394028, -70.5943397900263 -33.3957199772947, -70.59449453362987 -33.39595732369788))"
13132011003016_1830,308590,V1313210519,TOMAS DE FIGUEROA,CALLE,6,8,"[-70.59470016965435, -33.39590805818985]","POLYGON((-70.59470016965435 -33.39590805818985, -70.59449453362987 -33.39595732369788, -70.59440596356016 -33.395697204579086, -70.59461159903408 -33.39564793923263, -70.59470016965435 -33.39590805818985))"
13132011003016_1830,308590,V1313210519,TOMAS DE FIGUEROA,CALLE,7,8,"[-70.59473861465023, -33.3959237335818]","POLYGON((-70.59473861465023 -33.3959237335818, -70.59470016965435 -33.39590805818985, -70.59484116117119 -33.39566475834699, -70.59487960608153 -33.395680433698246, -70.59473861465023 -33.3959237335818))"
13132011003016_1830,305972,V1313210035,FRANCISCO DE AGUIRRE,AVENIDA,8,8,"[-70.5949254752116, -33.39656940798361]","POLYGON((-70.5949254752116 -33.39656940798361, -70.59473861465023 -33.3959237335818, -70.59505201805482 -33.39585991701749, -70.59523888075853 -33.39650559088872, -70.5949254752116 -33.39656940798361))"
13132011003016_487,307294,V1313210244,ESPOZ,CALLE,4,4,"[-70.59357900628612, -33.39744945820025]","POLYGON((-70.59357900628612 -33.39744945820025, -70.59386242637203 -33.397393475627446, -70.59393635212635 -33.39765679371739, -70.59365293124688 -33.3977127764808, -70.59357900628612 -33.39744945820025))"
13132011003016_587,307294,V1313210244,ESPOZ,CALLE,5,8,"[-70.59386242637203, -33.397393475627446]","POLYGON((-70.59386242637203 -33.397393475627446, -70.59424240598248 -33.39731733927061, -70.59431733925017 -33.397580456871665, -70.59393735857873 -33.39765659348702, -70.59386242637203 -33.397393475627446))"
13132011003017_118,307546,V1313210303,JUAN BAUTISTA PASTENES,CALLE,2,6,"[-70.59354592570827, -33.39862135177777]","POLYGON((-70.59354592570827 -33.39862135177777, -70.59396971473262 -33.39856536995996, -70.59401988949266 -33.39883259687955, -70.59359609921711 -33.39888857890402, -70.59354592570827 -33.39862135177777))"
