codigo_predial,manzent,id_segmento_calle,codigo_calle,nombre_calle,tipo_calle,id_edge,num_edges,edge,geom_wkt
151600011100005,13132011001012,305730,V1313210011,AVENIDA DEL BICENTENARIO,AVENIDA,2,4,"[-70.60074760693333, -33.4058546638371]","POLYGON((-70.60074760693333 -33.4058546638371, -70.60069939313219 -33.40548895889658, -70.60101997953495 -33.40545922722088, -70.60106819465307 -33.40582493199889, -70.60074760693333 -33.4058546638371))"
151600011100005,13132011001012,305920,V1313210025,BICENTENARIO,AVENIDA,2,4,"[-70.60074760693333, -33.4058546638371]","POLYGON((-70.60074760693333 -33.4058546638371, -70.60069939313219 -33.40548895889658, -70.60101997953495 -33.40545922722088, -70.60106819465307 -33.40582493199889, -70.60074760693333 -33.4058546638371))"
151600011100005,13132011001012,305958,V1313210033,DAG HAMMARSKJOLD,AVENIDA,2,4,"[-70.60074760693333, -33.4058546638371]","POLYGON((-70.60074760693333 -33.4058546638371, -70.60069939313219 -33.40548895889658, -70.60101997953495 -33.40545922722088, -70.60106819465307 -33.40582493199889, -70.60074760693333 -33.4058546638371))"
151600011100005,13132011001012,305963,V1313210033,DAG HAMMARSKJOLD,AVENIDA,2,4,"[-70.60074760693333, -33.4058546638371]","POLYGON((-70.60074760693333 -33.4058546638371, -70.60069939313219 -33.40548895889658, -70.60101997953495 -33.40545922722088, -70.60106819465307 -33.40582493199889, -70.60074760693333 -33.4058546638371))"
151600011100139,13132011001012,305957,V1313210033,DAG HAMMARSKJOLD,AVENIDA,1,5,"[-70.60069939313219, -33.40548895889658]","POLYGON((-70.60069939313219 -33.40548895889658, -70.60061625730957 -33.40459107819114, -70.60093782614139 -33.40457013294548, -70.60102096523553 -33.405468013340275, -70.60069939313219 -33.40548895889658))"
151600011100139,13132011001012,305961,V1313210033,DAG HAMMARSKJOLD,AVENIDA,1,5,"[-70.60069939313219, -33.40548895889658]","POLYGON((-70.60069939313219 -33.40548895889658, -70.60061625730957 -33.40459107819114, -70.60093782614139 -33.40457013294548, -70.60102096523553 -33.405468013340275, -70.60069939313219 -33.40548895889658))"
151600011100139,13132011001012,305729,V1313210010,AVENIDA DAG HAMMARSKJOLD,AVENIDA,1,5,"[-70.60069939313219, -33.40548895889658]","POLYGON((-70.60069939313219 -33.40548895889658, -70.60061625730957 -33.40459107819114, -70.60093782614139 -33.40457013294548, -70.60102096523553 -33.405468013340275, -70.60069939313219 -33.40548895889658))"
151600011100139,13132011001012,305920,V1313210025,BICENTENARIO,AVENIDA,1,5,"[-70.60069939313219, -33.40548895889658]","POLYGON((-70.60069939313219 -33.40548895889658, -70.60061625730957 -33.40459107819114, -70.60093782614139 -33.40457013294548, -70.60102096523553 -33.405468013340275, -70.60069939313219 -33.40548895889658))"
151600011100139,13132011001012,305956,V1313210033,DAG HAMMARSKJOLD,AVENIDA,1,5,"[-70.60069939313219, -33.40548895889658]","POLYGON((-70.60069939313219 -33.40548895889658, -70.60061625730957 -33.40459107819114, -70.60093782614139 -33.40457013294548, -70.60102096523553 -33.405468013340275, -70.60069939313219 -33.40548895889658))"
151600011100139,13132011001012,305960,V1313210033,DAG HAMMARSKJOLD,AVENIDA,1,5,"[-70.60069939313219, -33.40548895889658]","POLYGON((-70.60069939313219 -33.40548895889658, -70.60061625730957 -33.40459107819114, -70.60093782614139 -33.40457013294548, -70.60102096523553 -33.405468013340275, -70.60069939313219 -33.40548895889658))"
151600011100139,13132011001012,305958,V1313210033,DAG HAMMARSKJOLD,AVENIDA,1,5,"[-70.60069939313219, -33.40548895889658]","POLYGON((-70.60069939313219 -33.40548895889658, -70.60061625730957 -33.40459107819114, -70.60093782614139 -33.40457013294548, -70.60102096523553 -33.405468013340275, -70.60069939313219 -33.40548895889658))"
151600011100154,13132011001012,305730,V1313210011,AVENIDA DEL BICENTENARIO,AVENIDA,1,6,"[-70.6007914036583, -33.406196436812195]","POLYGON((-70.6007914036583 -33.406196436812195, -70.60074676015577 -33.405855396235594, -70.60106737526135 -33.40582587283241, -70.60111201999244 -33.406166913258254, -70.6007914036583 -33.406196436812195))"
151600011100154,13132011001012,308461,V1313210503,SIN NOMBRE,CALLE,1,6,"[-70.6007914036583, -33.406196436812195]","POLYGON((-70.6007914036583 -33.406196436812195, -70.60074676015577 -33.405855396235594, -70.60106737526135 -33.40582587283241, -70.60111201999244 -33.406166913258254, -70.6007914036583 -33.406196436812195))"
151600011100154,13132011001012,305963,V1313210033,DAG HAMMARSKJOLD,AVENIDA,1,6,"[-70.6007914036583, -33.406196436812195]","POLYGON((-70.6007914036583 -33.406196436812195, -70.60074676015577 -33.405855396235594, -70.60106737526135 -33.40582587283241, -70.60111201999244 -33.406166913258254, -70.6007914036583 -33.406196436812195))"
151600011100154,13132011001012,307897,V1313210354,LOS ABEDULES,CALLE,2,6,"[-70.60075296439166, -33.40619945800649]","POLYGON((-70.60075296439166 -33.40619945800649, -70.6007914036583 -33.406196436812195, -70.600821497925 -33.406465776460685, -70.6007830585415 -33.40646879766768, -70.60075296439166 -33.40619945800649))"
151600011100154,13132011001012,305730,V1313210011,AVENIDA DEL BICENTENARIO,AVENIDA,3,6,"[-70.60075125267763, -33.406223378833005]","POLYGON((-70.60075125267763 -33.406223378833005, -70.60075296439166 -33.40619945800649, -70.60107492815497 -33.40621566390698, -70.60107321652929 -33.40623958473527, -70.60075125267763 -33.406223378833005))"
151600011100154,13132011001012,308461,V1313210503,SIN NOMBRE,CALLE,3,6,"[-70.60075125267763, -33.406223378833005]","POLYGON((-70.60075125267763 -33.406223378833005, -70.60075296439166 -33.40619945800649, -70.60107492815497 -33.40621566390698, -70.60107321652929 -33.40623958473527, -70.60075125267763 -33.406223378833005))"
151600011100154,13132011001012,305963,V1313210033,DAG HAMMARSKJOLD,AVENIDA,3,6,"[-70.60075125267763, -33.406223378833005]","POLYGON((-70.60075125267763 -33.406223378833005, -70.60075296439166 -33.40619945800649, -70.60107492815497 -33.40621566390698, -70.60107321652929 -33.40623958473527, -70.60075125267763 -33.406223378833005))"
151600011100154,13132011001012,307897,V1313210354,LOS ABEDULES,CALLE,4,6,"[-70.60022816260329, -33.40627188308686]","POLYGON((-70.60022816260329 -33.40627188308686, -70.60075125267763 -33.406223378833005, -70.60078669754604 -33.406492260170026, -70.6002636058917 -33.40654076461878, -70.60022816260329 -33.40627188308686))"
151600042500006,13132011004009,307221,V1313210225,EL CLONQUI,CALLE,1,4,"[-70.58907565343986, -33.4035796823214]","POLYGON((-70.58907565343986 -33.4035796823214, -70.58901032583512 -33.403405110952725, -70.58931805762035 -33.40332409915574, -70.58938338576658 -33.40349867034808, -70.58907565343986 -33.4035796823214))"
151600042500006,13132011004009,305621,V1313210003,ALONSO DE CORDOVA,AVENIDA,4,4,"[-70.58901032583512, -33.403405110952725]","POLYGON((-70.58901032583512 -33.403405110952725, -70.58874838260017 -33.40346925009363, -70.5886579962347 -33.40320956879531, -70.58891993877246 -33.40314542986383, -70.58901032583512 -33.403405110952725))"
151600042500014,13132011004009,305621,V1313210003,ALONSO DE CORDOVA,AVENIDA,1,4,"[-70.58874750947734, -33.403468539802546]","POLYGON((-70.58874750947734 -33.403468539802546, -70.5884623419519 -33.40353865738178, -70.58837160763082 -33.40327906141877, -70.5886567743982 -33.40320894406829, -70.58874750947734 -33.403468539802546))"
151600042500014,13132011004009,307258,V1313210234,EL PANGUE,CALLE,4,4,"[-70.5884623419519, -33.40353865738178]","POLYGON((-70.5884623419519 -33.40353865738178, -70.5885265263003 -33.4037095461417, -70.58821889429413 -33.40379082794841, -70.58815471047514 -33.403619939015414, -70.5884623419519 -33.40353865738178))"
151600042700011,13132011004008,307947,V1313210369,LOS LAURELES,CALLE,4,4,"[-70.58988468382671, -33.40354532718799]","POLYGON((-70.58988468382671 -33.40354532718799, -70.58980602243362 -33.40337669893858, -70.59010638476043 -33.40327813253705, -70.5901850466292 -33.40344676058397, -70.58988468382671 -33.40354532718799))"
151600042700012,13132011004008,305612,V1313210003,ALONSO DE CORDOVA,AVENIDA,1,4,"[-70.58973537389875, -33.40322293851361]","POLYGON((-70.58973537389875 -33.40322293851361, -70.5893929820142 -33.4033094835728, -70.58929991681741 -33.40305046888041, -70.58964230779935 -33.402963924102025, -70.58973537389875 -33.40322293851361))"
151600042700012,13132011004008,307947,V1313210369,LOS LAURELES,CALLE,2,4,"[-70.58980602243362, -33.40337669893858]","POLYGON((-70.58980602243362 -33.40337669893858, -70.58973537389875 -33.40322293851361, -70.59003633183295 -33.40312565971825, -70.59010698080502 -33.40327941996075, -70.58980602243362 -33.40337669893858))"
151600042700013,13132011004008,307221,V1313210225,EL CLONQUI,CALLE,2,4,"[-70.58913555761, -33.40337374599486]","POLYGON((-70.58913555761 -33.40337374599486, -70.58925881887394 -33.40370061760809, -70.58895129829034 -33.403782195177016, -70.58882803803765 -33.403455323231626, -70.58913555761 -33.40337374599486))"
151600042700013,13132011004008,305612,V1313210003,ALONSO DE CORDOVA,AVENIDA,3,4,"[-70.5893929820142, -33.4033094835728]","POLYGON((-70.5893929820142 -33.4033094835728, -70.58913555761 -33.40337374599486, -70.5890435502514 -33.4031144655357, -70.58930097397437 -33.40305020332266, -70.5893929820142 -33.4033094835728))"
151600043900005,13132011002023,307916,V1313210362,LOS COLIGUES,CALLE,1,4,"[-70.5877880749094, -33.40261171871261]","POLYGON((-70.5877880749094 -33.40261171871261, -70.58785875969161 -33.40234810743588, -70.58817343018583 -33.40240746483644, -70.58810274632135 -33.40267107626341, -70.5877880749094 -33.40261171871261))"
151600043900005,13132011002023,307721,V1313210332,LAS HUALTATAS,CALLE,4,4,"[-70.58785875969161, -33.40234810743588]","POLYGON((-70.58785875969161 -33.40234810743588, -70.58752971538652 -33.40228170445587, -70.58760516444491 -33.40201868931825, -70.58793420779867 -33.40208509212841, -70.58785875969161 -33.40234810743588))"
151600043900018,13132011002023,305667,V1313210005,AMERICO VESPUCIO NORTE,AVENIDA,3,4,"[-70.58710234768196, -33.40270337287542]","POLYGON((-70.58710234768196 -33.40270337287542, -70.58707916608475 -33.402788532784264, -70.58676472587794 -33.40272831749155, -70.58678790777103 -33.40264315763209, -70.58710234768196 -33.40270337287542))"
151600043900019,13132011002023,305667,V1313210005,AMERICO VESPUCIO NORTE,AVENIDA,3,4,"[-70.58715865449653, -33.40249450735414]","POLYGON((-70.58715865449653 -33.40249450735414, -70.58710234768196 -33.40270337287542, -70.58678775800422 -33.40264371047744, -70.58684406554539 -33.402434845075945, -70.58715865449653 -33.40249450735414))"
151600043900019,13132011002023,305648,V1313210005,AMERICO VESPUCIO NORTE,AVENIDA,3,4,"[-70.58715865449653, -33.40249450735414]","POLYGON((-70.58715865449653 -33.40249450735414, -70.58710234768196 -33.40270337287542, -70.58678775800422 -33.40264371047744, -70.58684406554539 -33.402434845075945, -70.58715865449653 -33.40249450735414))"
151600043900019,13132011002023,306803,V1313210123,AVENIDA AMERICO VESPUCIO NORTE,CALLE,3,4,"[-70.58715865449653, -33.40249450735414]","POLYGON((-70.58715865449653 -33.40249450735414, -70.58710234768196 -33.40270337287542, -70.58678775800422 -33.40264371047744, -70.58684406554539 -33.402434845075945, -70.58715865449653 -33.40249450735414))"
151600043900020,13132011002023,305648,V1313210005,AMERICO VESPUCIO NORTE,AVENIDA,2,4,"[-70.58723107601172, -33.40221987170763]","POLYGON((-70.58723107601172 -33.40221987170763, -70.58715865449653 -33.40249450735414, -70.58684373478326 -33.40243608553764, -70.58691615725671 -33.40216145004469, -70.58723107601172 -33.40221987170763))"
151600043900020,13132011002023,306803,V1313210123,AVENIDA AMERICO VESPUCIO NORTE,CALLE,2,4,"[-70.58723107601172, -33.40221987170763]","POLYGON((-70.58723107601172 -33.40221987170763, -70.58715865449653 -33.40249450735414, -70.58684373478326 -33.40243608553764, -70.58691615725671 -33.40216145004469, -70.58723107601172 -33.40221987170763))"
151600043900020,13132011002023,307721,V1313210332,LAS HUALTATAS,CALLE,3,4,"[-70.5875297022655, -33.40228098315019]","POLYGON((-70.5875297022655 -33.40228098315019, -70.58723107601172 -33.40221987170763, -70.58730752613765 -33.40195705999191, -70.58760615152998 -33.40201817127788, -70.5875297022655 -33.40228098315019))"
151600044500005,13132011002015,307919,V1313210362,LOS COLIGUES,CALLE,1,4,"[-70.58811355753821, -33.40140693020974]","POLYGON((-70.58811355753821 -33.40140693020974, -70.58818512921528 -33.401138978537006, -70.58849985340045 -33.4011981188911, -70.5884282826567 -33.401466070715855, -70.58811355753821 -33.40140693020974))"
151600044500007,13132011002015,307919,V1313210362,LOS COLIGUES,CALLE,1,4,"[-70.58818598918367, -33.40113896752755]","POLYGON((-70.58818598918367 -33.40113896752755, -70.58822356826526 -33.40100014386147, -70.58853808858208 -33.40106004050491, -70.58850050998313 -33.40119886425098, -70.58818598918367 -33.40113896752755))"
151600044500008,13132011002015,307919,V1313210362,LOS COLIGUES,CALLE,2,4,"[-70.58822356826526, -33.40100014386147]","POLYGON((-70.58822356826526 -33.40100014386147, -70.58825933537301 -33.40086810719663, -70.58857384429199 -33.400928044160196, -70.58853807764324 -33.40106008090117, -70.58822356826526 -33.40100014386147))"
151600044500009,13132011002015,307919,V1313210362,LOS COLIGUES,CALLE,1,4,"[-70.58825933537301, -33.40086810719663]","POLYGON((-70.58825933537301 -33.40086810719663, -70.58829327411406 -33.400741955902575, -70.5886078880031 -33.4008015023267, -70.588573949701 -33.40092765369293, -70.58825933537301 -33.40086810719663))"
151600044500011,13132011002015,307919,V1313210362,LOS COLIGUES,CALLE,1,4,"[-70.58829327411406, -33.400741955902575]","POLYGON((-70.58829327411406 -33.400741955902575, -70.5883227930865 -33.40063290600072, -70.58863731223589 -33.400692802028786, -70.58860779364258 -33.400801851993464, -70.58829327411406 -33.400741955902575))"
151600044500012,13132011002015,307919,V1313210362,LOS COLIGUES,CALLE,1,4,"[-70.5883227930865, -33.40063290600072]","POLYGON((-70.5883227930865 -33.40063290600072, -70.58833886836345 -33.40057092400342, -70.58865402148267 -33.40062842696475, -70.58863794642244 -33.40069040899604, -70.5883227930865 -33.40063290600072))"
151600044500013,13132011002015,307919,V1313210362,LOS COLIGUES,CALLE,1,4,"[-70.58833972996705, -33.40057100315628]","POLYGON((-70.58833972996705 -33.40057100315628, -70.58836037176455 -33.400494082295154, -70.58867502324222 -33.40055348546979, -70.58865438171246 -33.400630406374795, -70.58833972996705 -33.40057100315628))"
151600044500014,13132011002015,307919,V1313210362,LOS COLIGUES,CALLE,1,4,"[-70.58836037176455, -33.400494082295154]","POLYGON((-70.58836037176455 -33.400494082295154, -70.58838258577029 -33.40040902472159, -70.5886976385794 -33.40046691084882, -70.5886754248708 -33.40055196846942, -70.58836037176455 -33.400494082295154))"
151600044500016,13132011002015,307919,V1313210362,LOS COLIGUES,CALLE,1,4,"[-70.58838355322656, -33.400409012334656]","POLYGON((-70.58838355322656 -33.400409012334656, -70.58842291731078 -33.40026195898599, -70.58873760549382 -33.40032122206019, -70.58869824192163 -33.40046827549249, -70.58838355322656 -33.400409012334656))"
151600045900007,13132011002011,306636,V1313210062,VITACURA,AVENIDA,1,4,"[-70.59120876349417, -33.4000970240992]","POLYGON((-70.59120876349417 -33.4000970240992, -70.59104873361298 -33.40004171946255, -70.5911715985259 -33.3997915972376, -70.59133162801287 -33.399846901729134, -70.59120876349417 -33.4000970240992))"
151600045900007,13132011002011,306527,V1313210062,VITACURA,AVENIDA,1,4,"[-70.59120876349417, -33.4000970240992]","POLYGON((-70.59120876349417 -33.4000970240992, -70.59104873361298 -33.40004171946255, -70.5911715985259 -33.3997915972376, -70.59133162801287 -33.399846901729134, -70.59120876349417 -33.4000970240992))"
151600045900008,13132011002011,306636,V1313210062,VITACURA,AVENIDA,2,4,"[-70.59104873361298, -33.40004171946255]","POLYGON((-70.59104873361298 -33.40004171946255, -70.59091197137307 -33.399994683731435, -70.59103432923654 -33.39974438670508, -70.59117109113873 -33.39979142231276, -70.59104873361298 -33.40004171946255))"
151600045900008,13132011002011,306527,V1313210062,VITACURA,AVENIDA,2,4,"[-70.59104873361298, -33.40004171946255]","POLYGON((-70.59104873361298 -33.40004171946255, -70.59091197137307 -33.399994683731435, -70.59103432923654 -33.39974438670508, -70.59117109113873 -33.39979142231276, -70.59104873361298 -33.40004171946255))"
151600045900009,13132011002011,306636,V1313210062,VITACURA,AVENIDA,2,4,"[-70.59091197137307, -33.399994683731435]","POLYGON((-70.59091197137307 -33.399994683731435, -70.59080648880834 -33.399958970691834, -70.5909272100531 -33.39970811518528, -70.59103269235533 -33.39974382813111, -70.59091197137307 -33.399994683731435))"
151600045900009,13132011002011,306527,V1313210062,VITACURA,AVENIDA,2,4,"[-70.59091197137307, -33.399994683731435]","POLYGON((-70.59091197137307 -33.399994683731435, -70.59080648880834 -33.399958970691834, -70.5909272100531 -33.39970811518528, -70.59103269235533 -33.39974382813111, -70.59091197137307 -33.399994683731435))"
151600045900010,13132011002011,306636,V1313210062,VITACURA,AVENIDA,3,4,"[-70.59080647566138, -33.39995824938704]","POLYGON((-70.59080647566138 -33.39995824938704, -70.59070542674415 -33.39992392235358, -70.59082649684667 -33.399673185163046, -70.59092754551286 -33.39970751210639, -70.59080647566138 -33.39995824938704))"
151600045900010,13132011002011,306527,V1313210062,VITACURA,AVENIDA,3,4,"[-70.59080647566138, -33.39995824938704]","POLYGON((-70.59080647566138 -33.39995824938704, -70.59070542674415 -33.39992392235358, -70.59082649684667 -33.399673185163046, -70.59092754551286 -33.39970751210639, -70.59080647566138 -33.39995824938704))"
151600045900011,13132011002011,306636,V1313210062,VITACURA,AVENIDA,2,4,"[-70.59070542674415, -33.39992392235358]","POLYGON((-70.59070542674415 -33.39992392235358, -70.59060350316007 -33.39988879479312, -70.59072608070137 -33.39963857341505, -70.59082800403405 -33.399673700883326, -70.59070542674415 -33.39992392235358))"
151600045900011,13132011002011,306527,V1313210062,VITACURA,AVENIDA,2,4,"[-70.59070542674415, -33.39992392235358]","POLYGON((-70.59070542674415 -33.39992392235358, -70.59060350316007 -33.39988879479312, -70.59072608070137 -33.39963857341505, -70.59082800403405 -33.399673700883326, -70.59070542674415 -33.39992392235358))"
151600045900012,13132011002011,306636,V1313210062,VITACURA,AVENIDA,2,4,"[-70.59060350316007, -33.39988879479312]","POLYGON((-70.59060350316007 -33.39988879479312, -70.59051683658473 -33.3998589727775, -70.5906392479787 -33.399608694187314, -70.5907259143401 -33.39963851612468, -70.59060350316007 -33.39988879479312))"
151600045900012,13132011002011,306527,V1313210062,VITACURA,AVENIDA,2,4,"[-70.59060350316007, -33.39988879479312]","POLYGON((-70.59060350316007 -33.39988879479312, -70.59051683658473 -33.3998589727775, -70.5906392479787 -33.399608694187314, -70.5907259143401 -33.39963851612468, -70.59060350316007 -33.39988879479312))"
151600045900013,13132011002011,306636,V1313210062,VITACURA,AVENIDA,2,4,"[-70.59051683658473, -33.3998589727775]","POLYGON((-70.59051683658473 -33.3998589727775, -70.59042119053424 -33.39982610937039, -70.59054344756551 -33.39957577770803, -70.59063909337969 -33.399608641028884, -70.59051683658473 -33.3998589727775))"
151600045900013,13132011002011,306527,V1313210062,VITACURA,AVENIDA,2,4,"[-70.59051683658473, -33.3998589727775]","POLYGON((-70.59051683658473 -33.3998589727775, -70.59042119053424 -33.39982610937039, -70.59054344756551 -33.39957577770803, -70.59063909337969 -33.399608641028884, -70.59051683658473 -33.3998589727775))"
151600045900014,13132011002011,306636,V1313210062,VITACURA,AVENIDA,1,4,"[-70.59042119053424, -33.39982610937039]","POLYGON((-70.59042119053424 -33.39982610937039, -70.59033895763069 -33.39979767333553, -70.59046188540783 -33.39954757288129, -70.5905441181089 -33.399576008841535, -70.59042119053424 -33.39982610937039))"
151600045900014,13132011002011,306527,V1313210062,VITACURA,AVENIDA,1,4,"[-70.59042119053424, -33.39982610937039]","POLYGON((-70.59042119053424 -33.39982610937039, -70.59033895763069 -33.39979767333553, -70.59046188540783 -33.39954757288129, -70.5905441181089 -33.399576008841535, -70.59042119053424 -33.39982610937039))"
151600045900015,13132011002011,306636,V1313210062,VITACURA,AVENIDA,1,4,"[-70.59033895763069, -33.39979767333553]","POLYGON((-70.59033895763069 -33.39979767333553, -70.59025218373556 -33.399767852507196, -70.59037446111307 -33.39951752784541, -70.59046123479386 -33.39954734859548, -70.59033895763069 -33.39979767333553))"
151600045900015,13132011002011,306527,V1313210062,VITACURA,AVENIDA,1,4,"[-70.59033895763069, -33.39979767333553]","POLYGON((-70.59033895763069 -33.39979767333553, -70.59025218373556 -33.399767852507196, -70.59037446111307 -33.39951752784541, -70.59046123479386 -33.39954734859548, -70.59033895763069 -33.39979767333553))"
151600045900016,13132011002011,306636,V1313210062,VITACURA,AVENIDA,4,4,"[-70.59025218373556, -33.399767852507196]","POLYGON((-70.59025218373556 -33.399767852507196, -70.5901663773456 -33.39973801921563, -70.59028987635689 -33.399488116840956, -70.59037568253613 -33.39951795005426, -70.59025218373556 -33.399767852507196))"
151600045900016,13132011002011,306527,V1313210062,VITACURA,AVENIDA,4,4,"[-70.59025218373556, -33.399767852507196]","POLYGON((-70.59025218373556 -33.399767852507196, -70.5901663773456 -33.39973801921563, -70.59028987635689 -33.399488116840956, -70.59037568253613 -33.39951795005426, -70.59025218373556 -33.399767852507196))"
151600045900017,13132011002011,306636,V1313210062,VITACURA,AVENIDA,1,4,"[-70.5901663773456, -33.39973801921563]","POLYGON((-70.5901663773456 -33.39973801921563, -70.59003935948616 -33.399694645337235, -70.590160970848 -33.399444092529585, -70.59028798839267 -33.399487466294126, -70.5901663773456 -33.39973801921563))"
151600045900017,13132011002011,306527,V1313210062,VITACURA,AVENIDA,1,4,"[-70.5901663773456, -33.39973801921563]","POLYGON((-70.5901663773456 -33.39973801921563, -70.59003935948616 -33.399694645337235, -70.590160970848 -33.399444092529585, -70.59028798839267 -33.399487466294126, -70.5901663773456 -33.39973801921563))"
151600045900024,13132011002011,307228,V1313210226,EL COIGUE,CALLE,2,4,"[-70.5908664005499, -33.4006150137175]","POLYGON((-70.5908664005499 -33.4006150137175, -70.59098976365968 -33.40065834339997, -70.5908651865707 -33.40090786949838, -70.59074182315955 -33.4008645397023, -70.5908664005499 -33.4006150137175))"
151600045900025,13132011002011,307228,V1313210226,EL COIGUE,CALLE,2,4,"[-70.59078957110206, -33.40058813202256]","POLYGON((-70.59078957110206 -33.40058813202256, -70.5908664005499 -33.4006150137175, -70.59074223093592 -33.40086468265337, -70.59066540130001 -33.400837800887906, -70.59078957110206 -33.40058813202256))"
151600045900026,13132011002011,307228,V1313210226,EL COIGUE,CALLE,1,4,"[-70.5907233468929, -33.40056499221293]","POLYGON((-70.5907233468929 -33.40056499221293, -70.59078957110206 -33.40058813202256, -70.5906655441799 -33.40083785084617, -70.59059931980852 -33.400814710975844, -70.5907233468929 -33.40056499221293))"
151600045900027,13132011002011,307228,V1313210226,EL COIGUE,CALLE,3,4,"[-70.59065723021283, -33.40054185098852]","POLYGON((-70.59065723021283 -33.40054185098852, -70.5907233468929 -33.40056499221293, -70.59059914174101 -33.40081464870369, -70.59053302489912 -33.40079150741859, -70.59065723021283 -33.40054185098852))"
151600045900028,13132011002011,307228,V1313210226,EL COIGUE,CALLE,2,4,"[-70.59055260539036, -33.40050603656303]","POLYGON((-70.59055260539036 -33.40050603656303, -70.59065723021283 -33.40054185098852, -70.59053536162968 -33.400792316285106, -70.59043073654824 -33.40075650176561, -70.59055260539036 -33.40050603656303))"
151600045900029,13132011002011,307228,V1313210226,EL COIGUE,CALLE,3,4,"[-70.59046853123611, -33.40047690276199]","POLYGON((-70.59046853123611 -33.40047690276199, -70.59055260539036 -33.40050603656303, -70.59042945476726 -33.40075606029816, -70.59034538040619 -33.40072692642066, -70.59046853123611 -33.40047690276199))"
151600045900030,13132011002011,307228,V1313210226,EL COIGUE,CALLE,2,4,"[-70.59037373133211, -33.40044330701098]","POLYGON((-70.59037373133211 -33.40044330701098, -70.59046853123611 -33.40047690276199, -70.59034300622255 -33.40072609439047, -70.59024820608806 -33.40069249855139, -70.59037373133211 -33.40044330701098))"
151600045900031,13132011002011,307228,V1313210226,EL COIGUE,CALLE,2,4,"[-70.59028078848571, -33.40041131069583]","POLYGON((-70.59028078848571 -33.40041131069583, -70.59037373133211 -33.40044330701098, -70.59025127009258 -33.40069356884238, -70.59015832701678 -33.40066157244324, -70.59028078848571 -33.40041131069583))"
151600045900032,13132011002011,307228,V1313210226,EL COIGUE,CALLE,3,5,"[-70.59017625667349, -33.40037468309685]","POLYGON((-70.59017625667349 -33.40037468309685, -70.59028078848571 -33.40041131069583, -70.59015646569388 -33.40066092596229, -70.59005193362599 -33.40062429826726, -70.59017625667349 -33.40037468309685))"
151600045900033,13132011002011,307228,V1313210226,EL COIGUE,CALLE,2,4,"[-70.59008136427417, -33.40034189996125]","POLYGON((-70.59008136427417 -33.40034189996125, -70.59017625667349 -33.40037468309685, -70.59005342478856 -33.40062481709392, -70.58995853215546 -33.4005920338723, -70.59008136427417 -33.40034189996125))"
151600045900034,13132011002011,307228,V1313210226,EL COIGUE,CALLE,3,4,"[-70.58998657779603, -33.4003090252099]","POLYGON((-70.58998657779603 -33.4003090252099, -70.59008136427417 -33.40034189996125, -70.5899581216641 -33.400591891779435, -70.5898633349529 -33.40055901694182, -70.58998657779603 -33.4003090252099))"
151600045900035,13132011002011,307228,V1313210226,EL COIGUE,CALLE,3,4,"[-70.58989005832885, -33.40027545112076]","POLYGON((-70.58989005832885 -33.40027545112076, -70.58998657779603 -33.4003090252099, -70.58986302646115 -33.400558909790725, -70.589766506757 -33.40052533561351, -70.58989005832885 -33.40027545112076))"
151600045900036,13132011002011,307228,V1313210226,EL COIGUE,CALLE,2,5,"[-70.58978910208198, -33.40024031049674]","POLYGON((-70.58978910208198 -33.40024031049674, -70.58989005832885 -33.40027545112076, -70.58976643741923 -33.400525311486554, -70.58966548092458 -33.40049017077035, -70.58978910208198 -33.40024031049674))"
151600045900037,13132011002011,307228,V1313210226,EL COIGUE,CALLE,2,4,"[-70.58954586079881, -33.40015594870838]","POLYGON((-70.58954586079881 -33.40015594870838, -70.58978910208198 -33.40024031049674, -70.58966586181589 -33.40049030311106, -70.58942261993462 -33.40040594110136, -70.58954586079881 -33.40015594870838))"
151600045900037,13132011002011,307946,V1313210369,LOS LAURELES,CALLE,3,4,"[-70.58960305088182, -33.400043207155896]","POLYGON((-70.58960305088182 -33.400043207155896, -70.58954586079881 -33.40015594870838, -70.58924908553898 -33.400050035401016, -70.58930627594754 -33.39993729397424, -70.58960305088182 -33.400043207155896))"
151600045900038,13132011002011,307946,V1313210369,LOS LAURELES,CALLE,3,4,"[-70.58981495159665, -33.39961707703027]","POLYGON((-70.58981495159665 -33.39961707703027, -70.58968979781598 -33.399870835823144, -70.58939177183342 -33.399767424817306, -70.5895169263578 -33.399513666299846, -70.58981495159665 -33.39961707703027))"
151600045900038,13132011002011,307363,V1313210255,FINLANDIA,CALLE,4,4,"[-70.59003935948616, -33.399694645337235]","POLYGON((-70.59003935948616 -33.399694645337235, -70.58981495159665 -33.39961707703027, -70.58993783628706 -33.39936696170863, -70.59016224362385 -33.39944452981207, -70.59003935948616 -33.399694645337235))"
151600045900038,13132011002011,306590,V1313210062,VITACURA,AVENIDA,4,4,"[-70.59003935948616, -33.399694645337235]","POLYGON((-70.59003935948616 -33.399694645337235, -70.58981495159665 -33.39961707703027, -70.58993783628706 -33.39936696170863, -70.59016224362385 -33.39944452981207, -70.59003935948616 -33.399694645337235))"
151600045900038,13132011002011,306636,V1313210062,VITACURA,AVENIDA,4,4,"[-70.59003935948616, -33.399694645337235]","POLYGON((-70.59003935948616 -33.399694645337235, -70.58981495159665 -33.39961707703027, -70.58993783628706 -33.39936696170863, -70.59016224362385 -33.39944452981207, -70.59003935948616 -33.399694645337235))"
151600045900038,13132011002011,306527,V1313210062,VITACURA,AVENIDA,4,4,"[-70.59003935948616, -33.399694645337235]","POLYGON((-70.59003935948616 -33.399694645337235, -70.58981495159665 -33.39961707703027, -70.58993783628706 -33.39936696170863, -70.59016224362385 -33.39944452981207, -70.59003935948616 -33.399694645337235))"
151600045900040,13132011002011,307946,V1313210369,LOS LAURELES,CALLE,2,4,"[-70.58968893786069, -33.399870846842646]","POLYGON((-70.58968893786069 -33.399870846842646, -70.5896424685087 -33.399964151645015, -70.58934487047154 -33.399859876535125, -70.5893913400956 -33.39976657183498, -70.58968893786069 -33.399870846842646))"
151600045900041,13132011002011,307946,V1313210369,LOS LAURELES,CALLE,3,4,"[-70.5896424685087, -33.399964151645015]","POLYGON((-70.5896424685087 -33.399964151645015, -70.58960401997558 -33.40004328492273, -70.5893053487747 -33.399941190715474, -70.58934379754149 -33.39986205752242, -70.5896424685087 -33.399964151645015))"
151600046100006,13132011002012,306619,V1313210062,VITACURA,AVENIDA,4,4,"[-70.58883241443252, -33.399278937947486]","POLYGON((-70.58883241443252 -33.399278937947486, -70.58864643470805 -33.39921548517257, -70.58876795409432 -33.39896490104213, -70.58895393335774 -33.39902835365048, -70.58883241443252 -33.399278937947486))"
151600046100006,13132011002012,306517,V1313210062,VITACURA,AVENIDA,4,4,"[-70.58883241443252, -33.399278937947486]","POLYGON((-70.58883241443252 -33.399278937947486, -70.58864643470805 -33.39921548517257, -70.58876795409432 -33.39896490104213, -70.58895393335774 -33.39902835365048, -70.58883241443252 -33.399278937947486))"
151600046100007,13132011002012,306619,V1313210062,VITACURA,AVENIDA,3,4,"[-70.5886464215793, -33.39921476386692]","POLYGON((-70.5886464215793 -33.39921476386692, -70.58845416482588 -33.39914904638884, -70.58857587965547 -33.39889852901275, -70.58876813593274 -33.39896424631832, -70.5886464215793 -33.39921476386692))"
151600046100007,13132011002012,306517,V1313210062,VITACURA,AVENIDA,3,4,"[-70.5886464215793, -33.39921476386692]","POLYGON((-70.5886464215793 -33.39921476386692, -70.58845416482588 -33.39914904638884, -70.58857587965547 -33.39889852901275, -70.58876813593274 -33.39896424631832, -70.5886464215793 -33.39921476386692))"
151600046300009,13132011001017,307897,V1313210354,LOS ABEDULES,CALLE,4,4,"[-70.5999000593021, -33.40644575124079]","POLYGON((-70.5999000593021 -33.40644575124079, -70.59980530532454 -33.40645626225262, -70.5997630134074 -33.40618807797019, -70.59985776710148 -33.40617756699875, -70.5999000593021 -33.40644575124079))"
151600046300010,13132011001017,307897,V1313210354,LOS ABEDULES,CALLE,3,4,"[-70.6000932404325, -33.40642567364309]","POLYGON((-70.6000932404325 -33.40642567364309, -70.5999000593021 -33.40644575124079, -70.59986039387869 -33.40617728480841, -70.60005357442891 -33.4061572072891, -70.6000932404325 -33.40642567364309))"
151600046300011,13132011001017,307897,V1313210354,LOS ABEDULES,CALLE,4,4,"[-70.60030873059564, -33.40640251223884]","POLYGON((-70.60030873059564 -33.40640251223884, -70.6000932404325 -33.40642567364309, -70.60005224137416 -33.406157348201425, -70.60026773089137 -33.40613418688686, -70.60030873059564 -33.40640251223884))"
151600046500030,13132011001012,306791,V1313210120,AURELIO GONZALEZ,CALLE,2,4,"[-70.5993323901141, -33.40230785575604]","POLYGON((-70.5993323901141 -33.40230785575604, -70.59935559708192 -33.402459426405315, -70.59903569466879 -33.40249388333728, -70.5990124882425 -33.40234231261268, -70.5993323901141 -33.40230785575604))"
151600046500031,13132011001012,306791,V1313210120,AURELIO GONZALEZ,CALLE,2,4,"[-70.59931987721798, -33.40222351467281]","POLYGON((-70.59931987721798 -33.40222351467281, -70.59933323687076 -33.40230712336748, -70.59901356606996 -33.402343057226076, -70.5990002067151 -33.402259448488486, -70.59931987721798 -33.40222351467281))"
151600046500032,13132011001012,306791,V1313210120,AURELIO GONZALEZ,CALLE,2,4,"[-70.59930547606598, -33.40211827524322]","POLYGON((-70.59930547606598 -33.40211827524322, -70.59932072397396 -33.402222782284326, -70.59900058362666 -33.40225564192345, -70.59898533609308 -33.40215113483227, -70.59930547606598 -33.40211827524322))"
151600046700032,13132011003033,306576,V1313210062,VITACURA,AVENIDA,3,4,"[-70.59795551421335, -33.40549935435059]","POLYGON((-70.59795551421335 -33.40549935435059, -70.59825855642316 -33.40578295674408, -70.59801836009987 -33.40596350235433, -70.59771531799413 -33.40567989937724, -70.59795551421335 -33.40549935435059))"
151600046700032,13132011003033,306586,V1313210062,VITACURA,AVENIDA,3,4,"[-70.59795551421335, -33.40549935435059]","POLYGON((-70.59795551421335 -33.40549935435059, -70.59825855642316 -33.40578295674408, -70.59801836009987 -33.40596350235433, -70.59771531799413 -33.40567989937724, -70.59795551421335 -33.40549935435059))"
151600047100002,13132011003031,308332,V1313210477,RODRIGO DE QUIROGA,CALLE,3,4,"[-70.5968987547121, -33.404101402794026]","POLYGON((-70.5968987547121 -33.404101402794026, -70.59708464636782 -33.404082776551625, -70.59712290669422 -33.40435138664492, -70.59693701447915 -33.40437001296065, -70.5968987547121 -33.404101402794026))"
151600047100007,13132011003031,308332,V1313210477,RODRIGO DE QUIROGA,CALLE,1,4,"[-70.59708464636782, -33.404082776551625]","POLYGON((-70.59708464636782 -33.404082776551625, -70.59723844188602 -33.404067088449054, -70.59727738207916 -33.404335629791106, -70.59712358609865 -33.404351317955175, -70.59708464636782 -33.404082776551625))"
151600047100008,13132011003031,308332,V1313210477,RODRIGO DE QUIROGA,CALLE,2,5,"[-70.59723931508164, -33.40406779867807]","POLYGON((-70.59723931508164 -33.40406779867807, -70.5974225322967 -33.40404992783864, -70.59745979049222 -33.404318636981095, -70.5972765727251 -33.40433650789137, -70.59723931508164 -33.40406779867807))"
151600047100008,13132011003031,308333,V1313210477,RODRIGO DE QUIROGA,CALLE,2,5,"[-70.59723931508164, -33.40406779867807]","POLYGON((-70.59723931508164 -33.40406779867807, -70.5974225322967 -33.40404992783864, -70.59745979049222 -33.404318636981095, -70.5972765727251 -33.40433650789137, -70.59723931508164 -33.40406779867807))"
151600047100008,13132011003031,308371,V1313210491,SANCHO DE LA HOZ,CALLE,2,5,"[-70.59723931508164, -33.40406779867807]","POLYGON((-70.59723931508164 -33.40406779867807, -70.5974225322967 -33.40404992783864, -70.59745979049222 -33.404318636981095, -70.5972765727251 -33.40433650789137, -70.59723931508164 -33.40406779867807))"
151600047100011,13132011003031,308333,V1313210477,RODRIGO DE QUIROGA,CALLE,2,5,"[-70.5979295756391, -33.40400065028744]","POLYGON((-70.5979295756391 -33.40400065028744, -70.59811105768422 -33.40398198913009, -70.5981503063276 -33.404250498800145, -70.59796882373715 -33.40426916003052, -70.5979295756391 -33.40400065028744))"
151600047100012,13132011003031,306265,V1313210049,NUEVA COSTANERA,AVENIDA,1,4,"[-70.59841235823437, -33.403953577141294]","POLYGON((-70.59841235823437 -33.403953577141294, -70.59837925296799 -33.40372529710724, -70.59869942725578 -33.40369263325306, -70.59873253334031 -33.40392091317824, -70.59841235823437 -33.403953577141294))"
151600047100012,13132011003031,306283,V1313210049,NUEVA COSTANERA,AVENIDA,1,4,"[-70.59841235823437, -33.403953577141294]","POLYGON((-70.59841235823437 -33.403953577141294, -70.59837925296799 -33.40372529710724, -70.59869942725578 -33.40369263325306, -70.59873253334031 -33.40392091317824, -70.59841235823437 -33.403953577141294))"
151600047100012,13132011003031,308333,V1313210477,RODRIGO DE QUIROGA,CALLE,2,4,"[-70.5981119308858, -33.403982699352774]","POLYGON((-70.5981119308858 -33.403982699352774, -70.59841235823437 -33.403953577141294, -70.59844938918044 -33.40422230828933, -70.5981489609264 -33.404251430616455, -70.5981119308858 -33.403982699352774))"
151600047100013,13132011003031,306265,V1313210049,NUEVA COSTANERA,AVENIDA,4,4,"[-70.59838009809475, -33.403724474562]","POLYGON((-70.59838009809475 -33.403724474562, -70.59835872300425 -33.40357892246015, -70.59867883732727 -33.40354585138651, -70.59870021293906 -33.40369140341828, -70.59838009809475 -33.403724474562))"
151600047100013,13132011003031,306283,V1313210049,NUEVA COSTANERA,AVENIDA,4,4,"[-70.59838009809475, -33.403724474562]","POLYGON((-70.59838009809475 -33.403724474562, -70.59835872300425 -33.40357892246015, -70.59867883732727 -33.40354585138651, -70.59870021293906 -33.40369140341828, -70.59838009809475 -33.403724474562))"
151600047100014,13132011003031,306265,V1313210049,NUEVA COSTANERA,AVENIDA,1,4,"[-70.59835956978127, -33.403578190077745]","POLYGON((-70.59835956978127 -33.403578190077745, -70.5983300861082 -33.40337150750932, -70.59865033472302 -33.403339369379744, -70.59867981913746 -33.40354605185082, -70.59835956978127 -33.403578190077745))"
151600047100014,13132011003031,306283,V1313210049,NUEVA COSTANERA,AVENIDA,1,4,"[-70.59835956978127, -33.403578190077745]","POLYGON((-70.59835956978127 -33.403578190077745, -70.5983300861082 -33.40337150750932, -70.59865033472302 -33.403339369379744, -70.59867981913746 -33.40354605185082, -70.59835956978127 -33.403578190077745))"
151600047100015,13132011003031,306703,V1313210085,ANTONIO DE PASTRANA,CALLE,1,4,"[-70.59830057287168, -33.4031632019941]","POLYGON((-70.59830057287168 -33.4031632019941, -70.5979903111947 -33.40319533646346, -70.59795078394008 -33.40292685553614, -70.59826104468519 -33.4028947211923, -70.59830057287168 -33.4031632019941))"
151600047100015,13132011003031,306265,V1313210049,NUEVA COSTANERA,AVENIDA,2,4,"[-70.59833007289738, -33.40337078620756]","POLYGON((-70.59833007289738 -33.40337078620756, -70.59830057287168 -33.4031632019941, -70.5986208378194 -33.40313118392054, -70.59865033858986 -33.40333876803652, -70.59833007289738 -33.40337078620756))"
151600047100015,13132011003031,306283,V1313210049,NUEVA COSTANERA,AVENIDA,2,4,"[-70.59833007289738, -33.40337078620756]","POLYGON((-70.59833007289738 -33.40337078620756, -70.59830057287168 -33.4031632019941, -70.5986208378194 -33.40313118392054, -70.59865033858986 -33.40333876803652, -70.59833007289738 -33.40337078620756))"
151600047100030,13132011003031,306703,V1313210085,ANTONIO DE PASTRANA,CALLE,4,5,"[-70.59798943635124, -33.40319453607678]","POLYGON((-70.59798943635124 -33.40319453607678, -70.59781685348364 -33.40321172964789, -70.5977788110342 -33.40294309785275, -70.5979513933824 -33.402925904349445, -70.59798943635124 -33.40319453607678))"
151600047500008,13132011003026,306561,V1313210062,VITACURA,AVENIDA,4,6,"[-70.5952089070434, -33.40294308640049]","POLYGON((-70.5952089070434 -33.40294308640049, -70.59533139135232 -33.4030556843089, -70.59509312751808 -33.40323801589535, -70.59497064324084 -33.40312541775328, -70.5952089070434 -33.40294308640049))"
151600047500008,13132011003026,306632,V1313210062,VITACURA,AVENIDA,4,6,"[-70.5952089070434, -33.40294308640049]","POLYGON((-70.5952089070434 -33.40294308640049, -70.59533139135232 -33.4030556843089, -70.59509312751808 -33.40323801589535, -70.59497064324084 -33.40312541775328, -70.5952089070434 -33.40294308640049))"
151600047500009,13132011003026,306561,V1313210062,VITACURA,AVENIDA,3,4,"[-70.59506410294301, -33.402809401730266]","POLYGON((-70.59506410294301 -33.402809401730266, -70.5952088922105 -33.40294227493472, -70.59497081558753 -33.40312477820886, -70.59482602635632 -33.40299190472843, -70.59506410294301 -33.402809401730266))"
151600047500009,13132011003026,306632,V1313210062,VITACURA,AVENIDA,3,4,"[-70.59506410294301, -33.402809401730266]","POLYGON((-70.59506410294301 -33.402809401730266, -70.5952088922105 -33.40294227493472, -70.59497081558753 -33.40312477820886, -70.59482602635632 -33.40299190472843, -70.59506410294301 -33.402809401730266))"
151600047500013,13132011003026,306561,V1313210062,VITACURA,AVENIDA,4,6,"[-70.59491829226273, -33.40267356540451]","POLYGON((-70.59491829226273 -33.40267356540451, -70.59506408975945 -33.402808680427285, -70.59482495596043 -33.40299020845637, -70.59467915850699 -33.40285509315429, -70.59491829226273 -33.40267356540451))"
151600047500013,13132011003026,307911,V1313210359,LOS ACANTOS,CALLE,4,6,"[-70.59491829226273, -33.40267356540451]","POLYGON((-70.59491829226273 -33.40267356540451, -70.59506408975945 -33.402808680427285, -70.59482495596043 -33.40299020845637, -70.59467915850699 -33.40285509315429, -70.59491829226273 -33.40267356540451))"
151600047500013,13132011003026,306632,V1313210062,VITACURA,AVENIDA,4,6,"[-70.59491829226273, -33.40267356540451]","POLYGON((-70.59491829226273 -33.40267356540451, -70.59506408975945 -33.402808680427285, -70.59482495596043 -33.40299020845637, -70.59467915850699 -33.40285509315429, -70.59491829226273 -33.40267356540451))"
151600047700002,13132011003025,305625,V1313210003,ALONSO DE CORDOVA,AVENIDA,1,4,"[-70.59418429703149, -33.40178233157723]","POLYGON((-70.59418429703149 -33.40178233157723, -70.59433534212889 -33.401745759767245, -70.59442479499715 -33.40200566751271, -70.5942737494965 -33.402042239442416, -70.59418429703149 -33.40178233157723))"
151600047700003,13132011003025,305625,V1313210003,ALONSO DE CORDOVA,AVENIDA,1,4,"[-70.59433534212889, -33.401745759767245]","POLYGON((-70.59433534212889 -33.401745759767245, -70.5944596299416 -33.40171593475579, -70.59454834607692 -33.401976020070215, -70.59442405793153 -33.40200584517946, -70.59433534212889 -33.401745759767245))"
151600047700007,13132011003025,305625,V1313210003,ALONSO DE CORDOVA,AVENIDA,1,4,"[-70.59505324717456, -33.401574199932405]","POLYGON((-70.59505324717456 -33.401574199932405, -70.59522763503023 -33.40153236678758, -70.59531632295715 -33.4017924587591, -70.59514193463467 -33.40183429204111, -70.59505324717456 -33.401574199932405))"
151600047700007,13132011003025,306667,V1313210074,ALONSO DE MONROY,CALLE,1,4,"[-70.59505324717456, -33.401574199932405]","POLYGON((-70.59505324717456 -33.401574199932405, -70.59522763503023 -33.40153236678758, -70.59531632295715 -33.4017924587591, -70.59514193463467 -33.40183429204111, -70.59505324717456 -33.401574199932405))"
151600047700007,13132011003025,305627,V1313210003,ALONSO DE CORDOVA,AVENIDA,1,4,"[-70.59505324717456, -33.401574199932405]","POLYGON((-70.59505324717456 -33.401574199932405, -70.59522763503023 -33.40153236678758, -70.59531632295715 -33.4017924587591, -70.59514193463467 -33.40183429204111, -70.59505324717456 -33.401574199932405))"
151600047700009,13132011003025,305627,V1313210003,ALONSO DE CORDOVA,AVENIDA,1,4,"[-70.59522763503023, -33.40153236678758]","POLYGON((-70.59522763503023 -33.40153236678758, -70.5953975210584 -33.40149131276788, -70.5954868134899 -33.40175125916713, -70.5953169270079 -33.40179231332127, -70.59522763503023 -33.40153236678758))"
151600047700019,13132011003025,308217,V1313210448,PEDRO DE VILLAGRA,CALLE,3,4,"[-70.5944561434191, -33.400924794534426]","POLYGON((-70.5944561434191 -33.400924794534426, -70.5942790009948 -33.40096882640148, -70.5941873605015 -33.40070945558245, -70.59436450245647 -33.40066542385877, -70.5944561434191 -33.400924794534426))"
151600047700020,13132011003025,308217,V1313210448,PEDRO DE VILLAGRA,CALLE,3,4,"[-70.59463319133852, -33.40088148510443]","POLYGON((-70.59463319133852 -33.40088148510443, -70.59445701656036 -33.400925504784965, -70.59436493717668 -33.4006662433705, -70.59454111148885 -33.400622223833146, -70.59463319133852 -33.40088148510443))"
151600047700020,13132011003025,309113,V1313210656,PEDRO DE VILLAGRA,PASAJE,3,4,"[-70.59463319133852, -33.40088148510443]","POLYGON((-70.59463319133852 -33.40088148510443, -70.59445701656036 -33.400925504784965, -70.59436493717668 -33.4006662433705, -70.59454111148885 -33.400622223833146, -70.59463319133852 -33.40088148510443))"
151600047700020,13132011003025,308216,V1313210448,PEDRO DE VILLAGRA,CALLE,3,4,"[-70.59463319133852, -33.40088148510443]","POLYGON((-70.59463319133852 -33.40088148510443, -70.59445701656036 -33.400925504784965, -70.59436493717668 -33.4006662433705, -70.59454111148885 -33.400622223833146, -70.59463319133852 -33.40088148510443))"
151600047700023,13132011003025,308216,V1313210448,PEDRO DE VILLAGRA,CALLE,4,4,"[-70.59480296893099, -33.40084043330608]","POLYGON((-70.59480296893099 -33.40084043330608, -70.59463406448072 -33.40088219535371, -70.59454287014695 -33.40062271398083, -70.59471177414903 -33.40058095206933, -70.59480296893099 -33.40084043330608))"
151600047700024,13132011003025,308216,V1313210448,PEDRO DE VILLAGRA,CALLE,4,4,"[-70.59498184555531, -33.400797190058576]","POLYGON((-70.59498184555531 -33.400797190058576, -70.59480296893099 -33.40084043330608, -70.59471364723885 -33.40058049410231, -70.59489252338541 -33.40053725099639, -70.59498184555531 -33.400797190058576))"
151600047700025,13132011003025,308216,V1313210448,PEDRO DE VILLAGRA,CALLE,2,5,"[-70.5951677771261, -33.40075169142249]","POLYGON((-70.5951677771261 -33.40075169142249, -70.59498184555531 -33.400797190058576, -70.59489151651505 -33.40053749589427, -70.59507744759095 -33.4004919974068, -70.5951677771261 -33.40075169142249))"
151600047700026,13132011003025,308216,V1313210448,PEDRO DE VILLAGRA,CALLE,5,6,"[-70.59537437594403, -33.4007015978944]","POLYGON((-70.59537437594403 -33.4007015978944, -70.5951677771261 -33.40075169142249, -70.59507821059452 -33.400491811549514, -70.59528480886112 -33.40044171818535, -70.59537437594403 -33.4007015978944))"
151600048100008,13132011002005,308368,V1313210490,SAN PATRICIO,CALLE,4,4,"[-70.58973459335158, -33.39857584795942]","POLYGON((-70.58973459335158 -33.39857584795942, -70.58978548137098 -33.39847725580991, -70.59008145078629 -33.39858473341876, -70.59003056304883 -33.39868332568003, -70.58973459335158 -33.39857584795942))"
151600048100009,13132011002005,308368,V1313210490,SAN PATRICIO,CALLE,1,4,"[-70.58966568785266, -33.39871236795869]","POLYGON((-70.58966568785266 -33.39871236795869, -70.58973459335158 -33.39857584795942, -70.59003159058953 -33.39868131256818, -70.58996268548589 -33.39881783271893, -70.58966568785266 -33.39871236795869))"
151600048100010,13132011002005,308368,V1313210490,SAN PATRICIO,CALLE,1,4,"[-70.58958868339471, -33.398864683745316]","POLYGON((-70.58958868339471 -33.398864683745316, -70.58966568785266 -33.39871236795869, -70.58996261140376 -33.39881797937565, -70.58988560738645 -33.39897029533156, -70.58958868339471 -33.398864683745316))"
151600048100068,13132011002008,306636,V1313210062,VITACURA,AVENIDA,5,6,"[-70.5908476406056, -33.399774557463026]","POLYGON((-70.5908476406056 -33.399774557463026, -70.59122936398333 -33.399905930175365, -70.59110693545591 -33.400156202942846, -70.59072521113589 -33.40002482988576, -70.5908476406056 -33.399774557463026))"
151600048100068,13132011002008,306527,V1313210062,VITACURA,AVENIDA,5,6,"[-70.5908476406056, -33.399774557463026]","POLYGON((-70.5908476406056 -33.399774557463026, -70.59122936398333 -33.399905930175365, -70.59110693545591 -33.400156202942846, -70.59072521113589 -33.40002482988576, -70.5908476406056 -33.399774557463026))"
151600048300014,13132011002005,307320,V1313210244,ESPOZ,CALLE,1,6,"[-70.58987847212695, -33.397774160404985]","POLYGON((-70.58987847212695 -33.397774160404985, -70.58988286345749 -33.39775552618029, -70.59019925469909 -33.39780798436719, -70.59019486343442 -33.397826618601, -70.58987847212695 -33.397774160404985))"
151600048300014,13132011002005,307320,V1313210244,ESPOZ,CALLE,2,6,"[-70.58991239625846, -33.397789056974034]","POLYGON((-70.58991239625846 -33.397789056974034, -70.58987847212695 -33.397774160404985, -70.59002805261743 -33.397534494593415, -70.59006197667784 -33.39754939112411, -70.58991239625846 -33.397789056974034))"
151600048300015,13132011002005,307320,V1313210244,ESPOZ,CALLE,1,4,"[-70.58988286345749, -33.39775552618029]","POLYGON((-70.58988286345749 -33.39775552618029, -70.58993029889689 -33.39766220890018, -70.59022697026947 -33.3977683106823, -70.59017953509921 -33.397861628066664, -70.58988286345749 -33.39775552618029))"
151600048300016,13132011002005,307315,V1313210244,ESPOZ,CALLE,1,4,"[-70.59000273474766, -33.3975188796915]","POLYGON((-70.59000273474766 -33.3975188796915, -70.5898739609619 -33.39747336365651, -70.58999919839806 -33.39722407172985, -70.59012797187033 -33.397269587645525, -70.59000273474766 -33.3975188796915))"
151600048300016,13132011002005,307320,V1313210244,ESPOZ,CALLE,2,4,"[-70.58993029889689, -33.39766220890018]","POLYGON((-70.58993029889689 -33.39766220890018, -70.59000273474766 -33.3975188796915, -70.59029966941537 -33.397624461021394, -70.59022723397928 -33.39776779038931, -70.58993029889689 -33.39766220890018))"
151600048300018,13132011002005,307315,V1313210244,ESPOZ,CALLE,4,4,"[-70.58947610926077, -33.39733533914274]","POLYGON((-70.58947610926077 -33.39733533914274, -70.58923559001569 -33.39725238464157, -70.58935823744658 -33.397002188398694, -70.58959875609865 -33.39708514268221, -70.58947610926077 -33.39733533914274))"
151600048300026,13132011002005,308368,V1313210490,SAN PATRICIO,CALLE,4,6,"[-70.58995975663294, -33.398423527245896]","POLYGON((-70.58995975663294 -33.398423527245896, -70.59021196743478 -33.39848703098056, -70.59011924165827 -33.39874613017969, -70.58986703015916 -33.39868262627919, -70.58995975663294 -33.398423527245896))"
151600048300026,13132011002005,308368,V1313210490,SAN PATRICIO,CALLE,5,6,"[-70.58986239159013, -33.39838473324326]","POLYGON((-70.58986239159013 -33.39838473324326, -70.58995975663294 -33.398423527245896, -70.58982137442646 -33.39866788101488, -70.58972400916339 -33.39862908691133, -70.58986239159013 -33.39838473324326))"
151600048300034,13132011002005,305656,V1313210005,AMERICO VESPUCIO NORTE,AVENIDA,2,5,"[-70.58890656740029, -33.397138908508545]","POLYGON((-70.58890656740029 -33.397138908508545, -70.58872245549934 -33.39759723786825, -70.5884168264223 -33.39751085794133, -70.58860093978438 -33.3970525289871, -70.58890656740029 -33.397138908508545))"
151600048300034,13132011002005,307315,V1313210244,ESPOZ,CALLE,3,5,"[-70.58923559001569, -33.39725238464157]","POLYGON((-70.58923559001569 -33.39725238464157, -70.58890656740029 -33.397138908508545, -70.5890292119535 -33.396888711291155, -70.58935823375768 -33.397002187126425, -70.58923559001569 -33.39725238464157))"
151600048300049,13132011002005,307315,V1313210244,ESPOZ,CALLE,6,6,"[-70.58952707260636, -33.39735308378121]","POLYGON((-70.58952707260636 -33.39735308378121, -70.58947612239542 -33.3973360604483, -70.58959546835581 -33.3970847433571, -70.58964641843917 -33.39710176664529, -70.58952707260636 -33.39735308378121))"
151600050100005,13132011003029,306260,V1313210049,NUEVA COSTANERA,AVENIDA,1,4,"[-70.59825588084348, -33.40284822397848]","POLYGON((-70.59825588084348 -33.40284822397848, -70.59822553610465 -33.40264146226408, -70.59854564999499 -33.40260841156765, -70.59857599547435 -33.40281517318255, -70.59825588084348 -33.40284822397848))"
151600050100005,13132011003029,306249,V1313210049,NUEVA COSTANERA,AVENIDA,1,4,"[-70.59825588084348, -33.40284822397848]","POLYGON((-70.59825588084348 -33.40284822397848, -70.59822553610465 -33.40264146226408, -70.59854564999499 -33.40260841156765, -70.59857599547435 -33.40281517318255, -70.59825588084348 -33.40284822397848))"
151600050100006,13132011003029,306260,V1313210049,NUEVA COSTANERA,AVENIDA,3,4,"[-70.59822638287402, -33.40264072988274]","POLYGON((-70.59822638287402 -33.40264072988274, -70.5982004167517 -33.40246168841734, -70.59852058608877 -33.40242902225887, -70.59854655285274 -33.40260806363888, -70.59822638287402 -33.40264072988274))"
151600050100006,13132011003029,306249,V1313210049,NUEVA COSTANERA,AVENIDA,3,4,"[-70.59822638287402, -33.40264072988274]","POLYGON((-70.59822638287402 -33.40264072988274, -70.5982004167517 -33.40246168841734, -70.59852058608877 -33.40242902225887, -70.59854655285274 -33.40260806363888, -70.59822638287402 -33.40264072988274))"
151600050100007,13132011003029,306668,V1313210074,ALONSO DE MONROY,CALLE,1,6,"[-70.5981673344076, -33.40222871839306]","POLYGON((-70.5981673344076 -33.40222871839306, -70.59749946436663 -33.40228475747144, -70.59746736039823 -33.402015580749065, -70.5981352284139 -33.40195954190189, -70.5981673344076 -33.40222871839306))"
151600050100007,13132011003029,306260,V1313210049,NUEVA COSTANERA,AVENIDA,2,6,"[-70.5982004167517, -33.40246168841734]","POLYGON((-70.5982004167517 -33.40246168841734, -70.5981673344076 -33.40222871839306, -70.59848759931785 -33.402196724094644, -70.59852068249778 -33.402429694009555, -70.5982004167517 -33.40246168841734))"
151600050100007,13132011003029,306249,V1313210049,NUEVA COSTANERA,AVENIDA,2,6,"[-70.5982004167517, -33.40246168841734]","POLYGON((-70.5982004167517 -33.40246168841734, -70.5981673344076 -33.40222871839306, -70.59848759931785 -33.402196724094644, -70.59852068249778 -33.402429694009555, -70.5982004167517 -33.40246168841734))"
151600050100007,13132011003029,307552,V1313210306,JUAN DE VALIENTE,CALLE,6,6,"[-70.59749946436663, -33.40228475747144]","POLYGON((-70.59749946436663 -33.40228475747144, -70.59756830830388 -33.4027034069829, -70.59724880244256 -33.40274036844565, -70.59717995999434 -33.402321718714525, -70.59749946436663 -33.40228475747144))"
151600050700001,13132011003022,308217,V1313210448,PEDRO DE VILLAGRA,CALLE,1,4,"[-70.5937399825754, -33.401009120417974]","POLYGON((-70.5937399825754 -33.401009120417974, -70.59395362018587 -33.400932244313736, -70.59408078134904 -33.40118085151082, -70.59386714326034 -33.401257727845866, -70.5937399825754 -33.401009120417974))"
151600050700003,13132011003022,308217,V1313210448,PEDRO DE VILLAGRA,CALLE,1,4,"[-70.59395362018587, -33.400932244313736]","POLYGON((-70.59395362018587 -33.400932244313736, -70.59417894132788 -33.400876952077446, -70.59426950529078 -33.401136588814865, -70.59404418354954 -33.40119188123166, -70.59395362018587 -33.400932244313736))"
151600050700004,13132011003022,308217,V1313210448,PEDRO DE VILLAGRA,CALLE,1,4,"[-70.59417980129119, -33.40087694102654]","POLYGON((-70.59417980129119 -33.40087694102654, -70.59438190105904 -33.4008277186106, -70.59447183949135 -33.40108750824466, -70.59426973918485 -33.40113673082151, -70.59417980129119 -33.40087694102654))"
151600050700005,13132011003022,308217,V1313210448,PEDRO DE VILLAGRA,CALLE,2,4,"[-70.59438190105904, -33.4008277186106]","POLYGON((-70.59438190105904 -33.4008277186106, -70.59460444157895 -33.40077327300267, -70.59469475426596 -33.401032971246025, -70.59447221315368 -33.40108741703183, -70.59438190105904 -33.4008277186106))"
151600050700005,13132011003022,309113,V1313210656,PEDRO DE VILLAGRA,PASAJE,2,4,"[-70.59438190105904, -33.4008277186106]","POLYGON((-70.59438190105904 -33.4008277186106, -70.59460444157895 -33.40077327300267, -70.59469475426596 -33.401032971246025, -70.59447221315368 -33.40108741703183, -70.59438190105904 -33.4008277186106))"
151600050700005,13132011003022,308216,V1313210448,PEDRO DE VILLAGRA,CALLE,2,4,"[-70.59438190105904, -33.4008277186106]","POLYGON((-70.59438190105904 -33.4008277186106, -70.59460444157895 -33.40077327300267, -70.59469475426596 -33.401032971246025, -70.59447221315368 -33.40108741703183, -70.59438190105904 -33.4008277186106))"
151600050700006,13132011003022,308216,V1313210448,PEDRO DE VILLAGRA,CALLE,2,4,"[-70.59460540903633, -33.40077326056711]","POLYGON((-70.59460540903633 -33.40077326056711, -70.59478514559588 -33.400730006550205, -70.59487409387035 -33.40099003584653, -70.59469435683009 -33.40103329000518, -70.59460540903633 -33.40077326056711))"
151600050700007,13132011003022,308216,V1313210448,PEDRO DE VILLAGRA,CALLE,2,4,"[-70.59478514559588, -33.400730006550205]","POLYGON((-70.59478514559588 -33.400730006550205, -70.59497193710108 -33.40068449715341, -70.59506190325457 -33.400944279947915, -70.59487511125158 -33.400989789493494, -70.59478514559588 -33.400730006550205))"
151600050700008,13132011003022,308216,V1313210448,PEDRO DE VILLAGRA,CALLE,2,4,"[-70.59497193710108, -33.40068449715341]","POLYGON((-70.59497193710108 -33.40068449715341, -70.59515883424768 -33.40063889593564, -70.5952489206879 -33.40089864937486, -70.59506202304343 -33.40094425074167, -70.59497193710108 -33.40068449715341))"
151600050700009,13132011003022,308216,V1313210448,PEDRO DE VILLAGRA,CALLE,3,6,"[-70.59515883424768, -33.40063889593564]","POLYGON((-70.59515883424768 -33.40063889593564, -70.59534562534117 -33.40059338598698, -70.59543559249039 -33.40085316848384, -70.59524880089911 -33.400898678581285, -70.59515883424768 -33.40063889593564))"
151600050700010,13132011003022,308216,V1313210448,PEDRO DE VILLAGRA,CALLE,2,4,"[-70.59534562534117, -33.40059338598698]","POLYGON((-70.59534562534117 -33.40059338598698, -70.59551111539078 -33.40055310984149, -70.5956009918753 -33.40081291439166, -70.59543550138454 -33.40085319066886, -70.59534562534117 -33.40059338598698))"
151600050700011,13132011003022,308216,V1313210448,PEDRO DE VILLAGRA,CALLE,1,4,"[-70.59551111539078, -33.40055310984149]","POLYGON((-70.59551111539078 -33.40055310984149, -70.59570509506553 -33.40050678543069, -70.5957934134224 -33.400766965605136, -70.59559943322776 -33.400813290167974, -70.59551111539078 -33.40055310984149))"
151600050700011,13132011003022,305988,V1313210035,FRANCISCO DE AGUIRRE,AVENIDA,4,4,"[-70.59570509506553, -33.40050678543069]","POLYGON((-70.59570509506553 -33.40050678543069, -70.59567565092566 -33.400319491082435, -70.59599540481621 -33.40028412588823, -70.5960248496241 -33.400471420141585, -70.59570509506553 -33.40050678543069))"
151600050700012,13132011003022,305988,V1313210035,FRANCISCO DE AGUIRRE,AVENIDA,1,4,"[-70.59567649769546, -33.400318758718264]","POLYGON((-70.59567649769546 -33.400318758718264, -70.5956603810707 -33.40021940278657, -70.59597995804644 -33.40018293216631, -70.59599607502486 -33.40028228804642, -70.59567649769546 -33.400318758718264))"
151600050700013,13132011003022,305988,V1313210035,FRANCISCO DE AGUIRRE,AVENIDA,1,5,"[-70.59566122783973, -33.40021867042253]","POLYGON((-70.59566122783973 -33.40021867042253, -70.59564425165033 -33.40011346357695, -70.59596385862581 -33.400077180768584, -70.59598083518982 -33.400182387559774, -70.59566122783973 -33.40021867042253))"
151600050700021,13132011003022,308145,V1313210426,O'BRIEN,CALLE,4,5,"[-70.59367466427828, -33.4001111846488]","POLYGON((-70.59367466427828 -33.4001111846488, -70.59343590462075 -33.40016646818779, -70.59335008215008 -33.399905700938625, -70.59358884116236 -33.399850417582144, -70.59367466427828 -33.4001111846488))"
151600050700022,13132011003022,308145,V1313210426,O'BRIEN,CALLE,3,4,"[-70.5939017725868, -33.4000596577169]","POLYGON((-70.5939017725868 -33.4000596577169, -70.59367553740499 -33.40011189490539, -70.59358993792343 -33.399851076129714, -70.59381617249342 -33.3997988391138, -70.5939017725868 -33.4000596577169))"
151600050700027,13132011003022,309085,V1313210644,O'BRIEN,PASAJE,4,5,"[-70.59410650486518, -33.40001337802638]","POLYGON((-70.59410650486518 -33.40001337802638, -70.59390264736133 -33.40006045813482, -70.5938170312563 -33.39979964322907, -70.59402088820886 -33.39975256327618, -70.59410650486518 -33.40001337802638))"
151600050700027,13132011003022,308145,V1313210426,O'BRIEN,CALLE,4,5,"[-70.59410650486518, -33.40001337802638]","POLYGON((-70.59410650486518 -33.40001337802638, -70.59390264736133 -33.40006045813482, -70.5938170312563 -33.39979964322907, -70.59402088820886 -33.39975256327618, -70.59410650486518 -33.40001337802638))"
151600050700027,13132011003022,308148,V1313210426,O'BRIEN,CALLE,4,5,"[-70.59410650486518, -33.40001337802638]","POLYGON((-70.59410650486518 -33.40001337802638, -70.59390264736133 -33.40006045813482, -70.5938170312563 -33.39979964322907, -70.59402088820886 -33.39975256327618, -70.59410650486518 -33.40001337802638))"
151600050700028,13132011003022,309084,V1313210644,O'BRIEN,PASAJE,4,4,"[-70.59430942268621, -33.39996784279212]","POLYGON((-70.59430942268621 -33.39996784279212, -70.59410737964104 -33.40001417844282, -70.59402231904991 -33.399753235719416, -70.5942243615477 -33.399706900222014, -70.59430942268621 -33.39996784279212))"
151600050700028,13132011003022,308147,V1313210426,O'BRIEN,CALLE,4,4,"[-70.59430942268621, -33.39996784279212]","POLYGON((-70.59430942268621 -33.39996784279212, -70.59410737964104 -33.40001417844282, -70.59402231904991 -33.399753235719416, -70.5942243615477 -33.399706900222014, -70.59430942268621 -33.39996784279212))"
151600050700028,13132011003022,308148,V1313210426,O'BRIEN,CALLE,4,4,"[-70.59430942268621, -33.39996784279212]","POLYGON((-70.59430942268621 -33.39996784279212, -70.59410737964104 -33.40001417844282, -70.59402231904991 -33.399753235719416, -70.5942243615477 -33.399706900222014, -70.59430942268621 -33.39996784279212))"
151600050700035,13132011003022,309086,V1313210644,O'BRIEN,PASAJE,3,4,"[-70.59450708789029, -33.399923186397395]","POLYGON((-70.59450708789029 -33.399923186397395, -70.59430942268621 -33.39996784279212, -70.5942255429417 -33.3997066313055, -70.59442320760824 -33.399661975058926, -70.59450708789029 -33.399923186397395))"
151600050700035,13132011003022,308144,V1313210426,O'BRIEN,CALLE,3,4,"[-70.59450708789029, -33.399923186397395]","POLYGON((-70.59450708789029 -33.399923186397395, -70.59430942268621 -33.39996784279212, -70.5942255429417 -33.3997066313055, -70.59442320760824 -33.399661975058926, -70.59450708789029 -33.399923186397395))"
151600050700035,13132011003022,308147,V1313210426,O'BRIEN,CALLE,3,4,"[-70.59450708789029, -33.399923186397395]","POLYGON((-70.59450708789029 -33.399923186397395, -70.59430942268621 -33.39996784279212, -70.5942255429417 -33.3997066313055, -70.59442320760824 -33.399661975058926, -70.59450708789029 -33.399923186397395))"
151600050700036,13132011003022,309084,V1313210644,O'BRIEN,PASAJE,3,4,"[-70.59471716783756, -33.399875394029266]","POLYGON((-70.59471716783756 -33.399875394029266, -70.59450708789029 -33.399923186397395, -70.5944226628208 -33.39966209856625, -70.59463274219777 -33.3996143063565, -70.59471716783756 -33.399875394029266))"
151600050700036,13132011003022,308144,V1313210426,O'BRIEN,CALLE,3,4,"[-70.59471716783756, -33.399875394029266]","POLYGON((-70.59471716783756 -33.399875394029266, -70.59450708789029 -33.399923186397395, -70.5944226628208 -33.39966209856625, -70.59463274219777 -33.3996143063565, -70.59471716783756 -33.399875394029266))"
151600050700036,13132011003022,308142,V1313210426,O'BRIEN,CALLE,3,4,"[-70.59471716783756, -33.399875394029266]","POLYGON((-70.59471716783756 -33.399875394029266, -70.59450708789029 -33.399923186397395, -70.5944226628208 -33.39966209856625, -70.59463274219777 -33.3996143063565, -70.59471716783756 -33.399875394029266))"
151600050700045,13132011003022,308146,V1313210426,O'BRIEN,CALLE,3,4,"[-70.59490851351336, -33.39983208081302]","POLYGON((-70.59490851351336 -33.39983208081302, -70.59471716783756 -33.399875394029266, -70.59463313538086 -33.39961421713208, -70.59482448053656 -33.39957090405948, -70.59490851351336 -33.39983208081302))"
151600050700045,13132011003022,309083,V1313210644,O'BRIEN,PASAJE,3,4,"[-70.59490851351336, -33.39983208081302]","POLYGON((-70.59490851351336 -33.39983208081302, -70.59471716783756 -33.399875394029266, -70.59463313538086 -33.39961421713208, -70.59482448053656 -33.39957090405948, -70.59490851351336 -33.39983208081302))"
151600050700045,13132011003022,308142,V1313210426,O'BRIEN,CALLE,3,4,"[-70.59490851351336, -33.39983208081302]","POLYGON((-70.59490851351336 -33.39983208081302, -70.59471716783756 -33.399875394029266, -70.59463313538086 -33.39961421713208, -70.59482448053656 -33.39957090405948, -70.59490851351336 -33.39983208081302))"
151600050700046,13132011003022,308146,V1313210426,O'BRIEN,CALLE,5,5,"[-70.5950202990466, -33.39980665466298]","POLYGON((-70.5950202990466 -33.39980665466298, -70.59490851351336 -33.39983208081302, -70.59482410276549 -33.39957098977872, -70.59493588799525 -33.399545563712934, -70.5950202990466 -33.39980665466298))"
151600050700047,13132011003022,308146,V1313210426,O'BRIEN,CALLE,4,4,"[-70.59520168701142, -33.399765633443174]","POLYGON((-70.59520168701142 -33.399765633443174, -70.5950202990466 -33.39980665466298, -70.59493633913038 -33.39954546139418, -70.59511772660208 -33.39950444031046, -70.59520168701142 -33.399765633443174))"
151600050700051,13132011003022,308146,V1313210426,O'BRIEN,CALLE,3,4,"[-70.5954851159997, -33.399701384943036]","POLYGON((-70.5954851159997 -33.399701384943036, -70.59520168701142 -33.399765633443174, -70.59511754358701 -33.39950448174817, -70.59540097180518 -33.399440233461064, -70.5954851159997 -33.399701384943036))"
151600050700051,13132011003022,308149,V1313210426,O'BRIEN,CALLE,3,4,"[-70.5954851159997, -33.399701384943036]","POLYGON((-70.5954851159997 -33.399701384943036, -70.59520168701142 -33.399765633443174, -70.59511754358701 -33.39950448174817, -70.59540097180518 -33.399440233461064, -70.5954851159997 -33.399701384943036))"
151600050700051,13132011003022,309082,V1313210644,O'BRIEN,PASAJE,3,4,"[-70.5954851159997, -33.399701384943036]","POLYGON((-70.5954851159997 -33.399701384943036, -70.59520168701142 -33.399765633443174, -70.59511754358701 -33.39950448174817, -70.59540097180518 -33.399440233461064, -70.5954851159997 -33.399701384943036))"
151600050900001,13132011002009,306964,V1313210167,CANDELARIA GOYENECHEA,CALLE,1,4,"[-70.59266172607587, -33.39946332354549]","POLYGON((-70.59266172607587 -33.39946332354549, -70.59260535976762 -33.39913189893275, -70.59292464508646 -33.399093694778664, -70.59298101257053 -33.399425119213035, -70.59266172607587 -33.39946332354549))"
151600050900001,13132011002009,306985,V1313210167,CANDELARIA GOYENECHEA,CALLE,1,4,"[-70.59266172607587, -33.39946332354549]","POLYGON((-70.59266172607587 -33.39946332354549, -70.59260535976762 -33.39913189893275, -70.59292464508646 -33.399093694778664, -70.59298101257053 -33.399425119213035, -70.59266172607587 -33.39946332354549))"
151600050900001,13132011002009,306952,V1313210167,CANDELARIA GOYENECHEA,CALLE,1,4,"[-70.59266172607587, -33.39946332354549]","POLYGON((-70.59266172607587 -33.39946332354549, -70.59260535976762 -33.39913189893275, -70.59292464508646 -33.399093694778664, -70.59298101257053 -33.399425119213035, -70.59266172607587 -33.39946332354549))"
151600050900001,13132011002009,306967,V1313210167,CANDELARIA GOYENECHEA,CALLE,1,4,"[-70.59266172607587, -33.39946332354549]","POLYGON((-70.59266172607587 -33.39946332354549, -70.59260535976762 -33.39913189893275, -70.59292464508646 -33.399093694778664, -70.59298101257053 -33.399425119213035, -70.59266172607587 -33.39946332354549))"
151600050900002,13132011002009,306969,V1313210167,CANDELARIA GOYENECHEA,CALLE,1,4,"[-70.59260631404634, -33.39913116520904]","POLYGON((-70.59260631404634 -33.39913116520904, -70.59254722803013 -33.398780295681924, -70.59286657443168 -33.39874246001709, -70.59292566169356 -33.39909332935683, -70.59260631404634 -33.39913116520904))"
151600050900002,13132011002009,306985,V1313210167,CANDELARIA GOYENECHEA,CALLE,1,4,"[-70.59260631404634, -33.39913116520904]","POLYGON((-70.59260631404634 -33.39913116520904, -70.59254722803013 -33.398780295681924, -70.59286657443168 -33.39874246001709, -70.59292566169356 -33.39909332935683, -70.59260631404634 -33.39913116520904))"
151600050900002,13132011002009,306952,V1313210167,CANDELARIA GOYENECHEA,CALLE,1,4,"[-70.59260631404634, -33.39913116520904]","POLYGON((-70.59260631404634 -33.39913116520904, -70.59254722803013 -33.398780295681924, -70.59286657443168 -33.39874246001709, -70.59292566169356 -33.39909332935683, -70.59260631404634 -33.39913116520904))"
151600050900002,13132011002009,306974,V1313210167,CANDELARIA GOYENECHEA,CALLE,1,4,"[-70.59260631404634, -33.39913116520904]","POLYGON((-70.59260631404634 -33.39913116520904, -70.59254722803013 -33.398780295681924, -70.59286657443168 -33.39874246001709, -70.59292566169356 -33.39909332935683, -70.59260631404634 -33.39913116520904))"
151600050900002,13132011002009,307546,V1313210303,JUAN BAUTISTA PASTENES,CALLE,1,4,"[-70.59260631404634, -33.39913116520904]","POLYGON((-70.59260631404634 -33.39913116520904, -70.59254722803013 -33.398780295681924, -70.59286657443168 -33.39874246001709, -70.59292566169356 -33.39909332935683, -70.59260631404634 -33.39913116520904))"
151600050900005,13132011002009,306964,V1313210167,CANDELARIA GOYENECHEA,CALLE,1,6,"[-70.59274216065903, -33.39994703067322]","POLYGON((-70.59274216065903 -33.39994703067322, -70.59267060963666 -33.399520025511194, -70.59298998965946 -33.399482373959735, -70.5930615421984 -33.399909378894584, -70.59274216065903 -33.39994703067322))"
151600050900005,13132011002009,306967,V1313210167,CANDELARIA GOYENECHEA,CALLE,1,6,"[-70.59274216065903, -33.39994703067322]","POLYGON((-70.59274216065903 -33.39994703067322, -70.59267060963666 -33.399520025511194, -70.59298998965946 -33.399482373959735, -70.5930615421984 -33.399909378894584, -70.59274216065903 -33.39994703067322))"
151600050900007,13132011002009,307190,V1313210218,EDUARDO MARQUINA,CALLE,3,4,"[-70.5917639734094, -33.39924686001743]","POLYGON((-70.5917639734094 -33.39924686001743, -70.59184449870702 -33.39957076033631, -70.59152877057268 -33.39962598359843, -70.59144824637885 -33.39930208304412, -70.5917639734094 -33.39924686001743))"
151600050900008,13132011002009,307189,V1313210218,EDUARDO MARQUINA,CALLE,2,4,"[-70.59167911636354, -33.39890353541543]","POLYGON((-70.59167911636354 -33.39890353541543, -70.59176492769669 -33.39924612629999, -70.59144929986924 -33.399301746858335, -70.59136348970222 -33.39895915572327, -70.59167911636354 -33.39890353541543))"
151600050900008,13132011002009,307190,V1313210218,EDUARDO MARQUINA,CALLE,2,4,"[-70.59167911636354, -33.39890353541543]","POLYGON((-70.59167911636354 -33.39890353541543, -70.59176492769669 -33.39924612629999, -70.59144929986924 -33.399301746858335, -70.59136348970222 -33.39895915572327, -70.59167911636354 -33.39890353541543))"
151600050900008,13132011002009,308369,V1313210490,SAN PATRICIO,CALLE,2,4,"[-70.59167911636354, -33.39890353541543]","POLYGON((-70.59167911636354 -33.39890353541543, -70.59176492769669 -33.39924612629999, -70.59144929986924 -33.399301746858335, -70.59136348970222 -33.39895915572327, -70.59167911636354 -33.39890353541543))"
151600050900301,13132011002009,306964,V1313210167,CANDELARIA GOYENECHEA,CALLE,4,4,"[-70.5926715639189, -33.39951929178691]","POLYGON((-70.5926715639189 -33.39951929178691, -70.59266077179413 -33.39946405726968, -70.59297904478987 -33.39942030600363, -70.59298983710836 -33.399475540487735, -70.5926715639189 -33.39951929178691))"
151600050900301,13132011002009,306967,V1313210167,CANDELARIA GOYENECHEA,CALLE,4,4,"[-70.5926715639189, -33.39951929178691]","POLYGON((-70.5926715639189 -33.39951929178691, -70.59266077179413 -33.39946405726968, -70.59297904478987 -33.39942030600363, -70.59298983710836 -33.399475540487735, -70.5926715639189 -33.39951929178691))"
151600051300008,13132011002003,306672,V1313210075,ALONSO DE SOTOMAYOR,CALLE,1,6,"[-70.59112122162273, -33.396946299764004]","POLYGON((-70.59112122162273 -33.396946299764004, -70.59076355109148 -33.39678891553284, -70.59091337258685 -33.39654935645803, -70.59127104237005 -33.39670674028407, -70.59112122162273 -33.396946299764004))"
151600051700001,13132011001014,306701,V1313210085,ANTONIO DE PASTRANA,CALLE,3,5,"[-70.59860639310227, -33.40302362466429]","POLYGON((-70.59860639310227 -33.40302362466429, -70.59899081589096 -33.402984039530104, -70.5990301190081 -33.40325254350833, -70.59864569506443 -33.40329212879739, -70.59860639310227 -33.40302362466429))"
151600051700001,13132011001014,306260,V1313210049,NUEVA COSTANERA,AVENIDA,4,5,"[-70.59855002289723, -33.40262880404615]","POLYGON((-70.59855002289723 -33.40262880404615, -70.59860639310227 -33.40302362466429, -70.59828614945404 -33.40305578950962, -70.59822978066515 -33.402660968705405, -70.59855002289723 -33.40262880404615))"
151600051700001,13132011001014,306249,V1313210049,NUEVA COSTANERA,AVENIDA,4,5,"[-70.59855002289723, -33.40262880404615]","POLYGON((-70.59855002289723 -33.40262880404615, -70.59860639310227 -33.40302362466429, -70.59828614945404 -33.40305578950962, -70.59822978066515 -33.402660968705405, -70.59855002289723 -33.40262880404615))"
151600051700002,13132011001014,306791,V1313210120,AURELIO GONZALEZ,CALLE,1,4,"[-70.599263554592, -33.40295797772735]","POLYGON((-70.599263554592 -33.40295797772735, -70.59920535237556 -33.40256309088667, -70.59952544540013 -33.40252990101519, -70.59958364903055 -33.40292478766521, -70.599263554592 -33.40295797772735))"
151600051700002,13132011001014,306701,V1313210085,ANTONIO DE PASTRANA,CALLE,2,4,"[-70.5989916890891, -33.40298474974678]","POLYGON((-70.5989916890891 -33.40298474974678, -70.599263554592 -33.40295797772735, -70.59930116471094 -33.403226652207074, -70.59902929838933 -33.40325342433243, -70.5989916890891 -33.40298474974678))"
151600051900014,13132011003028,306668,V1313210074,ALONSO DE MONROY,CALLE,1,4,"[-70.59786784607033, -33.40214437632723]","POLYGON((-70.59786784607033 -33.40214437632723, -70.59815214088461 -33.40212123441372, -70.59818329663942 -33.40239048944432, -70.59789900096206 -33.402413631454145, -70.59786784607033 -33.40214437632723))"
151600051900014,13132011003028,306262,V1313210049,NUEVA COSTANERA,AVENIDA,4,4,"[-70.59815214088461, -33.40212123441372]","POLYGON((-70.59815214088461 -33.40212123441372, -70.59812620153052 -33.401943635513206, -70.59844633576574 -33.401910741182355, -70.59847227575607 -33.402088339997725, -70.59815214088461 -33.40212123441372))"
151600051900014,13132011003028,306251,V1313210049,NUEVA COSTANERA,AVENIDA,4,4,"[-70.59815214088461, -33.40212123441372]","POLYGON((-70.59815214088461 -33.40212123441372, -70.59812620153052 -33.401943635513206, -70.59844633576574 -33.401910741182355, -70.59847227575607 -33.402088339997725, -70.59815214088461 -33.40212123441372))"
151600051900015,13132011003028,306262,V1313210049,NUEVA COSTANERA,AVENIDA,1,4,"[-70.59812715579076, -33.40194290174782]","POLYGON((-70.59812715579076 -33.40194290174782, -70.59810297759185 -33.40177339670994, -70.59842322065803 -33.40174126062158, -70.59844739946493 -33.401910765579615, -70.59812715579076 -33.40194290174782))"
151600051900015,13132011003028,306251,V1313210049,NUEVA COSTANERA,AVENIDA,1,4,"[-70.59812715579076, -33.40194290174782]","POLYGON((-70.59812715579076 -33.40194290174782, -70.59810297759185 -33.40177339670994, -70.59842322065803 -33.40174126062158, -70.59844739946493 -33.401910765579615, -70.59812715579076 -33.40194290174782))"
151600051900016,13132011003028,306262,V1313210049,NUEVA COSTANERA,AVENIDA,2,4,"[-70.59810307188002, -33.401772674023114]","POLYGON((-70.59810307188002 -33.401772674023114, -70.59807434501215 -33.401577885859744, -70.59839443160416 -33.401544676019356, -70.59842315916946 -33.40173946408866, -70.59810307188002 -33.401772674023114))"
151600051900016,13132011003028,306251,V1313210049,NUEVA COSTANERA,AVENIDA,2,4,"[-70.59810307188002, -33.401772674023114]","POLYGON((-70.59810307188002 -33.401772674023114, -70.59807434501215 -33.401577885859744, -70.59839443160416 -33.401544676019356, -70.59842315916946 -33.40173946408866, -70.59810307188002 -33.401772674023114))"
151600051900017,13132011003028,306262,V1313210049,NUEVA COSTANERA,AVENIDA,4,4,"[-70.59807529926898, -33.401577152094795]","POLYGON((-70.59807529926898 -33.401577152094795, -70.59805115083412 -33.40141513192504, -70.59837118525893 -33.40138157424188, -70.59839533427352 -33.40154359433278, -70.59807529926898 -33.401577152094795))"
151600051900017,13132011003028,306251,V1313210049,NUEVA COSTANERA,AVENIDA,4,4,"[-70.59807529926898, -33.401577152094795]","POLYGON((-70.59807529926898 -33.401577152094795, -70.59805115083412 -33.40141513192504, -70.59837118525893 -33.40138157424188, -70.59839533427352 -33.40154359433278, -70.59807529926898 -33.401577152094795))"
151600051900018,13132011003028,305632,V1313210003,ALONSO DE CORDOVA,AVENIDA,1,4,"[-70.59800826513191, -33.401151715705694]","POLYGON((-70.59800826513191 -33.401151715705694, -70.59773645940845 -33.40122258411428, -70.59764072070972 -33.400964257120485, -70.59791252572393 -33.400893388940496, -70.59800826513191 -33.401151715705694))"
151600052100005,13132011003024,305632,V1313210003,ALONSO DE CORDOVA,AVENIDA,1,4,"[-70.596942534508, -33.40111737110421]","POLYGON((-70.596942534508 -33.40111737110421, -70.59705343463946 -33.40109051156053, -70.59714291016158 -33.401350413423344, -70.59703200973408 -33.40137727305493, -70.596942534508 -33.40111737110421))"
151600052100006,13132011003024,305632,V1313210003,ALONSO DE CORDOVA,AVENIDA,2,4,"[-70.59705343463946, -33.40109051156053]","POLYGON((-70.59705343463946 -33.40109051156053, -70.59713917555781 -33.4010695672407, -70.59722935913813 -33.40132929686606, -70.59714361799146 -33.401350241254335, -70.59705343463946 -33.40109051156053))"
151600052100007,13132011003024,305632,V1313210003,ALONSO DE CORDOVA,AVENIDA,2,4,"[-70.59713917555781, -33.4010695672407]","POLYGON((-70.59713917555781 -33.4010695672407, -70.5973296080481 -33.40102328595405, -70.5974193687681 -33.401283118583045, -70.59722893576995 -33.4013294000211, -70.59713917555781 -33.4010695672407))"
151600052100009,13132011003024,305632,V1313210003,ALONSO DE CORDOVA,AVENIDA,2,5,"[-70.5973296080481, -33.40102328595405]","POLYGON((-70.5973296080481 -33.40102328595405, -70.59752278239262 -33.40097408318056, -70.59761649827925 -33.40123293149925, -70.59742332342681 -33.401282134432215, -70.5973296080481 -33.40102328595405))"
151600052100021,13132011003024,308218,V1313210448,PEDRO DE VILLAGRA,CALLE,4,5,"[-70.59699965865899, -33.4003022737258]","POLYGON((-70.59699965865899 -33.4003022737258, -70.59677521249354 -33.40035819106556, -70.59668338123353 -33.40009886809374, -70.5969078268048 -33.400042950936005, -70.59699965865899 -33.4003022737258))"
151600052100022,13132011003024,308218,V1313210448,PEDRO DE VILLAGRA,CALLE,3,4,"[-70.5970846480134, -33.40028142931304]","POLYGON((-70.5970846480134 -33.40028142931304, -70.5970006409581 -33.40030307273713, -70.59690594136072 -33.400044476577946, -70.59698994819594 -33.40002283322385, -70.5970846480134 -33.40028142931304))"
151600052100023,13132011003024,308218,V1313210448,PEDRO DE VILLAGRA,CALLE,3,4,"[-70.59717851976902, -33.400258306068984]","POLYGON((-70.59717851976902 -33.400258306068984, -70.59708552116862 -33.40028213954474, -70.59699127886707 -33.400023425893245, -70.59708427722342 -33.39999959249463, -70.59717851976902 -33.400258306068984))"
151600052300003,13132011003023,308218,V1313210448,PEDRO DE VILLAGRA,CALLE,3,6,"[-70.59646237378878, -33.40031947005626]","POLYGON((-70.59646237378878 -33.40031947005626, -70.59658749069067 -33.40028809915281, -70.59667986379448 -33.400547286751305, -70.596554746562 -33.40057865775673, -70.59646237378878 -33.40031947005626))"
151600052300004,13132011003023,308218,V1313210448,PEDRO DE VILLAGRA,CALLE,4,4,"[-70.59658845979108, -33.4002881768648]","POLYGON((-70.59658845979108 -33.4002881768648, -70.59669668318496 -33.4002619833903, -70.59678610105962 -33.400521899072345, -70.59667787737679 -33.4005480926326, -70.59658845979108 -33.4002881768648))"
151600052300005,13132011003023,308218,V1313210448,PEDRO DE VILLAGRA,CALLE,1,4,"[-70.59669668318496, -33.4002619833903]","POLYGON((-70.59669668318496 -33.4002619833903, -70.59679322920081 -33.40023810454462, -70.59688444987948 -33.40049757910266, -70.59678790360748 -33.400521458026176, -70.59669668318496 -33.4002619833903))"
151600052300006,13132011003023,308218,V1313210448,PEDRO DE VILLAGRA,CALLE,2,4,"[-70.59679322920081, -33.40023810454462]","POLYGON((-70.59679322920081 -33.40023810454462, -70.5969612713042 -33.40019635069, -70.59705287906601 -33.400455729263804, -70.5968848365174 -33.40049748325441, -70.59679322920081 -33.40023810454462))"
151600052300023,13132011003023,308136,V1313210426,O'BRIEN,CALLE,3,4,"[-70.59608504805627, -33.399564794858215]","POLYGON((-70.59608504805627 -33.399564794858215, -70.59596523907003 -33.39959239941173, -70.59587981041415 -33.39933154155002, -70.59599961907622 -33.39930393708774, -70.59608504805627 -33.399564794858215))"
151600052300024,13132011003023,308136,V1313210426,O'BRIEN,CALLE,3,4,"[-70.5963452402488, -33.39950580348789]","POLYGON((-70.5963452402488 -33.39950580348789, -70.59608602868992 -33.3995655037145, -70.59600063134751 -33.39930463865596, -70.59625984220492 -33.39924493862671, -70.5963452402488 -33.39950580348789))"
151600052300025,13132011003023,308136,V1313210426,O'BRIEN,CALLE,3,4,"[-70.59653037761903, -33.39946410080834]","POLYGON((-70.59653037761903 -33.39946410080834, -70.59634622253287 -33.39950660250493, -70.59626066032118 -33.39924577549323, -70.59644481490925 -33.39920327393707, -70.59653037761903 -33.39946410080834))"
151600052300026,13132011003023,308136,V1313210426,O'BRIEN,CALLE,3,4,"[-70.59685310121793, -33.39939095639801]","POLYGON((-70.59685310121793 -33.39939095639801, -70.59653125076144 -33.399464811044375, -70.59644614547686 -33.399203878905666, -70.59676799506157 -33.399130024503634, -70.59685310121793 -33.39939095639801))"
151600052300027,13132011003023,308136,V1313210426,O'BRIEN,CALLE,4,5,"[-70.59697387705378, -33.39936333854895]","POLYGON((-70.59697387705378 -33.39936333854895, -70.59685397436212 -33.39939166663175, -70.59676653322379 -33.399131278462775, -70.59688643559316 -33.39910295047316, -70.59697387705378 -33.39936333854895))"
151600052300028,13132011003023,308136,V1313210426,O'BRIEN,CALLE,3,4,"[-70.59714637906637, -33.399324503131055]","POLYGON((-70.59714637906637 -33.399324503131055, -70.59697464270522 -33.39936405016554, -70.59688925842225 -33.39910318222163, -70.59706099431867 -33.39906363531789, -70.59714637906637 -33.399324503131055))"
151600052300028,13132011003023,309104,V1313210652,PASAJE O'BRIEN,PASAJE,4,4,"[-70.59721791853717, -33.39955580608234]","POLYGON((-70.59721791853717 -33.39955580608234, -70.59714637906637 -33.399324503131055, -70.59745856279793 -33.39925657208997, -70.59753010302536 -33.39948787484068, -70.59721791853717 -33.39955580608234))"
151600052300029,13132011003023,309104,V1313210652,PASAJE O'BRIEN,PASAJE,2,5,"[-70.59724919423249, -33.399555132861146]","POLYGON((-70.59724919423249 -33.399555132861146, -70.59721793338686 -33.39955661754775, -70.59719970087856 -33.39928652982118, -70.59723096162813 -33.39928504514198, -70.59724919423249 -33.399555132861146))"
151600052500006,13132011003021,309086,V1313210644,O'BRIEN,PASAJE,2,4,"[-70.59416553186071, -33.39984848444437]","POLYGON((-70.59416553186071 -33.39984848444437, -70.59431041969783 -33.399816410853404, -70.59439272162976 -33.4000779752165, -70.59424783339665 -33.40011004891429, -70.59416553186071 -33.39984848444437))"
151600052500006,13132011003021,308144,V1313210426,O'BRIEN,CALLE,2,4,"[-70.59416553186071, -33.39984848444437]","POLYGON((-70.59416553186071 -33.39984848444437, -70.59431041969783 -33.399816410853404, -70.59439272162976 -33.4000779752165, -70.59424783339665 -33.40011004891429, -70.59416553186071 -33.39984848444437))"
151600052500006,13132011003021,308147,V1313210426,O'BRIEN,CALLE,2,4,"[-70.59416553186071, -33.39984848444437]","POLYGON((-70.59416553186071 -33.39984848444437, -70.59431041969783 -33.399816410853404, -70.59439272162976 -33.4000779752165, -70.59424783339665 -33.40011004891429, -70.59416553186071 -33.39984848444437))"
151600052500006,13132011003021,309084,V1313210644,O'BRIEN,PASAJE,3,4,"[-70.59412880442973, -33.39970962192952]","POLYGON((-70.59412880442973 -33.39970962192952, -70.59416553186071 -33.39984848444437, -70.59385066636975 -33.399907073264224, -70.59381393940733 -33.39976821064326, -70.59412880442973 -33.39970962192952))"
151600052500008,13132011003021,309084,V1313210644,O'BRIEN,PASAJE,3,4,"[-70.59410384840132, -33.39961479836097]","POLYGON((-70.59410384840132 -33.39961479836097, -70.59412975870126 -33.39970888819434, -70.59381551255187 -33.39976976966528, -70.59378960256717 -33.39967567975763, -70.59410384840132 -33.39961479836097))"
151600052500010,13132011003021,309084,V1313210644,O'BRIEN,PASAJE,3,4,"[-70.59407795014526, -33.3995154776861]","POLYGON((-70.59407795014526 -33.3995154776861, -70.59410469517819 -33.399614066007274, -70.59379021400748 -33.399674086379605, -70.59376346930577 -33.399575497981544, -70.59407795014526 -33.3995154776861))"
151600052500012,13132011003021,309084,V1313210644,O'BRIEN,PASAJE,1,4,"[-70.59405200209315, -33.39941931408749]","POLYGON((-70.59405200209315 -33.39941931408749, -70.59407879692144 -33.39951474533257, -70.59376486607569 -33.39957675820199, -70.59373807156598 -33.39948132688038, -70.59405200209315 -33.39941931408749))"
151600052500012,13132011003021,309084,V1313210644,O'BRIEN,PASAJE,2,4,"[-70.59419145860048, -33.39938424417242]","POLYGON((-70.59419145860048 -33.39938424417242, -70.59405200209315 -33.39941931408749, -70.59395938053792 -33.39916018887853, -70.59409883667713 -33.3991251190774, -70.59419145860048 -33.39938424417242))"
151600052500019,13132011003021,309084,V1313210644,O'BRIEN,PASAJE,1,4,"[-70.59439620270088, -33.399444651688]","POLYGON((-70.59439620270088 -33.399444651688, -70.59436666136077 -33.39934014721724, -70.59468047889582 -33.399277735411026, -70.59471002058436 -33.39938223979752, -70.59439620270088 -33.399444651688))"
151600052500019,13132011003021,309084,V1313210644,O'BRIEN,PASAJE,4,4,"[-70.59436666136077, -33.39934014721724]","POLYGON((-70.59436666136077 -33.39934014721724, -70.59419145860048 -33.39938424417242, -70.59409876441501 -33.39912513725732, -70.5942739667129 -33.39908104044536, -70.59436666136077 -33.39934014721724))"
151600052500021,13132011003021,309084,V1313210644,O'BRIEN,PASAJE,1,4,"[-70.5944248018126, -33.399544659052815]","POLYGON((-70.5944248018126 -33.399544659052815, -70.59439620270088 -33.399444651688, -70.59470982527895 -33.39938155289621, -70.59473842472335 -33.39948156017963, -70.5944248018126 -33.399544659052815))"
151600052500023,13132011003021,309084,V1313210644,O'BRIEN,PASAJE,1,4,"[-70.59445247351164, -33.39964098077926]","POLYGON((-70.59445247351164 -33.39964098077926, -70.5944248018126 -33.399544659052815, -70.5947383462125 -33.399481286270024, -70.59476601823165 -33.399577607917756, -70.59445247351164 -33.39964098077926))"
151600052500025,13132011003021,309084,V1313210644,O'BRIEN,PASAJE,1,4,"[-70.59449095963811, -33.399776032854724]","POLYGON((-70.59449095963811 -33.399776032854724, -70.59445247351164 -33.39964098077926, -70.59476615626969 -33.399578090346346, -70.59480464284572 -33.39971314231223, -70.59449095963811 -33.399776032854724))"
151600052500025,13132011003021,308144,V1313210426,O'BRIEN,CALLE,2,4,"[-70.59431041969783, -33.399816410853404]","POLYGON((-70.59431041969783 -33.399816410853404, -70.59449095963811 -33.399776032854724, -70.59457405423345 -33.40003742081793, -70.594393513801 -33.40007779895084, -70.59431041969783 -33.399816410853404))"
151600052500027,13132011003020,308146,V1313210426,O'BRIEN,CALLE,2,5,"[-70.59472426329735, -33.39972235057423]","POLYGON((-70.59472426329735 -33.39972235057423, -70.59489589236686 -33.39968271782587, -70.59498150017376 -33.3999435345232, -70.5948098706401 -33.39998316740252, -70.59472426329735 -33.39972235057423))"
151600052500028,13132011003020,308146,V1313210426,O'BRIEN,CALLE,2,4,"[-70.59489589236686, -33.39968271782587]","POLYGON((-70.59489589236686 -33.39968271782587, -70.59508914604861 -33.399637936863165, -70.59517502944297 -33.39989868978425, -70.59498177523908 -33.399943470894804, -70.59489589236686 -33.39968271782587))"
151600052500039,13132011003020,307546,V1313210303,JUAN BAUTISTA PASTENES,CALLE,4,5,"[-70.59404036824458, -33.398658670258044]","POLYGON((-70.59404036824458 -33.398658670258044, -70.59375689229442 -33.398696672444615, -70.59370599294365 -33.39842954193257, -70.59398946805798 -33.39839153988587, -70.59404036824458 -33.398658670258044))"
151600052500040,13132011003020,307546,V1313210303,JUAN BAUTISTA PASTENES,CALLE,4,5,"[-70.5944185490908, -33.39860790675319]","POLYGON((-70.5944185490908 -33.39860790675319, -70.59404124135911 -33.398659380512555, -70.5939894668514 -33.39839236838388, -70.59436677347236 -33.398340894813245, -70.5944185490908 -33.39860790675319))"
151600052500042,13132011003020,307546,V1313210303,JUAN BAUTISTA PASTENES,CALLE,3,4,"[-70.59467063121704, -33.39857589801748]","POLYGON((-70.59467063121704 -33.39857589801748, -70.59441942220779 -33.398608617004975, -70.59436993564391 -33.39834129985777, -70.59462114391059 -33.39830858099143, -70.59467063121704 -33.39857589801748))"
151600052500043,13132011003020,307546,V1313210303,JUAN BAUTISTA PASTENES,CALLE,2,4,"[-70.59489416626147, -33.39854678092524]","POLYGON((-70.59489416626147 -33.39854678092524, -70.59467063121704 -33.39857589801748, -70.59462114045202 -33.39830858144193, -70.5948446748357 -33.39827946445753, -70.59489416626147 -33.39854678092524))"
151600052700001,13132011003017,306952,V1313210167,CANDELARIA GOYENECHEA,CALLE,2,6,"[-70.5928530161903, -33.398698180277876]","POLYGON((-70.5928530161903 -33.398698180277876, -70.59288513789814 -33.39870263779682, -70.59283249568757 -33.398969530653886, -70.59280037388304 -33.39896507312434, -70.5928530161903 -33.398698180277876))"
151600052700001,13132011003017,307546,V1313210303,JUAN BAUTISTA PASTENES,CALLE,2,6,"[-70.5928530161903, -33.398698180277876]","POLYGON((-70.5928530161903 -33.398698180277876, -70.59288513789814 -33.39870263779682, -70.59283249568757 -33.398969530653886, -70.59280037388304 -33.39896507312434, -70.5928530161903 -33.398698180277876))"
151600052700001,13132011003017,306969,V1313210167,CANDELARIA GOYENECHEA,CALLE,3,6,"[-70.59283963934864, -33.39867806059201]","POLYGON((-70.59283963934864 -33.39867806059201, -70.5928530161903 -33.398698180277876, -70.59257133977158 -33.39882993905074, -70.59255796297211 -33.398809819333586, -70.59283963934864 -33.39867806059201))"
151600052700001,13132011003017,306974,V1313210167,CANDELARIA GOYENECHEA,CALLE,3,6,"[-70.59283963934864, -33.39867806059201]","POLYGON((-70.59283963934864 -33.39867806059201, -70.5928530161903 -33.398698180277876, -70.59257133977158 -33.39882993905074, -70.59255796297211 -33.398809819333586, -70.59283963934864 -33.39867806059201))"
151600052700001,13132011003017,306969,V1313210167,CANDELARIA GOYENECHEA,CALLE,4,6,"[-70.59277888390677, -33.3983123322097]","POLYGON((-70.59277888390677 -33.3983123322097, -70.59283963934864 -33.39867806059201, -70.59252020917863 -33.398715394032884, -70.5924594550364 -33.398349665457296, -70.59277888390677 -33.3983123322097))"
151600052700001,13132011003017,306974,V1313210167,CANDELARIA GOYENECHEA,CALLE,4,6,"[-70.59277888390677, -33.3983123322097]","POLYGON((-70.59277888390677 -33.3983123322097, -70.59283963934864 -33.39867806059201, -70.59252020917863 -33.398715394032884, -70.5924594550364 -33.398349665457296, -70.59277888390677 -33.3983123322097))"
151600052700002,13132011003017,307546,V1313210303,JUAN BAUTISTA PASTENES,CALLE,3,6,"[-70.59354596336986, -33.39862128252107]","POLYGON((-70.59354596336986 -33.39862128252107, -70.5939697464276 -33.39856542541232, -70.59401981280054 -33.398832666634, -70.59359602849139 -33.39888852394907, -70.59354596336986 -33.39862128252107))"
151600052700003,13132011003017,307546,V1313210303,JUAN BAUTISTA PASTENES,CALLE,3,4,"[-70.59397061954064, -33.398566135667394]","POLYGON((-70.59397061954064 -33.398566135667394, -70.59433175978505 -33.398518387082454, -70.59438197807026 -33.39878560821447, -70.59402083675971 -33.39883335697564, -70.59397061954064 -33.398566135667394))"
151600052700008,13132011003017,307294,V1313210244,ESPOZ,CALLE,4,4,"[-70.59379363918953, -33.397594240292165]","POLYGON((-70.59379363918953 -33.397594240292165, -70.59339486909529 -33.39767719146231, -70.59331723962397 -33.39741462429694, -70.59371600861319 -33.3973316734064, -70.59379363918953 -33.397594240292165))"
151600052700009,13132011003017,307294,V1313210244,ESPOZ,CALLE,4,5,"[-70.59428272059972, -33.397493533443395]","POLYGON((-70.59428272059972 -33.397493533443395, -70.59379363918953 -33.397594240292165, -70.59371675153638 -33.39733151964861, -70.59420583158841 -33.39723081314001, -70.59428272059972 -33.397493533443395))"
151600052700011,13132011003017,307546,V1313210303,JUAN BAUTISTA PASTENES,CALLE,1,4,"[-70.59335363389732, -33.39864593812555]","POLYGON((-70.59335363389732 -33.39864593812555, -70.59354509025961 -33.39862057226293, -70.59359540951186 -33.398887780108375, -70.59340395258445 -33.39891314606456, -70.59335363389732 -33.39864593812555))"
151600052900003,13132011003016,307294,V1313210244,ESPOZ,CALLE,3,4,"[-70.59357897316002, -33.397449456575764]","POLYGON((-70.59357897316002 -33.397449456575764, -70.5937148226106 -33.39742309124779, -70.59378752403782 -33.39768664908052, -70.59365167420563 -33.397713014498564, -70.59357897316002 -33.397449456575764))"
151600052900006,13132011003016,307294,V1313210244,ESPOZ,CALLE,2,4,"[-70.5937148226106, -33.39742309124779]","POLYGON((-70.5937148226106 -33.39742309124779, -70.59386243837632 -33.39739341816292, -70.59393759993733 -33.397656489992855, -70.59378998375969 -33.39768616317842, -70.5937148226106 -33.39742309124779))"
151600052900007,13132011003016,307294,V1313210244,ESPOZ,CALLE,2,5,"[-70.59386243837632, -33.39739341816292]","POLYGON((-70.59386243837632 -33.39739341816292, -70.59406179111106 -33.39735315989877, -70.59413728111846 -33.39761616552874, -70.59393792782794 -33.397656423929384, -70.59386243837632 -33.39739341816292))"
151600052900008,13132011003016,307294,V1313210244,ESPOZ,CALLE,3,5,"[-70.59406179111106, -33.39735315989877]","POLYGON((-70.59406179111106 -33.39735315989877, -70.59424240847092 -33.39731729054378, -70.59431671246872 -33.39758053367315, -70.59413609460367 -33.39761640315015, -70.59406179111106 -33.39735315989877))"
151600052900009,13132011003016,307313,V1313210244,ESPOZ,CALLE,4,4,"[-70.59424240847092, -33.39731729054378]","POLYGON((-70.59424240847092 -33.39731729054378, -70.59442033839747 -33.397281455466015, -70.59449563565519 -33.39754449992497, -70.59431770523233 -33.397580335124296, -70.59424240847092 -33.39731729054378))"
151600052900009,13132011003016,307294,V1313210244,ESPOZ,CALLE,4,4,"[-70.59424240847092, -33.39731729054378]","POLYGON((-70.59424240847092 -33.39731729054378, -70.59442033839747 -33.397281455466015, -70.59449563565519 -33.39754449992497, -70.59431770523233 -33.397580335124296, -70.59424240847092 -33.39731729054378))"
151600052900009,13132011003016,308914,V1313210593,ESPOZ,PASAJE,4,4,"[-70.59424240847092, -33.39731729054378]","POLYGON((-70.59424240847092 -33.39731729054378, -70.59442033839747 -33.397281455466015, -70.59449563565519 -33.39754449992497, -70.59431770523233 -33.397580335124296, -70.59424240847092 -33.39731729054378))"
151600052900012,13132011003016,307313,V1313210244,ESPOZ,CALLE,3,6,"[-70.59442033839747, -33.397281455466015]","POLYGON((-70.59442033839747 -33.397281455466015, -70.59459817550086 -33.39724643298551, -70.59467189180201 -33.39750979229816, -70.5944940542004 -33.39754481489798, -70.59442033839747 -33.397281455466015))"
151600052900013,13132011003016,305969,V1313210035,FRANCISCO DE AGUIRRE,AVENIDA,1,6,"[-70.59504165436346, -33.39715090870262]","POLYGON((-70.59504165436346 -33.39715090870262, -70.59506494764749 -33.39711354354571, -70.59535074411 -33.397238896038324, -70.5953274509194 -33.39727626124556, -70.59504165436346 -33.39715090870262))"
151600052900013,13132011003016,305987,V1313210035,FRANCISCO DE AGUIRRE,AVENIDA,1,6,"[-70.59504165436346, -33.39715090870262]","POLYGON((-70.59504165436346 -33.39715090870262, -70.59506494764749 -33.39711354354571, -70.59535074411 -33.397238896038324, -70.5953274509194 -33.39727626124556, -70.59504165436346 -33.39715090870262))"
151600052900013,13132011003016,307313,V1313210244,ESPOZ,CALLE,1,6,"[-70.59504165436346, -33.39715090870262]","POLYGON((-70.59504165436346 -33.39715090870262, -70.59506494764749 -33.39711354354571, -70.59535074411 -33.397238896038324, -70.5953274509194 -33.39727626124556, -70.59504165436346 -33.39715090870262))"
151600052900013,13132011003016,307322,V1313210244,ESPOZ,CALLE,1,6,"[-70.59504165436346, -33.39715090870262]","POLYGON((-70.59504165436346 -33.39715090870262, -70.59506494764749 -33.39711354354571, -70.59535074411 -33.397238896038324, -70.5953274509194 -33.39727626124556, -70.59504165436346 -33.39715090870262))"
151600052900013,13132011003016,307313,V1313210244,ESPOZ,CALLE,2,6,"[-70.59489419267452, -33.39718896832338]","POLYGON((-70.59489419267452 -33.39718896832338, -70.59504165436346 -33.39715090870262, -70.59513650291942 -33.397409465935354, -70.59498904084444 -33.3974475256791, -70.59489419267452 -33.39718896832338))"
151600052900013,13132011003016,307313,V1313210244,ESPOZ,CALLE,3,6,"[-70.59459817550086, -33.39724643298551]","POLYGON((-70.59459817550086 -33.39724643298551, -70.59489419267452 -33.39718896832338, -70.59496691120913 -33.397452522695836, -70.59467089320397 -33.3975099875543, -70.59459817550086 -33.39724643298551))"
151600052900013,13132011003016,305987,V1313210035,FRANCISCO DE AGUIRRE,AVENIDA,6,6,"[-70.59506494764749, -33.39711354354571]","POLYGON((-70.59506494764749 -33.39711354354571, -70.5950238619984 -33.3969597667098, -70.595338565241 -33.39690060801758, -70.59537965140798 -33.397054384735, -70.59506494764749 -33.39711354354571))"
151600052900014,13132011003016,305987,V1313210035,FRANCISCO DE AGUIRRE,AVENIDA,1,5,"[-70.59502470874246, -33.396959034350516]","POLYGON((-70.59502470874246 -33.396959034350516, -70.59497374725562 -33.396759029810546, -70.59528913293462 -33.39670248871441, -70.59534009510034 -33.396902493106076, -70.59502470874246 -33.396959034350516))"
151600052900015,13132011003016,305987,V1313210035,FRANCISCO DE AGUIRRE,AVENIDA,1,4,"[-70.59497374725562, -33.396759029810546]","POLYGON((-70.59497374725562 -33.396759029810546, -70.59492544774446 -33.39656936219529, -70.59524084072278 -33.3965128524223, -70.5952891408778 -33.39670251989698, -70.59497374725562 -33.396759029810546))"
151600052900018,13132011003016,305972,V1313210035,FRANCISCO DE AGUIRRE,AVENIDA,5,5,"[-70.59492544774446, -33.39656936219529]","POLYGON((-70.59492544774446 -33.39656936219529, -70.59487000141544 -33.39637690053314, -70.59518348543011 -33.39631335755789, -70.59523893239832 -33.39650581906244, -70.59492544774446 -33.39656936219529))"
151600052900018,13132011003016,305987,V1313210035,FRANCISCO DE AGUIRRE,AVENIDA,5,5,"[-70.59492544774446, -33.39656936219529]","POLYGON((-70.59492544774446 -33.39656936219529, -70.59487000141544 -33.39637690053314, -70.59518348543011 -33.39631335755789, -70.59523893239832 -33.39650581906244, -70.59492544774446 -33.39656936219529))"
151600052900018,13132011003016,308150,V1313210427,OBISPO SIERRA,CALLE,5,5,"[-70.59492544774446, -33.39656936219529]","POLYGON((-70.59492544774446 -33.39656936219529, -70.59487000141544 -33.39637690053314, -70.59518348543011 -33.39631335755789, -70.59523893239832 -33.39650581906244, -70.59492544774446 -33.39656936219529))"
151600052900019,13132011003016,308590,V1313210519,TOMAS DE FIGUEROA,CALLE,1,6,"[-70.59449452811458, -33.39595732007545]","POLYGON((-70.59449452811458 -33.39595732007545, -70.59425047253727 -33.3960693087371, -70.59409569386841 -33.3958319783092, -70.59433974900631 -33.39571998996177, -70.59449452811458 -33.39595732007545))"
151600052900019,13132011003016,308590,V1313210519,TOMAS DE FIGUEROA,CALLE,2,6,"[-70.59470016355228, -33.39590805185866]","POLYGON((-70.59470016355228 -33.39590805185866, -70.59449452811458 -33.39595732007545, -70.59440595330867 -33.395697202091355, -70.59461158819583 -33.395647934036155, -70.59470016355228 -33.39590805185866))"
151600052900019,13132011003016,305967,V1313210035,FRANCISCO DE AGUIRRE,AVENIDA,3,6,"[-70.59473861873416, -33.395923790710185]","POLYGON((-70.59473861873416 -33.395923790710185, -70.59470016355228 -33.39590805185866, -70.59484158596491 -33.39566492803954, -70.59488004106147 -33.395680666850225, -70.59473861873416 -33.395923790710185))"
151600052900019,13132011003016,308590,V1313210519,TOMAS DE FIGUEROA,CALLE,3,6,"[-70.59473861873416, -33.395923790710185]","POLYGON((-70.59473861873416 -33.395923790710185, -70.59470016355228 -33.39590805185866, -70.59484158596491 -33.39566492803954, -70.59488004106147 -33.395680666850225, -70.59473861873416 -33.395923790710185))"
151600052900019,13132011003016,305972,V1313210035,FRANCISCO DE AGUIRRE,AVENIDA,4,6,"[-70.59487000141544, -33.39637690053314]","POLYGON((-70.59487000141544 -33.39637690053314, -70.59473861873416 -33.395923790710185, -70.59505198868267 -33.39585985865285, -70.59518337286677 -33.39631296810289, -70.59487000141544 -33.39637690053314))"
151600053300022,13132011002002,306958,V1313210167,CANDELARIA GOYENECHEA,CALLE,1,5,"[-70.59086014828516, -33.39493321865245]","POLYGON((-70.59086014828516 -33.39493321865245, -70.59057584581342 -33.39476596466112, -70.59076102542824 -33.394544484494524, -70.59104532749761 -33.39471173807799, -70.59086014828516 -33.39493321865245))"
151600053300022,13132011002002,305655,V1313210005,AMERICO VESPUCIO NORTE,AVENIDA,4,5,"[-70.59040330028563, -33.394949627320045]","POLYGON((-70.59040330028563 -33.394949627320045, -70.59029861045798 -33.39508101496598, -70.59003048331597 -33.39493069113029, -70.59013517338602 -33.39479930370098, -70.59040330028563 -33.394949627320045))"
151600053300022,13132011002002,305655,V1313210005,AMERICO VESPUCIO NORTE,AVENIDA,5,5,"[-70.59057584581342, -33.39476596466112]","POLYGON((-70.59057584581342 -33.39476596466112, -70.59040330028563 -33.394949627320045, -70.59014999836087 -33.39478218698513, -70.59032254412035 -33.394598524667835, -70.59057584581342 -33.39476596466112))"
151600054500001,13132011001009,306792,V1313210120,AURELIO GONZALEZ,CALLE,1,4,"[-70.5989211134562, -33.40062328935707]","POLYGON((-70.5989211134562 -33.40062328935707, -70.59891394397457 -33.40056647564292, -70.59923467464613 -33.400538000851306, -70.59924184433268 -33.40059481454103, -70.5989211134562 -33.40062328935707))"
151600054500001,13132011001009,305623,V1313210003,ALONSO DE CORDOVA,AVENIDA,2,4,"[-70.59859023074831, -33.400703127758206]","POLYGON((-70.59859023074831 -33.400703127758206, -70.5989211134562 -33.40062328935707, -70.5990102790455 -33.400883265868124, -70.59867939545342 -33.400963104530824, -70.59859023074831 -33.400703127758206))"
151600054500002,13132011001009,306792,V1313210120,AURELIO GONZALEZ,CALLE,1,4,"[-70.59891479071858, -33.4005657432574]","POLYGON((-70.59891479071858 -33.4005657432574, -70.59889510057144 -33.40043586148565, -70.59921504615264 -33.400401737305955, -70.59923473676403 -33.40053161901366, -70.59891479071858 -33.4005657432574))"
151600054500004,13132011001009,306792,V1313210120,AURELIO GONZALEZ,CALLE,4,4,"[-70.5988646993804, -33.400220172373565]","POLYGON((-70.5988646993804 -33.400220172373565, -70.59884600645033 -33.400097763007125, -70.59916591344586 -33.400063393347445, -70.59918460681327 -33.400185802653176, -70.5988646993804 -33.400220172373565))"
151600054500005,13132011001009,306792,V1313210120,AURELIO GONZALEZ,CALLE,1,4,"[-70.59884685319055, -33.40009703062214]","POLYGON((-70.59884685319055 -33.40009703062214, -70.59882717649259 -33.39996787012598, -70.59914709534618 -33.399933581317256, -70.59916677250568 -33.40006274174949, -70.59884685319055 -33.40009703062214))"
151600054500006,13132011001009,306792,V1313210120,AURELIO GONZALEZ,CALLE,1,4,"[-70.59882813072582, -33.399967136355784]","POLYGON((-70.59882813072582 -33.399967136355784, -70.5988120769525 -33.3998596635149, -70.59913209460382 -33.39982603221173, -70.59914814876161 -33.39993350500019, -70.59882813072582 -33.399967136355784))"
151600054500008,13132011001009,306242,V1313210049,NUEVA COSTANERA,AVENIDA,3,4,"[-70.59825229676156, -33.400579961684905]","POLYGON((-70.59825229676156 -33.400579961684905, -70.59827197278872 -33.40070912228123, -70.59795205066507 -33.40074340892322, -70.59793237509948 -33.400614248262976, -70.59825229676156 -33.400579961684905))"
151600054500008,13132011001009,306264,V1313210049,NUEVA COSTANERA,AVENIDA,3,4,"[-70.59825229676156, -33.400579961684905]","POLYGON((-70.59825229676156 -33.400579961684905, -70.59827197278872 -33.40070912228123, -70.59795205066507 -33.40074340892322, -70.59793237509948 -33.400614248262976, -70.59825229676156 -33.400579961684905))"
151600054500009,13132011001009,306792,V1313210120,AURELIO GONZALEZ,CALLE,1,6,"[-70.59889605480902, -33.40043512771485]","POLYGON((-70.59889605480902 -33.40043512771485, -70.59886385263918 -33.40022090475866, -70.59918384023095 -33.40018706405861, -70.59921604316689 -33.40040128690983, -70.59889605480902 -33.40043512771485))"
151600054500009,13132011001009,306242,V1313210049,NUEVA COSTANERA,AVENIDA,5,6,"[-70.59821213353754, -33.400300818409576]","POLYGON((-70.59821213353754 -33.400300818409576, -70.59825314351144 -33.400579229303766, -70.59793305461473 -33.400612399587246, -70.59789204563765 -33.400333988558735, -70.59821213353754 -33.400300818409576))"
151600054500009,13132011001009,306264,V1313210049,NUEVA COSTANERA,AVENIDA,5,6,"[-70.59821213353754, -33.400300818409576]","POLYGON((-70.59821213353754 -33.400300818409576, -70.59825314351144 -33.400579229303766, -70.59793305461473 -33.400612399587246, -70.59789204563765 -33.400333988558735, -70.59821213353754 -33.400300818409576))"
151600054500010,13132011001009,306242,V1313210049,NUEVA COSTANERA,AVENIDA,2,4,"[-70.59818708112998, -33.400124650984914]","POLYGON((-70.59818708112998 -33.400124650984914, -70.59821298028517 -33.40030008602872, -70.59789290314461 -33.400333329123384, -70.59786700461747 -33.40015789399481, -70.59818708112998 -33.400124650984914))"
151600054500010,13132011001009,306264,V1313210049,NUEVA COSTANERA,AVENIDA,2,4,"[-70.59818708112998, -33.400124650984914]","POLYGON((-70.59818708112998 -33.400124650984914, -70.59821298028517 -33.40030008602872, -70.59789290314461 -33.400333329123384, -70.59786700461747 -33.40015789399481, -70.59818708112998 -33.400124650984914))"
151600054500011,13132011001009,306272,V1313210049,NUEVA COSTANERA,AVENIDA,3,4,"[-70.59816109807585, -33.39993875566092]","POLYGON((-70.59816109807585 -33.39993875566092, -70.59818792787617 -33.400123918604265, -70.59786776280173 -33.40015655608245, -70.59784093366494 -33.399971393050876, -70.59816109807585 -33.39993875566092))"
151600054500011,13132011001009,306242,V1313210049,NUEVA COSTANERA,AVENIDA,3,4,"[-70.59816109807585, -33.39993875566092]","POLYGON((-70.59816109807585 -33.39993875566092, -70.59818792787617 -33.400123918604265, -70.59786776280173 -33.40015655608245, -70.59784093366494 -33.399971393050876, -70.59816109807585 -33.39993875566092))"
151600054500011,13132011001009,306240,V1313210049,NUEVA COSTANERA,AVENIDA,3,4,"[-70.59816109807585, -33.39993875566092]","POLYGON((-70.59816109807585 -33.39993875566092, -70.59818792787617 -33.400123918604265, -70.59786776280173 -33.40015655608245, -70.59784093366494 -33.399971393050876, -70.59816109807585 -33.39993875566092))"
151600054500011,13132011001009,306264,V1313210049,NUEVA COSTANERA,AVENIDA,3,4,"[-70.59816109807585, -33.39993875566092]","POLYGON((-70.59816109807585 -33.39993875566092, -70.59818792787617 -33.400123918604265, -70.59786776280173 -33.40015655608245, -70.59784093366494 -33.399971393050876, -70.59816109807585 -33.39993875566092))"
151600054500011,13132011001009,308218,V1313210448,PEDRO DE VILLAGRA,CALLE,3,4,"[-70.59816109807585, -33.39993875566092]","POLYGON((-70.59816109807585 -33.39993875566092, -70.59818792787617 -33.400123918604265, -70.59786776280173 -33.40015655608245, -70.59784093366494 -33.399971393050876, -70.59816109807585 -33.39993875566092))"
151600054700001,13132011001009,305615,V1313210003,ALONSO DE CORDOVA,AVENIDA,2,4,"[-70.59905071815135, -33.400590415190344]","POLYGON((-70.59905071815135 -33.400590415190344, -70.59938593950223 -33.400506822093014, -70.59947785106229 -33.40076612488061, -70.59914262882424 -33.40084971825003, -70.59905071815135 -33.400590415190344))"
151600054700001,13132011001009,305620,V1313210003,ALONSO DE CORDOVA,AVENIDA,2,4,"[-70.59905071815135, -33.400590415190344]","POLYGON((-70.59905071815135 -33.400590415190344, -70.59938593950223 -33.400506822093014, -70.59947785106229 -33.40076612488061, -70.59914262882424 -33.40084971825003, -70.59905071815135 -33.400590415190344))"
151600054700001,13132011001009,305629,V1313210003,ALONSO DE CORDOVA,AVENIDA,2,4,"[-70.59905071815135, -33.400590415190344]","POLYGON((-70.59905071815135 -33.400590415190344, -70.59938593950223 -33.400506822093014, -70.59947785106229 -33.40076612488061, -70.59914262882424 -33.40084971825003, -70.59905071815135 -33.400590415190344))"
151600054700001,13132011001009,306792,V1313210120,AURELIO GONZALEZ,CALLE,3,4,"[-70.59899351445677, -33.40019704832606]","POLYGON((-70.59899351445677 -33.40019704832606, -70.59905071815135 -33.400590415190344, -70.59873056827742 -33.40062316851814, -70.59867336599223 -33.40022980146588, -70.59899351445677 -33.40019704832606))"
151600054700004,13132011001009,306792,V1313210120,AURELIO GONZALEZ,CALLE,3,4,"[-70.59897296282078, -33.40006122551798]","POLYGON((-70.59897296282078 -33.40006122551798, -70.59899351445677 -33.40019704832606, -70.59867355983265 -33.40023110800601, -70.59865300868222 -33.400095285131066, -70.59897296282078 -33.40006122551798))"
151600054700005,13132011001009,306792,V1313210120,AURELIO GONZALEZ,CALLE,2,4,"[-70.59894069291748, -33.399843305898365]","POLYGON((-70.59894069291748 -33.399843305898365, -70.59897380790773 -33.40006040296942, -70.59865389495816 -33.400094733684696, -70.59862078074364 -33.39987763650606, -70.59894069291748 -33.399843305898365))"
151600055100007,13132011003019,308136,V1313210426,O'BRIEN,CALLE,2,5,"[-70.59670825212835, -33.399272244657276]","POLYGON((-70.59670825212835 -33.399272244657276, -70.59706138743908 -33.3991923954137, -70.59714533483366 -33.39945359124884, -70.59679219856284 -33.399533440757345, -70.59670825212835 -33.399272244657276))"
151600055100011,13132011003019,305971,V1313210035,FRANCISCO DE AGUIRRE,AVENIDA,3,6,"[-70.59569261978109, -33.398989328013556]","POLYGON((-70.59569261978109 -33.398989328013556, -70.59572743466627 -33.399205772967896, -70.59540781261455 -33.39924194254891, -70.59537299850018 -33.39902549748296, -70.59569261978109 -33.398989328013556))"
151600055100011,13132011003019,305971,V1313210035,FRANCISCO DE AGUIRRE,AVENIDA,4,6,"[-70.59567744437535, -33.398835578940236]","POLYGON((-70.59567744437535 -33.398835578940236, -70.59569261978109 -33.398989328013556, -70.59537120237613 -33.39901164755307, -70.59535602752953 -33.398857898424254, -70.59567744437535 -33.398835578940236))"
151600055100012,13132011003019,305971,V1313210035,FRANCISCO DE AGUIRRE,AVENIDA,3,4,"[-70.59565864831028, -33.39866609421088]","POLYGON((-70.59565864831028 -33.39866609421088, -70.59567744437535 -33.398835578940236, -70.59535631428089 -33.39886063471989, -70.59533751883005 -33.39869114992416, -70.59565864831028 -33.39866609421088))"
151600055100013,13132011003019,305971,V1313210035,FRANCISCO DE AGUIRRE,AVENIDA,3,4,"[-70.59563351147467, -33.398449705105705]","POLYGON((-70.59563351147467 -33.398449705105705, -70.59565864831028 -33.39866609421088, -70.59533765261858 -33.39869232837741, -70.59531251656595 -33.398475939184635, -70.59563351147467 -33.398449705105705))"
151600055100013,13132011003019,307544,V1313210303,JUAN BAUTISTA PASTENES,CALLE,4,4,"[-70.59591163574255, -33.398413120258844]","POLYGON((-70.59591163574255 -33.398413120258844, -70.59563351147467 -33.398449705105705, -70.59558354476435 -33.39818245092443, -70.5958616682108 -33.398145866212765, -70.59591163574255 -33.398413120258844))"
151600055100014,13132011003019,307544,V1313210303,JUAN BAUTISTA PASTENES,CALLE,4,5,"[-70.59641854758992, -33.39834662591385]","POLYGON((-70.59641854758992 -33.39834662591385, -70.59618161507437 -33.39837799234711, -70.59613133550387 -33.39811077950509, -70.59636826732006 -33.39807941318761, -70.59641854758992 -33.39834662591385))"
151600055100015,13132011003019,307544,V1313210303,JUAN BAUTISTA PASTENES,CALLE,3,4,"[-70.59651153386454, -33.39833397594982]","POLYGON((-70.59651153386454 -33.39833397594982, -70.59641854758992 -33.39834662591385, -70.59636691453038 -33.39807959474949, -70.5964599005312 -33.398066944831875, -70.59651153386454 -33.39833397594982))"
151600055100016,13132011003019,307544,V1313210303,JUAN BAUTISTA PASTENES,CALLE,3,4,"[-70.5966376741565, -33.39831756242451]","POLYGON((-70.5966376741565 -33.39831756242451, -70.59651153386454 -33.39833397594982, -70.59646209378369 -33.39806665295512, -70.59658823370275 -33.39805023949062, -70.5966376741565 -33.39831756242451))"
151600055100017,13132011003019,307544,V1313210303,JUAN BAUTISTA PASTENES,CALLE,3,4,"[-70.59685047007461, -33.39828921132381]","POLYGON((-70.59685047007461 -33.39828921132381, -70.5966376741565 -33.39831756242451, -70.59658708123636 -33.398050391242315, -70.59679987652672 -33.39802204024611, -70.59685047007461 -33.39828921132381))"
151600055100018,13132011003019,307544,V1313210303,JUAN BAUTISTA PASTENES,CALLE,5,5,"[-70.59696213508732, -33.39827496783785]","POLYGON((-70.59696213508732 -33.39827496783785, -70.59685123571529 -33.39828992294159, -70.59680004234612 -33.39802283226528, -70.59691094139133 -33.398007877216536, -70.59696213508732 -33.39827496783785))"
151600055100019,13132011003019,307544,V1313210303,JUAN BAUTISTA PASTENES,CALLE,4,4,"[-70.59712839142254, -33.39825334784782]","POLYGON((-70.59712839142254 -33.39825334784782, -70.59696213508732 -33.39827496783785, -70.5969127252325 -33.39800764095528, -70.59707898107622 -33.397986021045355, -70.59712839142254 -33.39825334784782))"
151600055100027,13132011003019,307544,V1313210303,JUAN BAUTISTA PASTENES,CALLE,3,4,"[-70.59618074194594, -33.398377282108065]","POLYGON((-70.59618074194594 -33.398377282108065, -70.59591163574255 -33.398413120258844, -70.59586106377621 -33.398145946214434, -70.59613016918568 -33.39811010819576, -70.59618074194594 -33.398377282108065))"
151600055300001,13132011003018,307544,V1313210303,JUAN BAUTISTA PASTENES,CALLE,1,4,"[-70.59574626176969, -33.39832425174438]","POLYGON((-70.59574626176969 -33.39832425174438, -70.5958490051995 -33.39831012401179, -70.59590117998361 -33.398577081140374, -70.59579843625158 -33.39859120892467, -70.59574626176969 -33.39832425174438))"
151600055300002,13132011003018,307544,V1313210303,JUAN BAUTISTA PASTENES,CALLE,1,4,"[-70.5958490051995, -33.39831012401179]","POLYGON((-70.5958490051995 -33.39831012401179, -70.5961181111185 -33.39827428600501, -70.59616868395842 -33.39854145991371, -70.59589957724552 -33.39857729805259, -70.5958490051995 -33.39831012401179))"
151600055300004,13132011003018,307544,V1313210303,JUAN BAUTISTA PASTENES,CALLE,1,4,"[-70.59637029735985, -33.39824218231436]","POLYGON((-70.59637029735985 -33.39824218231436, -70.59661526493777 -33.398209269174046, -70.59666627562187 -33.39847638446497, -70.59642130732183 -33.39850929772636, -70.59637029735985 -33.39824218231436))"
151600055300005,13132011003018,307544,V1313210303,JUAN BAUTISTA PASTENES,CALLE,3,6,"[-70.59661613971713, -33.39821006957288]","POLYGON((-70.59661613971713 -33.39821006957288, -70.59710169514062 -33.398145831357255, -70.59715194362272 -33.39841304822429, -70.59666638676589 -33.39847728667707, -70.59661613971713 -33.39821006957288))"
151600055300010,13132011003018,306278,V1313210049,NUEVA COSTANERA,AVENIDA,2,6,"[-70.59757196465561, -33.39756368052996]","POLYGON((-70.59757196465561 -33.39756368052996, -70.59754240864622 -33.397376297850265, -70.59786213315559 -33.39734081586045, -70.59789168983308 -33.39752819844492, -70.59757196465561 -33.39756368052996))"
151600055300011,13132011003018,306278,V1313210049,NUEVA COSTANERA,AVENIDA,2,4,"[-70.59754336286325, -33.3973755640902]","POLYGON((-70.59754336286325 -33.3973755640902, -70.59751290439979 -33.39717998626438, -70.59783269733227 -33.39714494539113, -70.59786315649359 -33.39734052311854, -70.59754336286325 -33.3973755640902))"
151600055300012,13132011003018,307322,V1313210244,ESPOZ,CALLE,3,4,"[-70.59748260520472, -33.39697547814671]","POLYGON((-70.59748260520472 -33.39697547814671, -70.59705776071122 -33.39703740310903, -70.59700254608074 -33.3967708766862, -70.59742738933181 -33.39670895194785, -70.59748260520472 -33.39697547814671))"
151600055300012,13132011003018,306278,V1313210049,NUEVA COSTANERA,AVENIDA,4,4,"[-70.59751375112431, -33.39717925388869]","POLYGON((-70.59751375112431 -33.39717925388869, -70.59748260520472 -33.39697547814671, -70.59780249612744 -33.39694107720091, -70.59783364277497 -33.397144852841805, -70.59751375112431 -33.39717925388869))"
151600055300013,13132011003018,307544,V1313210303,JUAN BAUTISTA PASTENES,CALLE,1,5,"[-70.59562020238253, -33.398339220379206]","POLYGON((-70.59562020238253 -33.398339220379206, -70.59574538864523 -33.39832354150216, -70.5957930176559 -33.398591095811874, -70.59566783102196 -33.3986067747475, -70.59562020238253 -33.398339220379206))"
151600055300013,13132011003018,305969,V1313210035,FRANCISCO DE AGUIRRE,AVENIDA,2,5,"[-70.59561206399077, -33.39826456242287]","POLYGON((-70.59561206399077 -33.39826456242287, -70.59562020238253 -33.398339220379206, -70.59529902750843 -33.39836385233644, -70.59529088938739 -33.39828919435121, -70.59561206399077 -33.39826456242287))"
151600055300013,13132011003018,305969,V1313210035,FRANCISCO DE AGUIRRE,AVENIDA,3,5,"[-70.59559155944645, -33.39818393099085]","POLYGON((-70.59559155944645 -33.39818393099085, -70.59561206399077 -33.39826456242287, -70.5952966451864 -33.39832099540951, -70.59527614091586 -33.39824036391778, -70.59559155944645 -33.39818393099085))"
151600055300014,13132011003018,305969,V1313210035,FRANCISCO DE AGUIRRE,AVENIDA,4,7,"[-70.59557720655289, -33.398133973219586]","POLYGON((-70.59557720655289 -33.398133973219586, -70.59559154461265 -33.398183119524596, -70.59527827380141 -33.39824742088657, -70.59526393590447 -33.39819827454092, -70.59557720655289 -33.398133973219586))"
151600055300015,13132011003018,305969,V1313210035,FRANCISCO DE AGUIRRE,AVENIDA,2,4,"[-70.59553434647994, -33.39798319549654]","POLYGON((-70.59553434647994 -33.39798319549654, -70.59557719336743 -33.39813325191625, -70.59526354972607 -33.39819626096453, -70.59522070333786 -33.39804620442284, -70.59553434647994 -33.39798319549654))"
151600055300016,13132011003018,305969,V1313210035,FRANCISCO DE AGUIRRE,AVENIDA,3,4,"[-70.5954932077125, -33.397838347767994]","POLYGON((-70.5954932077125 -33.397838347767994, -70.59553434647994 -33.39798319549654, -70.59522061275202 -33.398045886323885, -70.59517947446702 -33.39790103847809, -70.5954932077125 -33.397838347767994))"
151600055300017,13132011003018,305969,V1313210035,FRANCISCO DE AGUIRRE,AVENIDA,3,4,"[-70.59546197092052, -33.39772935614435]","POLYGON((-70.59546197092052 -33.39772935614435, -70.5954932077125 -33.397838347767994, -70.59517962841065 -33.397901578059304, -70.59514839198104 -33.39779258634679, -70.59546197092052 -33.39772935614435))"
151600055300018,13132011003018,305969,V1313210035,FRANCISCO DE AGUIRRE,AVENIDA,3,5,"[-70.59538683969362, -33.397465902468255]","POLYGON((-70.59538683969362 -33.397465902468255, -70.59543783869279 -33.397644352306536, -70.59512421182805 -33.39770741399239, -70.59507321342251 -33.39752896400895, -70.59538683969362 -33.397465902468255))"
151600055300019,13132011003018,305969,V1313210035,FRANCISCO DE AGUIRRE,AVENIDA,2,4,"[-70.5953358541006, -33.39728817390137]","POLYGON((-70.5953358541006 -33.39728817390137, -70.59538683969362 -33.397465902468255, -70.59507327826925 -33.39752919048644, -70.595022293267 -33.39735146177454, -70.5953358541006 -33.39728817390137))"
151600055300019,13132011003018,307322,V1313210244,ESPOZ,CALLE,3,4,"[-70.59551728212499, -33.397261400872026]","POLYGON((-70.59551728212499 -33.397261400872026, -70.5953358541006 -33.39728817390137, -70.59527997384572 -33.39702174492638, -70.59546140134023 -33.39699497199363, -70.59551728212499 -33.397261400872026))"
151600055300020,13132011003018,307322,V1313210244,ESPOZ,CALLE,4,4,"[-70.5956425331585, -33.39724346668593]","POLYGON((-70.5956425331585 -33.39724346668593, -70.59551826272755 -33.39726210973396, -70.59546148258447 -33.39699581467461, -70.59558575265312 -33.3969771716936, -70.5956425331585 -33.39724346668593))"
151600055300021,13132011003018,307322,V1313210244,ESPOZ,CALLE,3,4,"[-70.59573195636902, -33.397230051491846]","POLYGON((-70.59573195636902 -33.397230051491846, -70.5956425331585 -33.39724346668593, -70.59558575329291 -33.39697717159762, -70.59567517624275 -33.39696375645176, -70.59573195636902 -33.397230051491846))"
151600055300022,13132011003018,307322,V1313210244,ESPOZ,CALLE,3,4,"[-70.59589280688631, -33.39720687940079]","POLYGON((-70.59589280688631 -33.39720687940079, -70.59573282948205 -33.39723076173461, -70.59567631881292 -33.39696442636974, -70.59583629575056 -33.39694054412187, -70.59589280688631 -33.39720687940079))"
151600055300023,13132011003018,307322,V1313210244,ESPOZ,CALLE,4,5,"[-70.59611101484023, -33.397174762439384]","POLYGON((-70.59611101484023 -33.397174762439384, -70.59589378913962 -33.39720767842262, -70.59583645605932 -33.3969414667698, -70.59605368112734 -33.396908550904676, -70.59611101484023 -33.397174762439384))"
151600055300024,13132011003018,307322,V1313210244,ESPOZ,CALLE,3,4,"[-70.59624602252661, -33.397155349362954]","POLYGON((-70.59624602252661 -33.397155349362954, -70.59611101484023 -33.397174762439384, -70.5960565231861 -33.396908131252815, -70.59619153047711 -33.39688871824679, -70.59624602252661 -33.397155349362954))"
151600055300025,13132011003018,307322,V1313210244,ESPOZ,CALLE,3,4,"[-70.59638906721443, -33.39713447996245]","POLYGON((-70.59638906721443 -33.39713447996245, -70.59624602252661 -33.397155349362954, -70.59619075760037 -33.396888830192566, -70.5963338018699 -33.396867960867546, -70.59638906721443 -33.39713447996245))"
151600055300026,13132011003018,307322,V1313210244,ESPOZ,CALLE,3,4,"[-70.59662326778525, -33.39710089374085]","POLYGON((-70.59662326778525 -33.39710089374085, -70.59638994033162 -33.39713519020048, -70.59633427337101 -33.396868729918694, -70.5965676001429 -33.396834433582896, -70.59662326778525 -33.39710089374085))"
151600055300027,13132011003018,307322,V1313210244,ESPOZ,CALLE,3,4,"[-70.5968280767658, -33.3970710221965]","POLYGON((-70.5968280767658 -33.3970710221965, -70.59662326778525 -33.39710089374085, -70.59656801903148 -33.39683437224943, -70.59677282741313 -33.39680450081311, -70.5968280767658 -33.3970710221965))"
151600055300028,13132011003018,307322,V1313210244,ESPOZ,CALLE,3,4,"[-70.59705776071122, -33.39703740310903]","POLYGON((-70.59705776071122 -33.39703740310903, -70.5968280767658 -33.3970710221965, -70.59677263680416 -33.396804528663125, -70.5970023200782 -33.396770909697146, -70.59705776071122 -33.39703740310903))"
151600055300029,13132011003018,305969,V1313210035,FRANCISCO DE AGUIRRE,AVENIDA,5,7,"[-70.59543783869279, -33.397644352306536]","POLYGON((-70.59543783869279 -33.397644352306536, -70.59546281766798 -33.39772862378204, -70.59514983367815 -33.39779389499549, -70.59512485498122 -33.39770962344939, -70.59543783869279 -33.397644352306536))"
151600055500004,13132011001007,308092,V1313210415,NARCISO GOYCOLEA,CALLE,1,4,"[-70.59906858822829, -33.397845072879335]","POLYGON((-70.59906858822829 -33.397845072879335, -70.59900956514248 -33.397639853238026, -70.59932308236073 -33.397576411487634, -70.59938210612833 -33.39778163096109, -70.59906858822829 -33.397845072879335))"
151600055500004,13132011001007,307545,V1313210303,JUAN BAUTISTA PASTENES,CALLE,2,4,"[-70.59882091045172, -33.39788839693114]","POLYGON((-70.59882091045172 -33.39788839693114, -70.59906858822829 -33.397845072879335, -70.59913442902062 -33.398109895882826, -70.5988867505362 -33.39815322008573, -70.59882091045172 -33.39788839693114))"
151600055500013,13132011001007,306278,V1313210049,NUEVA COSTANERA,AVENIDA,3,4,"[-70.59770786786085, -33.397305356679574]","POLYGON((-70.59770786786085 -33.397305356679574, -70.59773104226545 -33.39745539510578, -70.59741120416116 -33.397490152132036, -70.5973880302922 -33.39734011363078, -70.59770786786085 -33.397305356679574))"
151600055500014,13132011001007,306278,V1313210049,NUEVA COSTANERA,AVENIDA,3,4,"[-70.59768726770795, -33.397172600438516]","POLYGON((-70.59768726770795 -33.397172600438516, -70.59770786786085 -33.397305356679574, -70.5973880548512 -33.39734027226951, -70.59736745517212 -33.39720751596184, -70.59768726770795 -33.397172600438516))"
151600055500015,13132011001007,306278,V1313210049,NUEVA COSTANERA,AVENIDA,2,4,"[-70.59765331905778, -33.39695082402068]","POLYGON((-70.59765331905778 -33.39695082402068, -70.59768811278059 -33.397171777898826, -70.59736837971795 -33.39720720180962, -70.597333586783 -33.396986247819335, -70.59765331905778 -33.39695082402068))"
151600055500015,13132011001007,307321,V1313210244,ESPOZ,CALLE,3,4,"[-70.59795186420597, -33.39690829010948]","POLYGON((-70.59795186420597 -33.39690829010948, -70.59765331905778 -33.39695082402068, -70.59759931475227 -33.39668412323457, -70.59789785902535 -33.396641589477966, -70.59795186420597 -33.39690829010948))"
151600055500016,13132011001007,307321,V1313210244,ESPOZ,CALLE,1,5,"[-70.59835958646956, -33.396850821348316]","POLYGON((-70.59835958646956 -33.396850821348316, -70.59812173105205 -33.39688436772481, -70.5980682552104 -33.39661759207454, -70.59830610993001 -33.39658404582021, -70.59835958646956 -33.396850821348316))"
151600055500017,13132011001007,307321,V1313210244,ESPOZ,CALLE,1,4,"[-70.59812173105205, -33.39688436772481]","POLYGON((-70.59812173105205 -33.39688436772481, -70.59795186420597 -33.39690829010948, -70.5978984644211 -33.39664150372337, -70.59806833076868 -33.39661758142587, -70.59812173105205 -33.39688436772481))"
151600055500020,13132011001007,307545,V1313210303,JUAN BAUTISTA PASTENES,CALLE,1,4,"[-70.59864666100917, -33.39791968168307]","POLYGON((-70.59864666100917 -33.39791968168307, -70.59882091045172 -33.39788839693114, -70.59888841457087 -33.39815292517018, -70.59871416463231 -33.398184210030685, -70.59864666100917 -33.39791968168307))"
151600055700001,13132011003015,307322,V1313210244,ESPOZ,CALLE,1,4,"[-70.59528573195104, -33.39711061457091]","POLYGON((-70.59528573195104 -33.39711061457091, -70.59552088555428 -33.397076206514, -70.5955763084658 -33.397342702673676, -70.59534115417513 -33.39737711085491, -70.59528573195104 -33.39711061457091))"
151600055700001,13132011003015,305987,V1313210035,FRANCISCO DE AGUIRRE,AVENIDA,2,4,"[-70.59522861150305, -33.3969089758487]","POLYGON((-70.59522861150305 -33.3969089758487, -70.59528573195104 -33.39711061457091, -70.59497195809384 -33.397173152967284, -70.59491483831775 -33.39697151408222, -70.59522861150305 -33.3969089758487))"
151600055700002,13132011003015,307322,V1313210244,ESPOZ,CALLE,2,4,"[-70.59552088555428, -33.397076206514]","POLYGON((-70.59552088555428 -33.397076206514, -70.59573641926887 -33.397044846079666, -70.59579154048983 -33.39731138623801, -70.59557600614478 -33.397342746785796, -70.59552088555428 -33.397076206514))"
151600055700003,13132011003015,307322,V1313210244,ESPOZ,CALLE,2,4,"[-70.59602874460298, -33.3970031182532]","POLYGON((-70.59602874460298 -33.3970031182532, -70.59621917295625 -33.3969746952929, -70.596275674071 -33.39724103203377, -70.59608524516224 -33.397269455096385, -70.59602874460298 -33.3970031182532))"
151600055700004,13132011003015,307322,V1313210244,ESPOZ,CALLE,2,4,"[-70.59621917295625, -33.3969746952929]","POLYGON((-70.59621917295625 -33.3969746952929, -70.59641411742169 -33.39694630411419, -70.59646928847783 -33.39721283694966, -70.59627434344225 -33.39724122823108, -70.59621917295625 -33.3969746952929))"
151600055700005,13132011003015,307322,V1313210244,ESPOZ,CALLE,2,4,"[-70.59641411742169, -33.39694630411419]","POLYGON((-70.59641411742169 -33.39694630411419, -70.59664294295872 -33.396912787027404, -70.59669842179488 -33.39717927488638, -70.59646959558903 -33.397212792094294, -70.59641411742169 -33.39694630411419))"
151600055700008,13132011003015,307322,V1313210244,ESPOZ,CALLE,1,4,"[-70.59704270870473, -33.39685524461104]","POLYGON((-70.59704270870473 -33.39685524461104, -70.59745395222367 -33.396796290548345, -70.59750828378705 -33.39706294458383, -70.5970970390634 -33.39712189886052, -70.59704270870473 -33.39685524461104))"
151600055700008,13132011003015,306241,V1313210049,NUEVA COSTANERA,AVENIDA,4,4,"[-70.59745395222367, -33.396796290548345]","POLYGON((-70.59745395222367 -33.396796290548345, -70.59743337759791 -33.396659024712726, -70.59775336644047 -33.396625278286514, -70.59777394155714 -33.396762544055036, -70.59745395222367 -33.396796290548345))"
151600055700009,13132011003015,306241,V1313210049,NUEVA COSTANERA,AVENIDA,1,4,"[-70.59743422431823, -33.396658292337634]","POLYGON((-70.59743422431823 -33.396658292337634, -70.59740470718333 -33.39646712135673, -70.59772454324504 -33.39643237537376, -70.59775406106242 -33.3966235462591, -70.59743422431823 -33.396658292337634))"
151600055700010,13132011003015,306241,V1313210049,NUEVA COSTANERA,AVENIDA,1,4,"[-70.59740470718333, -33.39646712135673]","POLYGON((-70.59740470718333 -33.39646712135673, -70.5973770104294 -33.396287290120796, -70.59769685901539 -33.39625262960576, -70.59772455641139 -33.39643246075197, -70.59740470718333 -33.39646712135673))"
151600055700012,13132011003015,305987,V1313210035,FRANCISCO DE AGUIRRE,AVENIDA,3,6,"[-70.59517227507502, -33.3967090405077]","POLYGON((-70.59517227507502 -33.3967090405077, -70.59522945824487 -33.396908243488085, -70.59491591008006 -33.39697157079737, -70.59485872757226 -33.39677236765436, -70.59517227507502 -33.3967090405077))"
151600055700013,13132011003015,308150,V1313210427,OBISPO SIERRA,CALLE,1,4,"[-70.59518123288034, -33.396440266770675]","POLYGON((-70.59518123288034 -33.396440266770675, -70.5951052499077 -33.39645368912385, -70.59503878896581 -33.39618897490688, -70.59511477172163 -33.396175552600404, -70.59518123288034 -33.396440266770675))"
151600055700013,13132011003015,305987,V1313210035,FRANCISCO DE AGUIRRE,AVENIDA,4,4,"[-70.5951052499077, -33.39645368912385]","POLYGON((-70.5951052499077 -33.39645368912385, -70.59517312181542 -33.39670830814747, -70.59485838457904 -33.39676733693196, -70.5947905135292 -33.39651271771254, -70.5951052499077 -33.39645368912385))"
151600055700014,13132011003015,308150,V1313210427,OBISPO SIERRA,CALLE,3,4,"[-70.59532428697854, -33.39641407762676]","POLYGON((-70.59532428697854 -33.39641407762676, -70.59518123288034 -33.396440266770675, -70.59511246388176 -33.39617596768334, -70.59525551757405 -33.39614977862992, -70.59532428697854 -33.39641407762676))"
151600055700015,13132011003015,308150,V1313210427,OBISPO SIERRA,CALLE,4,4,"[-70.59544676720843, -33.396391670078216]","POLYGON((-70.59544676720843 -33.396391670078216, -70.59532514689741 -33.3964140665692, -70.59525599106942 -33.39614983852408, -70.59537761103567 -33.396127442110405, -70.59544676720843 -33.396391670078216))"
151600055700016,13132011003015,308150,V1313210427,OBISPO SIERRA,CALLE,3,4,"[-70.59555938632668, -33.39637092236132]","POLYGON((-70.59555938632668 -33.39637092236132, -70.59544676720843 -33.396391670078216, -70.59537758339776 -33.39612744720101, -70.59549020219679 -33.396106699555745, -70.59555938632668 -33.39637092236132))"
151600055700017,13132011003015,308150,V1313210427,OBISPO SIERRA,CALLE,3,4,"[-70.59586425683845, -33.39631568636292]","POLYGON((-70.59586425683845 -33.39631568636292, -70.59556025942948 -33.39637163260569, -70.59549114539533 -33.39610739689328, -70.59579514194243 -33.396051450843615, -70.59586425683845 -33.39631568636292))"
151600055700018,13132011003015,308150,V1313210427,OBISPO SIERRA,CALLE,3,4,"[-70.59602338284176, -33.39628649397411]","POLYGON((-70.59602338284176 -33.39628649397411, -70.59586511675612 -33.39631567530166, -70.59579587856955 -33.396051462493624, -70.59595414420662 -33.39602228126678, -70.59602338284176 -33.39628649397411))"
151600055700019,13132011003015,308056,V1313210405,MIGUEL GALLO,CALLE,3,4,"[-70.59617180098527, -33.396259693749755]","POLYGON((-70.59617180098527 -33.396259693749755, -70.59602424440762 -33.396286573074676, -70.59595580163337 -33.39602221450861, -70.596103357792 -33.395995335276666, -70.59617180098527 -33.396259693749755))"
151600055700019,13132011003015,308150,V1313210427,OBISPO SIERRA,CALLE,3,4,"[-70.59617180098527, -33.396259693749755]","POLYGON((-70.59617180098527 -33.396259693749755, -70.59602424440762 -33.396286573074676, -70.59595580163337 -33.39602221450861, -70.596103357792 -33.395995335276666, -70.59617180098527 -33.396259693749755))"
151600055700019,13132011003015,308152,V1313210427,OBISPO SIERRA,CALLE,3,4,"[-70.59617180098527, -33.396259693749755]","POLYGON((-70.59617180098527 -33.396259693749755, -70.59602424440762 -33.396286573074676, -70.59595580163337 -33.39602221450861, -70.596103357792 -33.395995335276666, -70.59617180098527 -33.396259693749755))"
151600055700020,13132011003015,308152,V1313210427,OBISPO SIERRA,CALLE,4,4,"[-70.59633275573945, -33.39623056762312]","POLYGON((-70.59633275573945 -33.39623056762312, -70.59617266090227 -33.39625968268638, -70.59610432637918 -33.395995304434095, -70.5962644207616 -33.39596618947159, -70.59633275573945 -33.39623056762312))"
151600055700021,13132011003015,308152,V1313210427,OBISPO SIERRA,CALLE,3,4,"[-70.59652500827376, -33.396196168596006]","POLYGON((-70.59652500827376 -33.396196168596006, -70.59633275573945 -33.39623056762312, -70.59626547580663 -33.39596599914875, -70.5964577277934 -33.39593160024105, -70.59652500827376 -33.396196168596006))"
151600055700022,13132011003015,308152,V1313210427,OBISPO SIERRA,CALLE,3,4,"[-70.59669926838124, -33.39616560819938]","POLYGON((-70.59669926838124 -33.39616560819938, -70.59652577554182 -33.39619697037956, -70.59645783321771 -33.39593252105555, -70.59663132556383 -33.395901158984024, -70.59669926838124 -33.39616560819938))"
151600055700044,13132011003015,307322,V1313210244,ESPOZ,CALLE,1,4,"[-70.59587764977087, -33.39702472207753]","POLYGON((-70.59587764977087 -33.39702472207753, -70.59602786984142 -33.39700231784959, -70.59608432861685 -33.397268660926954, -70.59593410810807 -33.39729106523555, -70.59587764977087 -33.39702472207753))"
151600055700045,13132011003015,307322,V1313210244,ESPOZ,CALLE,2,4,"[-70.59573641926887, -33.397044846079666]","POLYGON((-70.59573641926887 -33.397044846079666, -70.59587677665884 -33.39702401183571, -70.59593297646902 -33.39729039345999, -70.59579261866938 -33.397311227779014, -70.59573641926887 -33.397044846079666))"
151600055900001,13132011001004,307321,V1313210244,ESPOZ,CALLE,2,4,"[-70.59762646831794, -33.39677026049716]","POLYGON((-70.59762646831794 -33.39677026049716, -70.59799750121675 -33.39671723349294, -70.59805167117314 -33.39698391060596, -70.59768063718708 -33.397036937802795, -70.59762646831794 -33.39677026049716))"
151600055900001,13132011001004,306241,V1313210049,NUEVA COSTANERA,AVENIDA,3,4,"[-70.59757277995747, -33.396421578649814]","POLYGON((-70.59757277995747 -33.396421578649814, -70.59762646831794 -33.39677026049716, -70.59730661634278 -33.39680491137191, -70.59725292922731 -33.396456229350584, -70.59757277995747 -33.396421578649814))"
151600055900015,13132011001004,306250,V1313210049,NUEVA COSTANERA,AVENIDA,3,4,"[-70.59746998618978, -33.39570431529421]","POLYGON((-70.59746998618978 -33.39570431529421, -70.59749600432372 -33.39588642274197, -70.59717579022613 -33.39591861198912, -70.59714977274514 -33.39573650445551, -70.59746998618978 -33.39570431529421))"
151600056300004,13132011003004,308838,V1313210554,AGUSTIN DEL CASTILLO,PASAJE,4,4,"[-70.59276634855243, -33.39399564651956]","POLYGON((-70.59276634855243 -33.39399564651956, -70.59269472570256 -33.393912063359, -70.59295659328681 -33.39375417066306, -70.59302821624514 -33.39383775367085, -70.59276634855243 -33.39399564651956))"
151600056300005,13132011003004,308838,V1313210554,AGUSTIN DEL CASTILLO,PASAJE,4,4,"[-70.59269471089807, -33.393911251891076]","POLYGON((-70.59269471089807 -33.393911251891076, -70.59264021471508 -33.39384710899802, -70.59290284196963 -33.39369010684388, -70.59295733823788 -33.393754249620265, -70.59269471089807 -33.393911251891076))"
151600056300006,13132011003004,308838,V1313210554,AGUSTIN DEL CASTILLO,PASAJE,4,4,"[-70.59264030739799, -33.393846296150265]","POLYGON((-70.59264030739799 -33.393846296150265, -70.59258395605964 -33.3937806439127, -70.59284567469528 -33.39362257797901, -70.59290202611842 -33.393688230096465, -70.59264030739799 -33.393846296150265))"
151600056300007,13132011003004,308838,V1313210554,AGUSTIN DEL CASTILLO,PASAJE,3,4,"[-70.59258394125627, -33.3937798324447]","POLYGON((-70.59258394125627 -33.3937798324447, -70.5925249165729 -33.393709073992845, -70.59278915034793 -33.39355398059436, -70.59284817513003 -33.393624738918945, -70.59258394125627 -33.3937798324447))"
151600056300008,13132011003004,308838,V1313210554,AGUSTIN DEL CASTILLO,PASAJE,3,5,"[-70.5925249165729, -33.393709073992845]","POLYGON((-70.5925249165729 -33.393709073992845, -70.59245602083179 -33.39362762010004, -70.59271904091311 -33.39347108208533, -70.59278793676381 -33.39355253583039, -70.5925249165729 -33.393709073992845))"
151600056300009,13132011003004,308838,V1313210554,AGUSTIN DEL CASTILLO,PASAJE,1,4,"[-70.59245602083179, -33.39362762010004]","POLYGON((-70.59245602083179 -33.39362762010004, -70.59238988310094 -33.39355000868979, -70.59265224274895 -33.39339269303587, -70.59271838058211 -33.39347030430473, -70.59245602083179 -33.39362762010004))"
151600056300013,13132011003004,307370,V1313210258,FRANCISCO DE RIVEROS,CALLE,2,4,"[-70.5920197315858, -33.3939456173649]","POLYGON((-70.5920197315858 -33.3939456173649, -70.5921430920183 -33.39407182543264, -70.59189370136087 -33.39424334483177, -70.59177034102568 -33.394117136515845, -70.5920197315858 -33.3939456173649))"
151600056300014,13132011003004,307370,V1313210258,FRANCISCO DE RIVEROS,CALLE,3,5,"[-70.59188387139747, -33.39380604191032]","POLYGON((-70.59188387139747 -33.39380604191032, -70.59201971843183 -33.39394489605984, -70.59177042125152 -33.39411651070009, -70.59163457432368 -33.39397765627737, -70.59188387139747 -33.39380604191032))"
151600057300006,13132011003012,306250,V1313210049,NUEVA COSTANERA,AVENIDA,1,5,"[-70.59721161904137, -33.39507500013579]","POLYGON((-70.59721161904137 -33.39507500013579, -70.59718476552632 -33.394882441987434, -70.59750508283024 -33.394851010778034, -70.59753193703652 -33.39504356883724, -70.59721161904137 -33.39507500013579))"
151600057300007,13132011003012,307465,V1313210289,ISABEL MONTT,CALLE,3,4,"[-70.59715445928046, -33.39465394480437]","POLYGON((-70.59715445928046 -33.39465394480437, -70.59676186574032 -33.39470923070266, -70.59670847189825 -33.3944424434669, -70.59710106428636 -33.39438715777001, -70.59715445928046 -33.39465394480437))"
151600057300007,13132011003012,306250,V1313210049,NUEVA COSTANERA,AVENIDA,4,4,"[-70.59718476552632, -33.394882441987434]","POLYGON((-70.59718476552632 -33.394882441987434, -70.59715445928046 -33.39465394480437, -70.59747498234877 -33.39462403218718, -70.59750528941684 -33.39485252926833, -70.59718476552632 -33.394882441987434))"
151600057500001,13132011003013,307462,V1313210288,ISABEL DE ZARATE,CALLE,2,5,"[-70.59659741041524, -33.39602226372052]","POLYGON((-70.59659741041524 -33.39602226372052, -70.59657500570104 -33.39587302676323, -70.59689498374597 -33.39583922693288, -70.5969173889938 -33.39598846381713, -70.59659741041524 -33.39602226372052))"
151600057500001,13132011003013,307462,V1313210288,ISABEL DE ZARATE,CALLE,3,5,"[-70.59658484062129, -33.396058048210215]","POLYGON((-70.59658484062129 -33.396058048210215, -70.59659741041524 -33.39602226372052, -70.59690676767454 -33.39609872051571, -70.59689419799908 -33.3961345050329, -70.59658484062129 -33.396058048210215))"
151600057500001,13132011003013,308151,V1313210427,OBISPO SIERRA,CALLE,3,5,"[-70.59658484062129, -33.396058048210215]","POLYGON((-70.59658484062129 -33.396058048210215, -70.59659741041524 -33.39602226372052, -70.59690676767454 -33.39609872051571, -70.59689419799908 -33.3961345050329, -70.59658484062129 -33.396058048210215))"
151600057500001,13132011003013,308152,V1313210427,OBISPO SIERRA,CALLE,3,5,"[-70.59658484062129, -33.396058048210215]","POLYGON((-70.59658484062129 -33.396058048210215, -70.59659741041524 -33.39602226372052, -70.59690676767454 -33.39609872051571, -70.59689419799908 -33.3961345050329, -70.59658484062129 -33.396058048210215))"
151600057500001,13132011003013,308152,V1313210427,OBISPO SIERRA,CALLE,4,5,"[-70.59638096307162, -33.39609169506693]","POLYGON((-70.59638096307162 -33.39609169506693, -70.59658484062129 -33.396058048210215, -70.59664710031005 -33.39632347998988, -70.59644322217291 -33.396357126965285, -70.59638096307162 -33.39609169506693))"
151600057500002,13132011003013,307462,V1313210288,ISABEL DE ZARATE,CALLE,1,4,"[-70.59657500570104, -33.39587302676323]","POLYGON((-70.59657500570104 -33.39587302676323, -70.59653563656505 -33.395713276192936, -70.59685146371021 -33.39565851236321, -70.59689083339116 -33.39581826281819, -70.59657500570104 -33.39587302676323))"
151600057500003,13132011003013,307462,V1313210288,ISABEL DE ZARATE,CALLE,4,4,"[-70.59653563656505, -33.395713276192936]","POLYGON((-70.59653563656505 -33.395713276192936, -70.59649907817101 -33.39556611521357, -70.59681480023742 -33.39551092884747, -70.59685135913291 -33.3956580897199, -70.59653563656505 -33.395713276192936))"
151600057500004,13132011003013,307462,V1313210288,ISABEL DE ZARATE,CALLE,1,4,"[-70.59649992488924, -33.3955653828448]","POLYGON((-70.59649992488924 -33.3955653828448, -70.59645262209891 -33.395430354596165, -70.59676204308028 -33.39535408615256, -70.59680934629804 -33.3954891142718, -70.59649992488924 -33.3955653828448))"
151600057500005,13132011003013,307462,V1313210288,ISABEL DE ZARATE,CALLE,1,4,"[-70.59645262209891, -33.395430354596165]","POLYGON((-70.59645262209891 -33.395430354596165, -70.5964042547845 -33.39529001915766, -70.5967140703362 -33.39521488762449, -70.59676243809697 -33.39535522293022, -70.59645262209891 -33.395430354596165))"
151600057500006,13132011003013,307462,V1313210288,ISABEL DE ZARATE,CALLE,1,4,"[-70.5964042547845, -33.39529001915766]","POLYGON((-70.5964042547845 -33.39529001915766, -70.59635599512265 -33.39514968230961, -70.59666586352462 -33.39507470571888, -70.59671412363313 -33.39521504243443, -70.5964042547845 -33.39529001915766))"
151600057500007,13132011003013,307462,V1313210288,ISABEL DE ZARATE,CALLE,1,4,"[-70.59635599512265, -33.39514968230961]","POLYGON((-70.59635599512265 -33.39514968230961, -70.59630858233943 -33.39500861306771, -70.5966189845911 -33.39493520812777, -70.59666639782618 -33.3950762772389, -70.59635599512265 -33.39514968230961))"
151600057500008,13132011003013,308152,V1313210427,OBISPO SIERRA,CALLE,2,6,"[-70.59613069408866, -33.39613423537804]","POLYGON((-70.59613069408866 -33.39613423537804, -70.59638096307162 -33.39609169506693, -70.59644501537211 -33.396356826594904, -70.59619474567093 -33.39639936705519, -70.59613069408866 -33.39613423537804))"
151600057500008,13132011003013,308056,V1313210405,MIGUEL GALLO,CALLE,3,6,"[-70.59606361341321, -33.39611706154453]","POLYGON((-70.59606361341321 -33.39611706154453, -70.59613069408866 -33.39613423537804, -70.5960365473067 -33.396392972669325, -70.59596946644658 -33.39637579879092, -70.59606361341321 -33.39611706154453))"
151600057500008,13132011003013,308150,V1313210427,OBISPO SIERRA,CALLE,3,6,"[-70.59606361341321, -33.39611706154453]","POLYGON((-70.59606361341321 -33.39611706154453, -70.59613069408866 -33.39613423537804, -70.5960365473067 -33.396392972669325, -70.59596946644658 -33.39637579879092, -70.59606361341321 -33.39611706154453))"
151600057500008,13132011003013,308152,V1313210427,OBISPO SIERRA,CALLE,3,6,"[-70.59606361341321, -33.39611706154453]","POLYGON((-70.59606361341321 -33.39611706154453, -70.59613069408866 -33.39613423537804, -70.5960365473067 -33.396392972669325, -70.59596946644658 -33.39637579879092, -70.59606361341321 -33.39611706154453))"
151600057500008,13132011003013,308056,V1313210405,MIGUEL GALLO,CALLE,4,6,"[-70.59596885830425, -33.39584466183642]","POLYGON((-70.59596885830425 -33.39584466183642, -70.59606361341321 -33.39611706154453, -70.59575401675775 -33.396192834716324, -70.59565926251294 -33.395920434748625, -70.59596885830425 -33.39584466183642))"
151600057500010,13132011003013,308056,V1313210405,MIGUEL GALLO,CALLE,2,4,"[-70.59591967115166, -33.395706501173954]","POLYGON((-70.59591967115166 -33.395706501173954, -70.59596884346827 -33.395843850370014, -70.59565996485715 -33.39592165539694, -70.5956107929725 -33.395784306066936, -70.59591967115166 -33.395706501173954))"
151600057500011,13132011003013,308056,V1313210405,MIGUEL GALLO,CALLE,3,4,"[-70.59586958469312, -33.39556618763492]","POLYGON((-70.59586958469312 -33.39556618763492, -70.59591967115166 -33.395706501173954, -70.59561071831432 -33.395784097222226, -70.59556063229746 -33.395643783546696, -70.59586958469312 -33.39556618763492))"
151600057500012,13132011003013,308056,V1313210405,MIGUEL GALLO,CALLE,3,4,"[-70.59582139493794, -33.39542963740754]","POLYGON((-70.59582139493794 -33.39542963740754, -70.59586958469312 -33.39556618763492, -70.59556034505172 -33.39564297424498, -70.59551215572787 -33.39550642388595, -70.59582139493794 -33.39542963740754))"
151600057500013,13132011003013,308056,V1313210405,MIGUEL GALLO,CALLE,2,4,"[-70.59577129397961, -33.39528851234682]","POLYGON((-70.59577129397961 -33.39528851234682, -70.59582139493794 -33.39542963740754, -70.59551230458193 -33.395506844429796, -70.59546220406857 -33.395365719232366, -70.59577129397961 -33.39528851234682))"
151600057500014,13132011003013,308056,V1313210405,MIGUEL GALLO,CALLE,3,4,"[-70.5957229690415, -33.39515043067852]","POLYGON((-70.5957229690415 -33.39515043067852, -70.59577129397961 -33.39528851234682, -70.59546184883368 -33.39536471143771, -70.5954135243328 -33.39522662963718, -70.5957229690415 -33.39515043067852))"
151600057500015,13132011003013,308056,V1313210405,MIGUEL GALLO,CALLE,2,5,"[-70.59566403660199, -33.394949627056285]","POLYGON((-70.59566403660199 -33.394949627056285, -70.5957229690415 -33.39515043067852, -70.59540981565098 -33.39521509610864, -70.59535088387578 -33.39501429231951, -70.59566403660199 -33.394949627056285))"
151600057500015,13132011003013,308056,V1313210405,MIGUEL GALLO,CALLE,3,5,"[-70.5956685179421, -33.3949242276726]","POLYGON((-70.5956685179421 -33.3949242276726, -70.59566403660199 -33.394949627056285, -70.59534500963079 -33.394910021783716, -70.59534949106269 -33.39488462240872, -70.5956685179421 -33.3949242276726))"
151600057500015,13132011003013,307476,V1313210289,ISABEL MONTT,CALLE,3,5,"[-70.5956685179421, -33.3949242276726]","POLYGON((-70.5956685179421 -33.3949242276726, -70.59566403660199 -33.394949627056285, -70.59534500963079 -33.394910021783716, -70.59534949106269 -33.39488462240872, -70.5956685179421 -33.3949242276726))"
151600057500015,13132011003013,307467,V1313210289,ISABEL MONTT,CALLE,4,5,"[-70.59585625213381, -33.39488393567762]","POLYGON((-70.59585625213381 -33.39488393567762, -70.5956685179421 -33.3949242276726, -70.59558857745449 -33.39466214948967, -70.59577631112955 -33.39462185762969, -70.59585625213381 -33.39488393567762))"
151600057500016,13132011003013,307467,V1313210289,ISABEL MONTT,CALLE,4,4,"[-70.5960295675889, -33.394848879200005]","POLYGON((-70.5960295675889 -33.394848879200005, -70.59585712522355 -33.39488464592047, -70.59577971302856 -33.394622034258774, -70.59595215491585 -33.39458626765896, -70.5960295675889 -33.394848879200005))"
151600057500017,13132011003013,307467,V1313210289,ISABEL MONTT,CALLE,1,6,"[-70.59621836147085, -33.39480776137232]","POLYGON((-70.59621836147085 -33.39480776137232, -70.5960295675889 -33.394848879200005, -70.5959485207193 -33.39458704026941, -70.59613731408342 -33.39454592257913, -70.59621836147085 -33.39480776137232))"
151600057500017,13132011003013,307467,V1313210289,ISABEL MONTT,CALLE,2,6,"[-70.5962361431258, -33.394810057753254]","POLYGON((-70.5962361431258 -33.394810057753254, -70.59621836147085 -33.39480776137232, -70.59626743493432 -33.39454039094135, -70.59628521653549 -33.394542687316914, -70.5962361431258 -33.394810057753254))"
151600057500017,13132011003013,307467,V1313210289,ISABEL MONTT,CALLE,3,6,"[-70.59626476029905, -33.39482871842017]","POLYGON((-70.59626476029905 -33.39482871842017, -70.5962361431258 -33.394810057753254, -70.59643407584228 -33.39459648011147, -70.59646269298395 -33.39461514073415, -70.59626476029905 -33.39482871842017))"
151600057500017,13132011003013,308930,V1313210601,ISABEL MONTT,PASAJE,3,6,"[-70.59626476029905, -33.39482871842017]","POLYGON((-70.59626476029905 -33.39482871842017, -70.5962361431258 -33.394810057753254, -70.59643407584228 -33.39459648011147, -70.59646269298395 -33.39461514073415, -70.59626476029905 -33.39482871842017))"
151600057500017,13132011003013,307465,V1313210289,ISABEL MONTT,CALLE,3,6,"[-70.59626476029905, -33.39482871842017]","POLYGON((-70.59626476029905 -33.39482871842017, -70.5962361431258 -33.394810057753254, -70.59643407584228 -33.39459648011147, -70.59646269298395 -33.39461514073415, -70.59626476029905 -33.39482871842017))"
151600057500017,13132011003013,307462,V1313210288,ISABEL DE ZARATE,CALLE,3,6,"[-70.59626476029905, -33.39482871842017]","POLYGON((-70.59626476029905 -33.39482871842017, -70.5962361431258 -33.394810057753254, -70.59643407584228 -33.39459648011147, -70.59646269298395 -33.39461514073415, -70.59626476029905 -33.39482871842017))"
151600057500017,13132011003013,307462,V1313210288,ISABEL DE ZARATE,CALLE,4,6,"[-70.59630858233943, -33.39500861306771]","POLYGON((-70.59630858233943 -33.39500861306771, -70.59626476029905 -33.39482871842017, -70.5965807326975 -33.39477456034305, -70.59662455535259 -33.3949544548619, -70.59630858233943 -33.39500861306771))"
151600057900009,13132011003011,307465,V1313210289,ISABEL MONTT,CALLE,2,6,"[-70.59653924981185, -33.394629306545625]","POLYGON((-70.59653924981185 -33.394629306545625, -70.59674578770559 -33.39460022463267, -70.59679917697252 -33.39486701251622, -70.59659263847271 -33.39489609453513, -70.59653924981185 -33.394629306545625))"
151600057900010,13132011003011,306254,V1313210049,NUEVA COSTANERA,AVENIDA,1,4,"[-70.59714000957828, -33.39454581967215]","POLYGON((-70.59714000957828 -33.39454581967215, -70.59708817166978 -33.394168795802244, -70.59740854683494 -33.39413780126745, -70.59746038609775 -33.394514824964666, -70.59714000957828 -33.39454581967215))"
151600057900010,13132011003011,306239,V1313210049,NUEVA COSTANERA,AVENIDA,1,4,"[-70.59714000957828, -33.39454581967215]","POLYGON((-70.59714000957828 -33.39454581967215, -70.59708817166978 -33.394168795802244, -70.59740854683494 -33.39413780126745, -70.59746038609775 -33.394514824964666, -70.59714000957828 -33.39454581967215))"
151600057900010,13132011003011,307465,V1313210289,ISABEL MONTT,CALLE,2,4,"[-70.59674578770559, -33.39460022463267]","POLYGON((-70.59674578770559 -33.39460022463267, -70.59714000957828 -33.39454581967215, -70.59719236539208 -33.39481275158745, -70.5967981423603 -33.394867156747004, -70.59674578770559 -33.39460022463267))"
151600057900016,13132011003011,308920,V1313210596,FRANCISCO DE AGUIRRE,PASAJE,3,4,"[-70.59447942327208, -33.39473010763284]","POLYGON((-70.59447942327208 -33.39473010763284, -70.59455892148269 -33.39490332175087, -70.59425795258274 -33.39500051387687, -70.59417845486468 -33.394827299553434, -70.59447942327208 -33.39473010763284))"
151600057900016,13132011003011,305975,V1313210035,FRANCISCO DE AGUIRRE,AVENIDA,3,4,"[-70.59447942327208, -33.39473010763284]","POLYGON((-70.59447942327208 -33.39473010763284, -70.59455892148269 -33.39490332175087, -70.59425795258274 -33.39500051387687, -70.59417845486468 -33.394827299553434, -70.59447942327208 -33.39473010763284))"
151600058300006,13132011003008,307540,V1313210302,JUAN AGUSTIN ALCALDE,CALLE,2,5,"[-70.59555845639962, -33.39370833728466]","POLYGON((-70.59555845639962 -33.39370833728466, -70.5957704352319 -33.393588822512314, -70.59595033654189 -33.39381334112435, -70.5957383574366 -33.393932856208885, -70.59555845639962 -33.39370833728466))"
151600058300007,13132011003008,307540,V1313210302,JUAN AGUSTIN ALCALDE,CALLE,2,6,"[-70.5958900911947, -33.39352388398181]","POLYGON((-70.5958900911947 -33.39352388398181, -70.59598139856223 -33.39349024317558, -70.5961110887094 -33.39373792558333, -70.5960197811408 -33.39377156648994, -70.5958900911947 -33.39352388398181))"
151600058300007,13132011003008,307543,V1313210302,JUAN AGUSTIN ALCALDE,CALLE,2,6,"[-70.5958900911947, -33.39352388398181]","POLYGON((-70.5958900911947 -33.39352388398181, -70.59598139856223 -33.39349024317558, -70.5961110887094 -33.39373792558333, -70.5960197811408 -33.39377156648994, -70.5958900911947 -33.39352388398181))"
151600058300007,13132011003008,307542,V1313210302,JUAN AGUSTIN ALCALDE,CALLE,2,6,"[-70.5958900911947, -33.39352388398181]","POLYGON((-70.5958900911947 -33.39352388398181, -70.59598139856223 -33.39349024317558, -70.5961110887094 -33.39373792558333, -70.5960197811408 -33.39377156648994, -70.5958900911947 -33.39352388398181))"
151600058300007,13132011003008,307540,V1313210302,JUAN AGUSTIN ALCALDE,CALLE,3,6,"[-70.5957704352319, -33.393588822512314]","POLYGON((-70.5957704352319 -33.393588822512314, -70.5958900911947 -33.39352388398181, -70.5960652741501 -33.39375101269788, -70.59594561802054 -33.39381595140047, -70.5957704352319 -33.393588822512314))"
151600058300012,13132011003008,306271,V1313210049,NUEVA COSTANERA,AVENIDA,1,4,"[-70.59692913323732, -33.39305057540775]","POLYGON((-70.59692913323732 -33.39305057540775, -70.59690220443231 -33.3928714555284, -70.59722216423555 -33.39283760775305, -70.5972490936809 -33.393016727544655, -70.59692913323732 -33.39305057540775))"
151600058300017,13132011003008,305989,V1313210035,FRANCISCO DE AGUIRRE,AVENIDA,3,5,"[-70.59404565916228, -33.3940322447811]","POLYGON((-70.59404565916228 -33.3940322447811, -70.59418067828562 -33.39423153053961, -70.59390029499276 -33.39436519438967, -70.59376527627713 -33.39416590831722, -70.59404565916228 -33.3940322447811))"
151600058300018,13132011003008,305989,V1313210035,FRANCISCO DE AGUIRRE,AVENIDA,3,7,"[-70.59392588655606, -33.39386126119484]","POLYGON((-70.59392588655606 -33.39386126119484, -70.59404564599151 -33.394031523476755, -70.59376788938344 -33.39416899108808, -70.5936481302786 -33.39399872853112, -70.59392588655606 -33.39386126119484))"
151600058300019,13132011003008,305989,V1313210035,FRANCISCO DE AGUIRRE,AVENIDA,3,4,"[-70.59385168830482, -33.39375444427971]","POLYGON((-70.59385168830482 -33.39375444427971, -70.59392587338638 -33.39386053989043, -70.59364769414185 -33.393997404105164, -70.5935735092681 -33.39389130832371, -70.59385168830482 -33.39375444427971))"
151600058300020,13132011003008,306640,V1313210064,AGUSTIN DEL CASTILLO,CALLE,1,4,"[-70.59388121930803, -33.39361121312895]","POLYGON((-70.59388121930803 -33.39361121312895, -70.59378908249136 -33.39366425266276, -70.59360660202118 -33.393441203363786, -70.59369873872471 -33.39338816396738, -70.59388121930803 -33.39361121312895))"
151600058300020,13132011003008,305989,V1313210035,FRANCISCO DE AGUIRRE,AVENIDA,4,4,"[-70.59378908249136, -33.39366425266276]","POLYGON((-70.59378908249136 -33.39366425266276, -70.59385167513582 -33.393753722975255, -70.59357353322801 -33.39389064010232, -70.59351094075865 -33.3938011696458, -70.59378908249136 -33.39366425266276))"
151600058300021,13132011003008,306640,V1313210064,AGUSTIN DEL CASTILLO,CALLE,3,4,"[-70.59396427234539, -33.39356117612512]","POLYGON((-70.59396427234539 -33.39356117612512, -70.59388207919991 -33.39361120208222, -70.59369268523622 -33.39339224561652, -70.59377487829464 -33.393342219786106, -70.59396427234539 -33.39356117612512))"
151600058300022,13132011003008,306640,V1313210064,AGUSTIN DEL CASTILLO,CALLE,3,4,"[-70.5940394651357, -33.39351638055446]","POLYGON((-70.5940394651357 -33.39351638055446, -70.59396523972315 -33.39356116369692, -70.59377693108995 -33.39334154961175, -70.59385115642183 -33.39329676658313, -70.5940394651357 -33.39351638055446))"
151600058300023,13132011003008,306640,V1313210064,AGUSTIN DEL CASTILLO,CALLE,4,4,"[-70.59412625366787, -33.393464852503904]","POLYGON((-70.59412625366787 -33.393464852503904, -70.59404032502657 -33.39351636950666, -70.59385280227451 -33.393296282832, -70.59393873082075 -33.39324476596053, -70.59412625366787 -33.393464852503904))"
151600058300024,13132011003008,306640,V1313210064,AGUSTIN DEL CASTILLO,CALLE,3,4,"[-70.5943093987941, -33.39335590148587]","POLYGON((-70.5943093987941 -33.39335590148587, -70.59412625366787 -33.393464852503904, -70.59393969635865 -33.39324418933513, -70.59412284127797 -33.39313523859567, -70.5943093987941 -33.39335590148587))"
151600058300025,13132011003008,306640,V1313210064,AGUSTIN DEL CASTILLO,CALLE,4,4,"[-70.59445871036624, -33.393266413877015]","POLYGON((-70.59445871036624 -33.393266413877015, -70.59431036616941 -33.393355889055044, -70.59412209555079 -33.39313625233692, -70.59427043958631 -33.39304677738637, -70.59445871036624 -33.393266413877015))"
151600058300026,13132011003008,306640,V1313210064,AGUSTIN DEL CASTILLO,CALLE,3,4,"[-70.59463313303432, -33.39316262480047]","POLYGON((-70.59463313303432 -33.39316262480047, -70.59445871036624 -33.393266413877015, -70.59427212153516 -33.393045769745704, -70.59444654400632 -33.3929419809345, -70.59463313303432 -33.39316262480047))"
151600058300027,13132011003008,306640,V1313210064,AGUSTIN DEL CASTILLO,CALLE,4,6,"[-70.59481275455433, -33.39305507110566]","POLYGON((-70.59481275455433 -33.39305507110566, -70.59463313303432 -33.39316262480047, -70.59444576769815 -33.39294244431961, -70.5946253890188 -33.39283489089905, -70.59481275455433 -33.39305507110566))"
151600058300028,13132011003008,306640,V1313210064,AGUSTIN DEL CASTILLO,CALLE,3,5,"[-70.59493893836472, -33.39297670231813]","POLYGON((-70.59493893836472 -33.39297670231813, -70.59481275455433 -33.39305507110566, -70.59462085558665 -33.39283765562583, -70.59474703927151 -33.392759287035105, -70.59493893836472 -33.39297670231813))"
151600058300028,13132011003008,306640,V1313210064,AGUSTIN DEL CASTILLO,CALLE,4,5,"[-70.59501673903162, -33.39293935793139]","POLYGON((-70.59501673903162 -33.39293935793139, -70.59493893836472 -33.39297670231813, -70.59477876945381 -33.39274190451244, -70.59485656998841 -33.392704560229, -70.59501673903162 -33.39293935793139))"
151600058300035,13132011003008,306640,V1313210064,AGUSTIN DEL CASTILLO,CALLE,3,4,"[-70.59519547710475, -33.39284822857445]","POLYGON((-70.59519547710475 -33.39284822857445, -70.5950175989164 -33.392939346876986, -70.59484952373971 -33.392708470532284, -70.59502740165337 -33.3926173524763, -70.59519547710475 -33.39284822857445))"
151600058300035,13132011003008,306641,V1313210064,AGUSTIN DEL CASTILLO,CALLE,3,4,"[-70.59519547710475, -33.39284822857445]","POLYGON((-70.59519547710475 -33.39284822857445, -70.5950175989164 -33.392939346876986, -70.59484952373971 -33.392708470532284, -70.59502740165337 -33.3926173524763, -70.59519547710475 -33.39284822857445))"
151600058300035,13132011003008,308836,V1313210554,AGUSTIN DEL CASTILLO,PASAJE,3,4,"[-70.59519547710475, -33.39284822857445]","POLYGON((-70.59519547710475 -33.39284822857445, -70.5950175989164 -33.392939346876986, -70.59484952373971 -33.392708470532284, -70.59502740165337 -33.3926173524763, -70.59519547710475 -33.39284822857445))"
151600058300046,13132011003008,307540,V1313210302,JUAN AGUSTIN ALCALDE,CALLE,1,4,"[-70.594405129711, -33.39435914283681]","POLYGON((-70.594405129711 -33.39435914283681, -70.5945079233575 -33.39430091557083, -70.59468840667152 -33.39452510622255, -70.59458561289401 -33.394583333640355, -70.594405129711 -33.39435914283681))"
151600058300047,13132011003008,307540,V1313210302,JUAN AGUSTIN ALCALDE,CALLE,1,4,"[-70.5945079233575, -33.39430091557083]","POLYGON((-70.5945079233575 -33.39430091557083, -70.59465360764618 -33.394218779252, -70.59483350924316 -33.39444329853632, -70.59468782476682 -33.3945254350697, -70.5945079233575 -33.39430091557083))"
151600058300048,13132011003008,307540,V1313210302,JUAN AGUSTIN ALCALDE,CALLE,1,4,"[-70.59465360764618, -33.394218779252]","POLYGON((-70.59465360764618 -33.394218779252, -70.59481367228844 -33.39412933336708, -70.59499247323005 -33.39435447033403, -70.59483240837761 -33.394443916453376, -70.59465360764618 -33.394218779252))"
151600058500002,13132011003006,306640,V1313210064,AGUSTIN DEL CASTILLO,CALLE,2,5,"[-70.59412608904718, -33.393290979474266]","POLYGON((-70.59412608904718 -33.393290979474266, -70.5943023279135 -33.393186536231134, -70.59448841209264 -33.39340748021164, -70.59431217302516 -33.393511923722215, -70.59412608904718 -33.393290979474266))"
151600058500003,13132011003006,306640,V1313210064,AGUSTIN DEL CASTILLO,CALLE,1,5,"[-70.5943023279135, -33.393186536231134]","POLYGON((-70.5943023279135 -33.393186536231134, -70.59450077399133 -33.39306773861252, -70.59468811149961 -33.39328793590475, -70.59448966520138 -33.393406733826346, -70.5943023279135 -33.393186536231134))"
151600092100021,13132021006015,307628,V1313210315,LA LUMA,CALLE,1,4,"[-70.58573359924019, -33.402491448028414]","POLYGON((-70.58573359924019 -33.402491448028414, -70.58577471580075 -33.40233995404746, -70.58608920092335 -33.40239999935334, -70.5860480848893 -33.40255149342187, -70.58573359924019 -33.402491448028414))"
151600092100022,13132021006015,307628,V1313210315,LA LUMA,CALLE,1,4,"[-70.58577557578198, -33.40233994305437]","POLYGON((-70.58577557578198 -33.40233994305437, -70.58579882837677 -33.4022527082195, -70.58611358822165 -33.40231173097684, -70.58609033593082 -33.4023989658611, -70.58577557578198 -33.40233994305437))"
151600092100023,13132021006015,307628,V1313210315,LA LUMA,CALLE,1,4,"[-70.58579968835714, -33.40225269722627]","POLYGON((-70.58579968835714 -33.40225269722627, -70.58582113866113 -33.40217279034831, -70.58613579166072 -33.4022322114524, -70.58611434163487 -33.40231211837595, -70.58579968835714 -33.40225269722627))"
151600092100024,13132021006015,307696,V1313210332,LAS HUALTATAS,CALLE,1,4,"[-70.5858649679505, -33.402016752446194]","POLYGON((-70.5858649679505 -33.402016752446194, -70.58560217580904 -33.40196897713651, -70.58567049764758 -33.40170459501256, -70.585933289018 -33.40175237020183, -70.5858649679505 -33.402016752446194))"
151600092100024,13132021006015,307628,V1313210315,LA LUMA,CALLE,2,4,"[-70.58582210613814, -33.40217277798078]","POLYGON((-70.58582210613814 -33.40217277798078, -70.5858649679505 -33.402016752446194, -70.58617926230654 -33.402077492092886, -70.58613640103552 -33.4022335177189, -70.58582210613814 -33.40217277798078))"
151600092100025,13132021006015,307265,V1313210238,EL TAMARUGO,CALLE,3,4,"[-70.58535080811363, -33.40192267858339]","POLYGON((-70.58535080811363 -33.40192267858339, -70.58530801196528 -33.402076448511856, -70.58499392673254 -33.40201495223784, -70.58503672341337 -33.40186118240086, -70.58535080811363 -33.40192267858339))"
151600092100025,13132021006015,307696,V1313210332,LAS HUALTATAS,CALLE,4,4,"[-70.58560217580904, -33.40196897713651]","POLYGON((-70.58560217580904 -33.40196897713651, -70.58535080811363 -33.40192267858339, -70.58541998616471 -33.401658453122074, -70.58567135312383 -33.401704751558256, -70.58560217580904 -33.40196897713651))"
151600092100036,13132021006015,307265,V1313210238,EL TAMARUGO,CALLE,2,4,"[-70.58526238262631, -33.40223999452705]","POLYGON((-70.58526238262631 -33.40223999452705, -70.58522033703515 -33.40239366464769, -70.58490597825651 -33.40233315543807, -70.58494802438115 -33.40217948540711, -70.58526238262631 -33.40223999452705))"
151600092100037,13132021006015,307265,V1313210238,EL TAMARUGO,CALLE,1,4,"[-70.58530801196528, -33.402076448511856]","POLYGON((-70.58530801196528 -33.402076448511856, -70.58526238262631 -33.40223999452705, -70.58494833688617 -33.40217835440067, -70.58499396679126 -33.40201480848304, -70.58530801196528 -33.402076448511856))"
151600092300007,13132021006021,307191,V1313210219,EL ARCANGEL,CALLE,2,4,"[-70.5837692300927, -33.402051101299165]","POLYGON((-70.5837692300927 -33.402051101299165, -70.58360206256172 -33.40198162905503, -70.58374525617894 -33.40173923073792, -70.58391242334334 -33.401808702801986, -70.5837692300927 -33.402051101299165))"
151600092300008,13132021006021,307191,V1313210219,EL ARCANGEL,CALLE,2,4,"[-70.58360204947328, -33.40198090774793]","POLYGON((-70.58360204947328 -33.40198090774793, -70.58346173782883 -33.40192191459497, -70.58360627084066 -33.40168007618562, -70.58374658218024 -33.401739069185865, -70.58360204947328 -33.40198090774793))"
151600092300009,13132021006021,307191,V1313210219,EL ARCANGEL,CALLE,4,4,"[-70.58346173782883, -33.40192191459497]","POLYGON((-70.58346173782883 -33.40192191459497, -70.58328286620977 -33.40184736061531, -70.58342639586101 -33.40160510220768, -70.5836052670887 -33.40167965599415, -70.58346173782883 -33.40192191459497))"
151600092300010,13132021006021,307191,V1313210219,EL ARCANGEL,CALLE,4,4,"[-70.58328285312403, -33.40184663930811]","POLYGON((-70.58328285312403 -33.40184663930811, -70.58309965248088 -33.40177051699113, -70.5832428258276 -33.401528110335406, -70.58342602606895 -33.40160423245508, -70.58328285312403 -33.40184663930811))"
151600093500024,13132021006019,307193,V1313210219,EL ARCANGEL,CALLE,2,4,"[-70.58035938070036, -33.40051356538831]","POLYGON((-70.58035938070036 -33.40051356538831, -70.58048625901836 -33.4005672320339, -70.58034103483236 -33.40080877854957, -70.58021415624002 -33.400755111765115, -70.58035938070036 -33.40051356538831))"
151600093500025,13132021006019,307193,V1313210219,EL ARCANGEL,CALLE,3,4,"[-70.58024119686891, -33.4004650185524]","POLYGON((-70.58024119686891 -33.4004650185524, -70.58035938070036 -33.40051356538831, -70.5802175263618 -33.40075651662771, -70.58009934226891 -33.40070796966581, -70.58024119686891 -33.4004650185524))"
151600093500026,13132021006019,307193,V1313210219,EL ARCANGEL,CALLE,2,4,"[-70.58012322815658, -33.40041646886129]","POLYGON((-70.58012322815658 -33.40041646886129, -70.58024119686891 -33.4004650185524, -70.58009912740857 -33.4007078813237, -70.57998115843563 -33.40065933150662, -70.58012322815658 -33.40041646886129))"
151600095100012,13132021005034,307751,V1313210332,LAS HUALTATAS,CALLE,1,5,"[-70.57652137917385, -33.396849504730056]","POLYGON((-70.57652137917385 -33.396849504730056, -70.57634676468075 -33.39677163967579, -70.57649815498176 -33.39653277406179, -70.57667276911421 -33.39661063891587, -70.57652137917385 -33.396849504730056))"
151600095100013,13132021005034,306994,V1313210171,CARDENAL BELARMINO,CALLE,3,4,"[-70.57600702182025, -33.396623183435345]","POLYGON((-70.57600702182025 -33.396623183435345, -70.57582549400857 -33.396906774641245, -70.57554134987623 -33.39677880447252, -70.57572287837978 -33.396495213657566, -70.57600702182025 -33.396623183435345))"
151600095100013,13132021005034,307751,V1313210332,LAS HUALTATAS,CALLE,4,4,"[-70.57622157350515, -33.396715692581985]","POLYGON((-70.57622157350515 -33.396715692581985, -70.57600702182025 -33.396623183435345, -70.57615446450652 -33.39638258676767, -70.57636901573494 -33.396475095675484, -70.57622157350515 -33.396715692581985))"
151600095100017,13132021005034,306345,V1313210053,PRESIDENTE KENNEDY,AVENIDA,1,5,"[-70.57519513718698, -33.39912366781341]","POLYGON((-70.57519513718698 -33.39912366781341, -70.57521212852994 -33.39917747256051, -70.57490036028523 -33.39924674012207, -70.57488336911746 -33.3991929353276, -70.57519513718698 -33.39912366781341))"
151600095100017,13132021005034,306994,V1313210171,CARDENAL BELARMINO,CALLE,1,5,"[-70.57519513718698, -33.39912366781341]","POLYGON((-70.57519513718698 -33.39912366781341, -70.57521212852994 -33.39917747256051, -70.57490036028523 -33.39924674012207, -70.57488336911746 -33.3991929353276, -70.57519513718698 -33.39912366781341))"
151600095100017,13132021005034,306337,V1313210053,PRESIDENTE KENNEDY,AVENIDA,1,5,"[-70.57519513718698, -33.39912366781341]","POLYGON((-70.57519513718698 -33.39912366781341, -70.57521212852994 -33.39917747256051, -70.57490036028523 -33.39924674012207, -70.57488336911746 -33.3991929353276, -70.57519513718698 -33.39912366781341))"
151600095100017,13132021005034,306994,V1313210171,CARDENAL BELARMINO,CALLE,2,5,"[-70.5753775421667, -33.398769181393455]","POLYGON((-70.5753775421667 -33.398769181393455, -70.57519513718698 -33.39912366781341, -70.57489902133642 -33.39901646738323, -70.57508142733131 -33.398661981364164, -70.5753775421667 -33.398769181393455))"
151600095100017,13132021005034,306351,V1313210053,PRESIDENTE KENNEDY,AVENIDA,5,5,"[-70.57521212852994, -33.39917747256051]","POLYGON((-70.57521212852994 -33.39917747256051, -70.57539895911438 -33.39924688702503, -70.5752683391081 -33.399494230426214, -70.5750815080816 -33.39942481578007, -70.57521212852994 -33.39917747256051))"
151600095100017,13132021005034,306337,V1313210053,PRESIDENTE KENNEDY,AVENIDA,5,5,"[-70.57521212852994, -33.39917747256051]","POLYGON((-70.57521212852994 -33.39917747256051, -70.57539895911438 -33.39924688702503, -70.5752683391081 -33.399494230426214, -70.5750815080816 -33.39942481578007, -70.57521212852994 -33.39917747256051))"
151600095100034,13132021005034,307751,V1313210332,LAS HUALTATAS,CALLE,4,4,"[-70.57634675165484, -33.396770918365576]","POLYGON((-70.57634675165484 -33.396770918365576, -70.57622158653 -33.39671641389226, -70.57637018512283 -33.39647631805432, -70.5764953499836 -33.39653082238708, -70.57634675165484 -33.396770918365576))"
151600095300002,13132021005035,306994,V1313210171,CARDENAL BELARMINO,CALLE,3,7,"[-70.5752595722828, -33.39858922823637]","POLYGON((-70.5752595722828 -33.39858922823637, -70.5753068405369 -33.398253412399725, -70.57562713250887 -33.39828513069716, -70.57557986548039 -33.39862094661858, -70.5752595722828 -33.39858922823637))"
151600095300002,13132021005035,306994,V1313210171,CARDENAL BELARMINO,CALLE,4,7,"[-70.57524879477579, -33.39861759281841]","POLYGON((-70.57524879477579 -33.39861759281841, -70.5752595722828 -33.39858922823637, -70.57556686132911 -33.398671374107956, -70.57555608391407 -33.398699738713695, -70.57524879477579 -33.39861759281841))"
151600095300004,13132021005035,306994,V1313210171,CARDENAL BELARMINO,CALLE,3,6,"[-70.5753319379534, -33.39808318618603]","POLYGON((-70.5753319379534 -33.39808318618603, -70.5753391129658 -33.39803989671915, -70.57565855642494 -33.39807714738928, -70.57565138156949 -33.39812043686983, -70.5753319379534 -33.39808318618603))"
151600095300027,13132021005035,306994,V1313210171,CARDENAL BELARMINO,CALLE,1,4,"[-70.5753068405369, -33.398253412399725]","POLYGON((-70.5753068405369 -33.398253412399725, -70.5753319379534 -33.39808318618603, -70.5756520156006 -33.39811638755765, -70.57562691880436 -33.39828661381722, -70.5753068405369 -33.398253412399725))"
151600095300028,13132021005035,306994,V1313210171,CARDENAL BELARMINO,CALLE,4,4,"[-70.5753391129658, -33.39803989671915]","POLYGON((-70.5753391129658 -33.39803989671915, -70.57536508603289 -33.397900322095374, -70.5756837428776 -33.39794204179538, -70.57565777031336 -33.398081616470414, -70.5753391129658 -33.39803989671915))"
151600098500015,13132021006017,306690,V1313210081,ANDRES DE VERA,CALLE,1,5,"[-70.58124977992523, -33.40012903669982]","POLYGON((-70.58124977992523 -33.40012903669982, -70.58152337814666 -33.400245494268276, -70.58137742455555 -33.40048673096639, -70.58110382574554 -33.400370273096854, -70.58124977992523 -33.40012903669982))"
151600098500015,13132021006017,306690,V1313210081,ANDRES DE VERA,CALLE,2,5,"[-70.58124441533704, -33.400105927702455]","POLYGON((-70.58124441533704 -33.400105927702455, -70.58124977992523 -33.40012903669982, -70.58093320244444 -33.400180739682206, -70.58092783793577 -33.40015763066897, -70.58124441533704 -33.400105927702455))"
151600098500015,13132021006017,308233,V1313210453,PIO XI,CALLE,2,5,"[-70.58124441533704, -33.400105927702455]","POLYGON((-70.58124441533704 -33.400105927702455, -70.58124977992523 -33.40012903669982, -70.58093320244444 -33.400180739682206, -70.58092783793577 -33.40015763066897, -70.58124441533704 -33.400105927702455))"
151600098500015,13132021006017,308230,V1313210453,PIO XI,CALLE,3,5,"[-70.58131419809203, -33.39999329984123]","POLYGON((-70.58131419809203 -33.39999329984123, -70.58124441533704 -33.400105927702455, -70.58095823199353 -33.39998117985267, -70.58102801503163 -33.39986855214235, -70.58131419809203 -33.39999329984123))"
151600098500016,13132021006017,308230,V1313210453,PIO XI,CALLE,3,4,"[-70.58139023890148, -33.39986408843622]","POLYGON((-70.58139023890148 -33.39986408843622, -70.58131419809203 -33.39999329984123, -70.58102499108242 -33.39987355897263, -70.5811010322306 -33.399744347733, -70.58139023890148 -33.39986408843622))"
151600098500017,13132021006017,308230,V1313210453,PIO XI,CALLE,1,4,"[-70.58146703358814, -33.39973495755996]","POLYGON((-70.58146703358814 -33.39973495755996, -70.58139023890148 -33.39986408843622, -70.58110163113408 -33.39974333539099, -70.58117842615654 -33.39961420468157, -70.58146703358814 -33.39973495755996))"
151600098900011,13132021006013,307627,V1313210315,LA LUMA,CALLE,3,4,"[-70.58613942654962, -33.4013338857622]","POLYGON((-70.58613942654962 -33.4013338857622, -70.58608936420832 -33.401513721908486, -70.58577528496672 -33.401452211697396, -70.58582534793072 -33.40127237565811, -70.58613942654962 -33.4013338857622))"
151600098900012,13132021006013,307627,V1313210315,LA LUMA,CALLE,3,4,"[-70.58618322704918, -33.401176314980695]","POLYGON((-70.58618322704918 -33.401176314980695, -70.58613942654962 -33.4013338857622, -70.5858253244373 -33.40127246011246, -70.58586912548259 -33.40111488942456, -70.58618322704918 -33.401176314980695))"
151600098900013,13132021006013,307627,V1313210315,LA LUMA,CALLE,3,4,"[-70.58622529501459, -33.40102399702121]","POLYGON((-70.58622529501459 -33.40102399702121, -70.58618322704918 -33.401176314980695, -70.58586902163657 -33.4011152642079, -70.58591109012998 -33.40096294633824, -70.58622529501459 -33.40102399702121))"
151600098900014,13132021006013,307627,V1313210315,LA LUMA,CALLE,3,4,"[-70.58627445819992, -33.400847960051586]","POLYGON((-70.58627445819992 -33.400847960051586, -70.58622529501459 -33.40102399702121, -70.58591127021685 -33.40096229792479, -70.58596043401145 -33.40078626106029, -70.58627445819992 -33.400847960051586))"
151600098900015,13132021006013,307627,V1313210315,LA LUMA,CALLE,3,4,"[-70.58631563871018, -33.40070007243469]","POLYGON((-70.58631563871018 -33.40070007243469, -70.58627445819992 -33.400847960051586, -70.58596038619719 -33.400786432516576, -70.5860015672195 -33.40063854498769, -70.58631563871018 -33.40070007243469))"
151600098900291,13132021006013,307627,V1313210315,LA LUMA,CALLE,2,4,"[-70.58640583495507, -33.400373985241586]","POLYGON((-70.58640583495507 -33.400373985241586, -70.58631563871018 -33.40070007243469, -70.58600145928943 -33.400638933877715, -70.58609165666448 -33.40031284687722, -70.58640583495507 -33.400373985241586))"
151600098900291,13132021006013,307679,V1313210331,LAS FRESAS,CALLE,3,4,"[-70.58668307193214, -33.40042996131884]","POLYGON((-70.58668307193214 -33.40042996131884, -70.58640583495507 -33.400373985241586, -70.58648131655374 -33.4001109768218, -70.5867585527294 -33.400166952755875, -70.58668307193214 -33.40042996131884))"
151600099100001,13132021006012,307627,V1313210315,LA LUMA,CALLE,1,4,"[-70.58596056261386, -33.40165623638602]","POLYGON((-70.58596056261386 -33.40165623638602, -70.58600359963071 -33.40149804413838, -70.5863180445176 -33.40155822626451, -70.58627500805034 -33.40171641860385, -70.58596056261386 -33.40165623638602))"
151600099100010,13132021006012,307627,V1313210315,LA LUMA,CALLE,1,4,"[-70.58591062198668, -33.4018368825628]","POLYGON((-70.58591062198668 -33.4018368825628, -70.58596056261386 -33.40165623638602, -70.58627475466676 -33.40171734251584, -70.58622481466575 -33.40189798879926, -70.58591062198668 -33.4018368825628))"
151600099100010,13132021006012,307696,V1313210332,LAS HUALTATAS,CALLE,2,4,"[-70.58568086798368, -33.40179066910165]","POLYGON((-70.58568086798368 -33.40179066910165, -70.58591062198668 -33.4018368825628, -70.58583540826024 -33.40209994524919, -70.58560565359264 -33.40205373166985, -70.58568086798368 -33.40179066910165))"
151600099100011,13132021006012,307696,V1313210332,LAS HUALTATAS,CALLE,2,4,"[-70.58544299460893, -33.401741402528806]","POLYGON((-70.58544299460893 -33.401741402528806, -70.58568085323996 -33.40178985763197, -70.58560473157645 -33.40205273654269, -70.58536687225877 -33.40200428131542, -70.58544299460893 -33.401741402528806))"
151600099100011,13132021006012,307264,V1313210238,EL TAMARUGO,CALLE,3,4,"[-70.58549124303612, -33.40156817325773]","POLYGON((-70.58549124303612 -33.40156817325773, -70.58544299460893 -33.401741402528806, -70.58512892295307 -33.40167986187421, -70.58517717198005 -33.401506632706266, -70.58549124303612 -33.40156817325773))"
151600099100012,13132021006012,307264,V1313210238,EL TAMARUGO,CALLE,3,4,"[-70.58553505955788, -33.40141141414264]","POLYGON((-70.58553505955788 -33.40141141414264, -70.58549124303612 -33.40156817325773, -70.58517722998378 -33.401506424824575, -70.58522104704804 -33.40134966580319, -70.58553505955788 -33.40141141414264))"
151600100100021,13132021006007,306558,V1313210062,VITACURA,AVENIDA,1,6,"[-70.58280809746805, -33.397213616311646]","POLYGON((-70.58280809746805 -33.397213616311646, -70.5822976768908 -33.397009727118615, -70.58243634293036 -33.39676548680867, -70.58294676235519 -33.396969375471315, -70.58280809746805 -33.397213616311646))"
151600100100021,13132021006007,306631,V1313210062,VITACURA,AVENIDA,1,6,"[-70.58280809746805, -33.397213616311646]","POLYGON((-70.58280809746805 -33.397213616311646, -70.5822976768908 -33.397009727118615, -70.58243634293036 -33.39676548680867, -70.58294676235519 -33.396969375471315, -70.58280809746805 -33.397213616311646))"
151600100100021,13132021006007,306624,V1313210062,VITACURA,AVENIDA,1,6,"[-70.58280809746805, -33.397213616311646]","POLYGON((-70.58280809746805 -33.397213616311646, -70.5822976768908 -33.397009727118615, -70.58243634293036 -33.39676548680867, -70.58294676235519 -33.396969375471315, -70.58280809746805 -33.397213616311646))"
151600100100021,13132021006007,308228,V1313210453,PIO XI,CALLE,2,6,"[-70.58248359963781, -33.397752549040206]","POLYGON((-70.58248359963781 -33.397752549040206, -70.58280809746805 -33.397213616311646, -70.58309597777856 -33.39733557076194, -70.58277148133585 -33.397874504194455, -70.58248359963781 -33.397752549040206))"
151600100700011,13132021002001,306637,V1313210062,VITACURA,AVENIDA,1,4,"[-70.58176924804475, -33.39676124374422]","POLYGON((-70.58176924804475 -33.39676124374422, -70.58156359583971 -33.396632106177556, -70.5817568729919 -33.39641554506987, -70.58196252494578 -33.39654468232701, -70.58176924804475 -33.39676124374422))"
151600100700011,13132021002001,308210,V1313210446,PEDRO CANISIO,CALLE,2,4,"[-70.58154755557459, -33.397052299290834]","POLYGON((-70.58154755557459 -33.397052299290834, -70.58176924804475 -33.39676124374422, -70.58204102540178 -33.39690689115144, -70.58181933350875 -33.39719794716146, -70.58154755557459 -33.397052299290834))"
151600100700012,13132021002001,306567,V1313210062,VITACURA,AVENIDA,3,4,"[-70.581563688628, -33.396631293335304]","POLYGON((-70.581563688628 -33.396631293335304, -70.58136158748695 -33.39650229052104, -70.5815568908835 -33.396287012405516, -70.58175899178805 -33.396416014912035, -70.581563688628 -33.396631293335304))"
151600100700012,13132021002001,306637,V1313210062,VITACURA,AVENIDA,3,4,"[-70.581563688628, -33.396631293335304]","POLYGON((-70.581563688628 -33.396631293335304, -70.58136158748695 -33.39650229052104, -70.5815568908835 -33.396287012405516, -70.58175899178805 -33.396416014912035, -70.581563688628 -33.396631293335304))"
151600100700012,13132021002001,306536,V1313210062,VITACURA,AVENIDA,3,4,"[-70.581563688628, -33.396631293335304]","POLYGON((-70.581563688628 -33.396631293335304, -70.58136158748695 -33.39650229052104, -70.5815568908835 -33.396287012405516, -70.58175899178805 -33.396416014912035, -70.581563688628 -33.396631293335304))"
151600101300028,13132021002002,306519,V1313210062,VITACURA,AVENIDA,4,4,"[-70.58070797915896, -33.39604986776182]","POLYGON((-70.58070797915896 -33.39604986776182, -70.58053191140591 -33.3959274760489, -70.58073769886377 -33.39571918376863, -70.58091376646075 -33.39584157519725, -70.58070797915896 -33.39604986776182))"
151600102500011,13132021002004,307941,V1313210367,LOS GOMEROS,CALLE,2,4,"[-70.57895824169739, -33.3952809605674]","POLYGON((-70.57895824169739 -33.3952809605674, -70.57905040133055 -33.3951750835173, -70.5793108674658 -33.39533460593217, -70.57921870799636 -33.395440483168834, -70.57895824169739 -33.3952809605674))"
151600102500015,13132021002004,307941,V1313210367,LOS GOMEROS,CALLE,4,4,"[-70.57783087401458, -33.39732255919956]","POLYGON((-70.57783087401458 -33.39732255919956, -70.57798644729378 -33.39709042986407, -70.57826758184243 -33.397222995393605, -70.57811200910416 -33.39745512506192, -70.57783087401458 -33.39732255919956))"
151600102500016,13132021002004,307764,V1313210332,LAS HUALTATAS,CALLE,3,4,"[-70.5774679130404, -33.397144912023926]","POLYGON((-70.5774679130404 -33.397144912023926, -70.57765568246242 -33.39723667695385, -70.577493323234 -33.39747041957602, -70.57730555345923 -33.39737865441337, -70.5774679130404 -33.397144912023926))"
151600102500029,13132021002004,306550,V1313210062,VITACURA,AVENIDA,1,4,"[-70.57918980358384, -33.39500033546316]","POLYGON((-70.57918980358384 -33.39500033546316, -70.57901008379814 -33.39487789779891, -70.579213403306 -33.39466790861046, -70.5793931229199 -33.39479034598842, -70.57918980358384 -33.39500033546316))"
151600102500029,13132021002004,307941,V1313210367,LOS GOMEROS,CALLE,2,4,"[-70.57905040133055, -33.3951750835173]","POLYGON((-70.57905040133055 -33.3951750835173, -70.57918980358384 -33.39500033546316, -70.5794578358565 -33.39515078034258, -70.57931843392477 -33.39532552868517, -70.57905040133055 -33.3951750835173))"
151600102500037,13132021002004,307764,V1313210332,LAS HUALTATAS,CALLE,2,4,"[-70.57731505933752, -33.39706947720511]","POLYGON((-70.57731505933752 -33.39706947720511, -70.57746789837562 -33.3971441005504, -70.57730565420287 -33.39737789931382, -70.57715281487735 -33.39730327577925, -70.57731505933752 -33.39706947720511))"
151600103100012,13132021005033,306083,V1313210045,LUIS CARRERA,AVENIDA,1,4,"[-70.5776600945996, -33.39532732586431]","POLYGON((-70.5776600945996 -33.39532732586431, -70.57777094365123 -33.395154926500446, -70.5780547960393 -33.395283342792716, -70.57794394740647 -33.39545574239514, -70.5776600945996 -33.39532732586431))"
151600103100014,13132021005033,306083,V1313210045,LUIS CARRERA,AVENIDA,2,4,"[-70.57777094365123, -33.395154926500446]","POLYGON((-70.57777094365123 -33.395154926500446, -70.57792029066889 -33.3949354120541, -70.5782003919554 -33.39506949754358, -70.578051045441 -33.39528901230865, -70.57777094365123 -33.395154926500446))"
151600103100015,13132021005033,306083,V1313210045,LUIS CARRERA,AVENIDA,2,4,"[-70.57792115058045, -33.39493540111758]","POLYGON((-70.57792115058045 -33.39493540111758, -70.57805530258983 -33.39476748490974, -70.57832321039956 -33.394918084990394, -70.57818905869834 -33.39508600147572, -70.57792115058045 -33.39493540111758))"
151600103100018,13132021005033,307751,V1313210332,LAS HUALTATAS,CALLE,3,6,"[-70.57647189304096, -33.39665740935495]","POLYGON((-70.57647189304096 -33.39665740935495, -70.57666494376478 -33.396750010562926, -70.57650484344624 -33.39698484659121, -70.57631179235202 -33.39689224514768, -70.57647189304096 -33.39665740935495))"
151600103100019,13132021005033,307751,V1313210332,LAS HUALTATAS,CALLE,2,4,"[-70.57629392562339, -33.39657246224881]","POLYGON((-70.57629392562339 -33.39657246224881, -70.57647189304096 -33.39665740935495, -70.57631238629472 -33.39689252934645, -70.57613441853383 -33.39680758202405, -70.57629392562339 -33.39657246224881))"
151600103100020,13132021005033,307751,V1313210332,LAS HUALTATAS,CALLE,2,4,"[-70.57610260854862, -33.396480559899345]","POLYGON((-70.57610260854862 -33.396480559899345, -70.57629391096984 -33.39657165077477, -70.57613469675086 -33.396806910172465, -70.57594339395963 -33.396715819065065, -70.57610260854862 -33.396480559899345))"
151600103100021,13132021005033,306994,V1313210171,CARDENAL BELARMINO,CALLE,4,4,"[-70.57590684567786, -33.39638654929077]","POLYGON((-70.57590684567786 -33.39638654929077, -70.57610259552487 -33.396479838589, -70.57594327734182 -33.39671504840522, -70.57574752711655 -33.39662175886942, -70.57590684567786 -33.39638654929077))"
151600103100021,13132021005033,307751,V1313210332,LAS HUALTATAS,CALLE,4,4,"[-70.57590684567786, -33.39638654929077]","POLYGON((-70.57590684567786 -33.39638654929077, -70.57610259552487 -33.396479838589, -70.57594327734182 -33.39671504840522, -70.57574752711655 -33.39662175886942, -70.57590684567786 -33.39638654929077))"
151600103100021,13132021005033,307761,V1313210332,LAS HUALTATAS,CALLE,4,4,"[-70.57590684567786, -33.39638654929077]","POLYGON((-70.57590684567786 -33.39638654929077, -70.57610259552487 -33.396479838589, -70.57594327734182 -33.39671504840522, -70.57574752711655 -33.39662175886942, -70.57590684567786 -33.39638654929077))"
151600103100022,13132021005033,307761,V1313210332,LAS HUALTATAS,CALLE,2,4,"[-70.57573961369548, -33.39630660551832]","POLYGON((-70.57573961369548 -33.39630660551832, -70.57590684567786 -33.39638654929077, -70.57574715738527 -33.39662158239382, -70.5755799250808 -33.3965416384179, -70.57573961369548 -33.39630660551832))"
151600103100023,13132021005033,307761,V1313210332,LAS HUALTATAS,CALLE,2,4,"[-70.5755285570839, -33.39620512285799]","POLYGON((-70.5755285570839 -33.39620512285799, -70.57573960067482 -33.396305884207834, -70.57558006352916 -33.396540989469976, -70.57536901953124 -33.39644022786362, -70.5755285570839 -33.39620512285799))"
151600103100024,13132021005033,307761,V1313210332,LAS HUALTATAS,CALLE,2,4,"[-70.57530156154175, -33.396096176529085]","POLYGON((-70.57530156154175 -33.396096176529085, -70.5755285570839 -33.39620512285799, -70.57536838905563 -33.396439926057674, -70.57514139307825 -33.396330979451655, -70.57530156154175 -33.396096176529085))"
151600103100025,13132021005033,307761,V1313210332,LAS HUALTATAS,CALLE,2,4,"[-70.5750502804706, -33.39597599447061]","POLYGON((-70.5750502804706 -33.39597599447061, -70.57530156154175 -33.396096176529085, -70.57514181474244 -33.39633118147652, -70.57489053318763 -33.39621099911218, -70.5750502804706 -33.39597599447061))"
151600103100036,13132021005033,306083,V1313210045,LUIS CARRERA,AVENIDA,2,5,"[-70.57805530258983, -33.39476748490974]","POLYGON((-70.57805530258983 -33.39476748490974, -70.57816526473539 -33.39462936658053, -70.57843346060024 -33.394779604929404, -70.5783234987097 -33.39491772348626, -70.57805530258983 -33.39476748490974))"
151600103100119,13132021005033,306623,V1313210062,VITACURA,AVENIDA,4,4,"[-70.5779882936962, -33.394188992170534]","POLYGON((-70.5779882936962 -33.394188992170534, -70.57732219606179 -33.39374554774809, -70.57752268048316 -33.393533650743024, -70.57818877742909 -33.39397709412099, -70.5779882936962 -33.394188992170534))"
151600103100119,13132021005033,306572,V1313210062,VITACURA,AVENIDA,4,4,"[-70.5779882936962, -33.394188992170534]","POLYGON((-70.5779882936962 -33.394188992170534, -70.57732219606179 -33.39374554774809, -70.57752268048316 -33.393533650743024, -70.57818877742909 -33.39397709412099, -70.5779882936962 -33.394188992170534))"
151600103100119,13132021005033,306604,V1313210062,VITACURA,AVENIDA,4,4,"[-70.5779882936962, -33.394188992170534]","POLYGON((-70.5779882936962 -33.394188992170534, -70.57732219606179 -33.39374554774809, -70.57752268048316 -33.393533650743024, -70.57818877742909 -33.39397709412099, -70.5779882936962 -33.394188992170534))"
151600103100119,13132021005033,309193,V1313210684,VITACURA INTERIOR,PASAJE,4,4,"[-70.5779882936962, -33.394188992170534]","POLYGON((-70.5779882936962 -33.394188992170534, -70.57732219606179 -33.39374554774809, -70.57752268048316 -33.393533650743024, -70.57818877742909 -33.39397709412099, -70.5779882936962 -33.394188992170534))"
151600103100120,13132021005033,306613,V1313210062,VITACURA,AVENIDA,2,4,"[-70.57732218302931, -33.39374482643787]","POLYGON((-70.57732218302931 -33.39374482643787, -70.57674899986328 -33.39336188373276, -70.576949918519 -33.393150276836714, -70.57752310109939 -33.39353321864085, -70.57732218302931 -33.39374482643787))"
151600103100120,13132021005033,308271,V1313210464,QUERETARO,CALLE,2,4,"[-70.57732218302931, -33.39374482643787]","POLYGON((-70.57732218302931 -33.39374482643787, -70.57674899986328 -33.39336188373276, -70.576949918519 -33.393150276836714, -70.57752310109939 -33.39353321864085, -70.57732218302931 -33.39374482643787))"
151600103100120,13132021005033,306572,V1313210062,VITACURA,AVENIDA,2,4,"[-70.57732218302931, -33.39374482643787]","POLYGON((-70.57732218302931 -33.39374482643787, -70.57674899986328 -33.39336188373276, -70.576949918519 -33.393150276836714, -70.57752310109939 -33.39353321864085, -70.57732218302931 -33.39374482643787))"
151600103100120,13132021005033,306604,V1313210062,VITACURA,AVENIDA,2,4,"[-70.57732218302931, -33.39374482643787]","POLYGON((-70.57732218302931 -33.39374482643787, -70.57674899986328 -33.39336188373276, -70.576949918519 -33.393150276836714, -70.57752310109939 -33.39353321864085, -70.57732218302931 -33.39374482643787))"
151600109100008,13132021004020,306584,V1313210062,VITACURA,AVENIDA,2,4,"[-70.58465080039663, -33.39762117436919]","POLYGON((-70.58465080039663 -33.39762117436919, -70.58488240248045 -33.39769875049067, -70.58476279721296 -33.39794998155658, -70.58453119454997 -33.39787240523131, -70.58465080039663 -33.39762117436919))"
151600109100008,13132021004020,306599,V1313210062,VITACURA,AVENIDA,2,4,"[-70.58465080039663, -33.39762117436919]","POLYGON((-70.58465080039663 -33.39762117436919, -70.58488240248045 -33.39769875049067, -70.58476279721296 -33.39794998155658, -70.58453119454997 -33.39787240523131, -70.58465080039663 -33.39762117436919))"
151600109100009,13132021004020,306584,V1313210062,VITACURA,AVENIDA,4,4,"[-70.58448454275965, -33.397565850454484]","POLYGON((-70.58448454275965 -33.397565850454484, -70.58465080039663 -33.39762117436919, -70.58453187186782 -33.3978726313586, -70.58436561381377 -33.39781730729854, -70.58448454275965 -33.397565850454484))"
151600109100009,13132021004020,306599,V1313210062,VITACURA,AVENIDA,4,4,"[-70.58448454275965, -33.397565850454484]","POLYGON((-70.58448454275965 -33.397565850454484, -70.58465080039663 -33.39762117436919, -70.58453187186782 -33.3978726313586, -70.58436561381377 -33.39781730729854, -70.58448454275965 -33.397565850454484))"
151600116900004,13132021004018,306129,V1313210046,LUIS PASTEUR,AVENIDA,1,4,"[-70.58212591839856, -33.3953041862758]","POLYGON((-70.58212591839856 -33.3953041862758, -70.5820544331394 -33.3951683783157, -70.58234945947525 -33.395059111816195, -70.5824209450898 -33.39519491959769, -70.58212591839856 -33.3953041862758))"
151600116900005,13132021004018,306129,V1313210046,LUIS PASTEUR,AVENIDA,4,4,"[-70.58205442006715, -33.39516765700728]","POLYGON((-70.58205442006715 -33.39516765700728, -70.58199005778474 -33.395045195648734, -70.58228515657429 -33.39493606767602, -70.58234951917748 -33.395058528873676, -70.58205442006715 -33.39516765700728))"
151600116900006,13132021004018,307373,V1313210260,FUENZALIDA COMAS,CALLE,3,4,"[-70.58191053314404, -33.39489289617457]","POLYGON((-70.58191053314404 -33.39489289617457, -70.58164582021249 -33.39499890092337, -70.58150687898527 -33.39475477179849, -70.58177159136991 -33.39464876735906, -70.58191053314404 -33.39489289617457))"
151600116900006,13132021004018,306129,V1313210046,LUIS PASTEUR,AVENIDA,4,4,"[-70.58199005778474, -33.395045195648734]","POLYGON((-70.58199005778474 -33.395045195648734, -70.58191053314404 -33.39489289617457, -70.58220594264112 -33.394784362268226, -70.58228546768258 -33.39493666154327, -70.58199005778474 -33.395045195648734))"
151600116900010,13132021004017,307942,V1313210367,LOS GOMEROS,CALLE,3,4,"[-70.58145545768762, -33.39395681174691]","POLYGON((-70.58145545768762 -33.39395681174691, -70.58122479783816 -33.39403144825439, -70.5811087302239 -33.39377905363949, -70.58133938952362 -33.39370441736166, -70.58145545768762 -33.39395681174691))"
151600116900010,13132021004017,306122,V1313210046,LUIS PASTEUR,AVENIDA,4,4,"[-70.58153768347631, -33.39412774530298]","POLYGON((-70.58153768347631 -33.39412774530298, -70.58145545768762 -33.39395681174691, -70.58175452776982 -33.39385558371148, -70.5818367540323 -33.39402651705751, -70.58153768347631 -33.39412774530298))"
151600116900010,13132021004017,306127,V1313210046,LUIS PASTEUR,AVENIDA,4,4,"[-70.58153768347631, -33.39412774530298]","POLYGON((-70.58153768347631 -33.39412774530298, -70.58145545768762 -33.39395681174691, -70.58175452776982 -33.39385558371148, -70.5818367540323 -33.39402651705751, -70.58153768347631 -33.39412774530298))"
151600116900010,13132021004017,306131,V1313210046,LUIS PASTEUR,AVENIDA,4,4,"[-70.58153768347631, -33.39412774530298]","POLYGON((-70.58153768347631 -33.39412774530298, -70.58145545768762 -33.39395681174691, -70.58175452776982 -33.39385558371148, -70.5818367540323 -33.39402651705751, -70.58153768347631 -33.39412774530298))"
151600116900017,13132021004016,307942,V1313210367,LOS GOMEROS,CALLE,2,5,"[-70.57964935028546, -33.394758562819135]","POLYGON((-70.57964935028546 -33.394758562819135, -70.57975043027791 -33.394658523861246, -70.57999645554241 -33.394833433021105, -70.57989537564617 -33.39493347217443, -70.57964935028546 -33.394758562819135))"
151600116900018,13132021004016,307942,V1313210367,LOS GOMEROS,CALLE,1,4,"[-70.57975139767449, -33.39465851154347]","POLYGON((-70.57975139767449 -33.39465851154347, -70.57984613419399 -33.394564415268775, -70.5800925258891 -33.39473896084807, -70.57999778946152 -33.39483305730618, -70.57975139767449 -33.39465851154347))"
151600116900019,13132021004016,307942,V1313210367,LOS GOMEROS,CALLE,1,5,"[-70.5798469941011, -33.39456440431902]","POLYGON((-70.5798469941011 -33.39456440431902, -70.57995072168758 -33.39446216706251, -70.58019632182365 -33.39463749553923, -70.58009259433366 -33.394739732996015, -70.5798469941011 -33.39456440431902))"
151600116900020,13132021004016,307942,V1313210367,LOS GOMEROS,CALLE,2,5,"[-70.57995158159366, -33.39446215611205]","POLYGON((-70.57995158159366 -33.39446215611205, -70.58005350796837 -33.39436733683307, -70.58029301988107 -33.394548494542725, -70.58019109357146 -33.39464331401442, -70.57995158159366 -33.39446215611205))"
151600116900032,13132021004018,306519,V1313210062,VITACURA,AVENIDA,1,4,"[-70.58041830393667, -33.39560876864038]","POLYGON((-70.58041830393667 -33.39560876864038, -70.5806623911635 -33.395776648737694, -70.58045790280256 -33.39598583938655, -70.58021381535036 -33.395817958897894, -70.58041830393667 -33.39560876864038))"
151600116900032,13132021004018,309190,V1313210683,VITACURA,PASAJE,2,4,"[-70.58057653264973, -33.395434771279824]","POLYGON((-70.58057653264973 -33.395434771279824, -70.58041830393667 -33.39560876864038, -70.5801618830302 -33.395444699045235, -70.58032011198438 -33.39527070200109, -70.58057653264973 -33.395434771279824))"
151600116900033,13132021004018,309190,V1313210683,VITACURA,PASAJE,2,4,"[-70.58068650699485, -33.39531531879804]","POLYGON((-70.58068650699485 -33.39531531879804, -70.5805773925651 -33.395434760324754, -70.58032140411147 -33.395270216847635, -70.58043051870467 -33.39515077553883, -70.58068650699485 -33.39531531879804))"
151600116900034,13132021004018,309190,V1313210683,VITACURA,PASAJE,3,6,"[-70.58076604664129, -33.395225113010945]","POLYGON((-70.58076604664129 -33.395225113010945, -70.58068650699485 -33.39531531879804, -70.58042721887755 -33.395154452025075, -70.58050675865928 -33.39506424639843, -70.58076604664129 -33.395225113010945))"
151600116900034,13132021004018,309191,V1313210683,VITACURA,PASAJE,4,6,"[-70.58084923891558, -33.39527130964421]","POLYGON((-70.58084923891558 -33.39527130964421, -70.58076604664129 -33.395225113010945, -70.58094407075308 -33.39499954080121, -70.58102726289658 -33.39504573732025, -70.58084923891558 -33.39527130964421))"
151600116900034,13132021004018,309191,V1313210683,VITACURA,PASAJE,5,6,"[-70.58087964908756, -33.39524666255219]","POLYGON((-70.58087964908756 -33.39524666255219, -70.58084923891558 -33.39527130964421, -70.58062514387362 -33.3950767647302, -70.58065555404569 -33.395052117692494, -70.58087964908756 -33.39524666255219))"
151600116900034,13132021004018,309190,V1313210683,VITACURA,PASAJE,5,6,"[-70.58087964908756, -33.39524666255219]","POLYGON((-70.58087964908756 -33.39524666255219, -70.58084923891558 -33.39527130964421, -70.58062514387362 -33.3950767647302, -70.58065555404569 -33.395052117692494, -70.58087964908756 -33.39524666255219))"
151600116900034,13132021004018,309192,V1313210683,VITACURA,PASAJE,5,6,"[-70.58087964908756, -33.39524666255219]","POLYGON((-70.58087964908756 -33.39524666255219, -70.58084923891558 -33.39527130964421, -70.58062514387362 -33.3950767647302, -70.58065555404569 -33.395052117692494, -70.58087964908756 -33.39524666255219))"
151600116900040,13132021004018,309190,V1313210683,VITACURA,PASAJE,2,5,"[-70.58049608170896, -33.39539746779976]","POLYGON((-70.58049608170896 -33.39539746779976, -70.58061499190258 -33.39526680886266, -70.58087133949668 -33.395430958407005, -70.58075242948375 -33.395561617581826, -70.58049608170896 -33.39539746779976))"
151600116900041,13132021004018,306571,V1313210062,VITACURA,AVENIDA,3,4,"[-70.58011166513748, -33.3953945182614]","POLYGON((-70.58011166513748 -33.3953945182614, -70.58034590107403 -33.395558736727175, -70.58013907738165 -33.39576630539312, -70.57990484124451 -33.395602086546965, -70.58011166513748 -33.3953945182614))"
151600116900041,13132021004018,307329,V1313210249,FATIMA,CALLE,3,4,"[-70.58011166513748, -33.3953945182614]","POLYGON((-70.58011166513748 -33.3953945182614, -70.58034590107403 -33.395558736727175, -70.58013907738165 -33.39576630539312, -70.57990484124451 -33.395602086546965, -70.58011166513748 -33.3953945182614))"
151600116900041,13132021004018,306634,V1313210062,VITACURA,AVENIDA,3,4,"[-70.58011166513748, -33.3953945182614]","POLYGON((-70.58011166513748 -33.3953945182614, -70.58034590107403 -33.395558736727175, -70.58013907738165 -33.39576630539312, -70.57990484124451 -33.395602086546965, -70.58011166513748 -33.3953945182614))"
151600116900043,13132021004018,306571,V1313210062,VITACURA,AVENIDA,2,4,"[-70.57997222345345, -33.39529970658888]","POLYGON((-70.57997222345345 -33.39529970658888, -70.58011165044911 -33.3953937067887, -70.57990960981635 -33.39560456371353, -70.57977018268245 -33.39551056329317, -70.57997222345345 -33.39529970658888))"
151600116900043,13132021004018,308353,V1313210485,SAMOA,CALLE,3,4,"[-70.58015187714238, -33.39512733078567]","POLYGON((-70.58015187714238 -33.39512733078567, -70.57997222345345 -33.39529970658888, -70.57972942192741 -33.39512165476588, -70.57990907575878 -33.394949279306275, -70.58015187714238 -33.39512733078567))"
151600116900044,13132021004017,306577,V1313210062,VITACURA,AVENIDA,2,4,"[-70.57956082191679, -33.395017527241045]","POLYGON((-70.57956082191679 -33.395017527241045, -70.57973171211603 -33.39513322249598, -70.57952915927939 -33.39534373302064, -70.57935826891313 -33.39522803749463, -70.57956082191679 -33.395017527241045))"
151600116900044,13132021004017,307942,V1313210367,LOS GOMEROS,CALLE,3,4,"[-70.57974243659042, -33.39484061783229]","POLYGON((-70.57974243659042 -33.39484061783229, -70.57956082191679 -33.395017527241045, -70.57931644123583 -33.39484100276868, -70.57949805606741 -33.394664093709146, -70.57974243659042 -33.39484061783229))"
151600116900050,13132021004017,307942,V1313210367,LOS GOMEROS,CALLE,3,4,"[-70.57984437810467, -33.39474065801404]","POLYGON((-70.57984437810467 -33.39474065801404, -70.57974243659042 -33.39484061783229, -70.57949736946087 -33.39466476474199, -70.57959931106723 -33.39456480512021, -70.57984437810467 -33.39474065801404))"
151600116900051,13132021004017,307942,V1313210367,LOS GOMEROS,CALLE,3,4,"[-70.57994177570944, -33.39464508483132]","POLYGON((-70.57994177570944 -33.39464508483132, -70.57984523801352 -33.39474064706424, -70.5795991934911 -33.39456575720086, -70.579695731279 -33.39447019515461, -70.57994177570944 -33.39464508483132))"
151600116900052,13132021004017,307942,V1313210367,LOS GOMEROS,CALLE,4,4,"[-70.58003558540612, -33.394553254828665]","POLYGON((-70.58003558540612 -33.394553254828665, -70.57994263561731 -33.394645073880874, -70.579696805928 -33.39446997185502, -70.57978975580434 -33.394378152982405, -70.58003558540612 -33.394553254828665))"
151600116900053,13132021004017,307942,V1313210367,LOS GOMEROS,CALLE,4,6,"[-70.58012329255627, -33.3944628552449]","POLYGON((-70.58012329255627 -33.3944628552449, -70.58003558540612 -33.394553254828665, -70.57978545152912 -33.39438249597191, -70.57987315878154 -33.394292096560044, -70.58012329255627 -33.3944628552449))"
151600116900053,13132021004017,307942,V1313210367,LOS GOMEROS,CALLE,5,6,"[-70.58014108642057, -33.394453970917915]","POLYGON((-70.58014108642057 -33.394453970917915, -70.58012329255627 -33.3944628552449, -70.57995834045397 -33.39423039640301, -70.57997613428965 -33.39422151210027, -70.58014108642057 -33.394453970917915))"
151600116900056,13132021004017,307942,V1313210367,LOS GOMEROS,CALLE,4,5,"[-70.5805488751106, -33.39424568132045]","POLYGON((-70.5805488751106 -33.39424568132045, -70.58050146575212 -33.39426964303825, -70.5803350261606 -33.39403793165543, -70.58038243544422 -33.39401397000275, -70.5805488751106 -33.39424568132045))"
151600116900056,13132021004017,307942,V1313210367,LOS GOMEROS,CALLE,5,5,"[-70.58061679530331, -33.39422632824167]","POLYGON((-70.58061679530331 -33.39422632824167, -70.5805488751106 -33.39424568132045, -70.58044514710163 -33.393989533909505, -70.58051306712277 -33.39397018089196, -70.58061679530331 -33.39422632824167))"
151600116900057,13132021004017,307942,V1313210367,LOS GOMEROS,CALLE,2,4,"[-70.58073650588196, -33.394187466743155]","POLYGON((-70.58073650588196 -33.394187466743155, -70.58061679530331 -33.39422632824167, -70.58050039918456 -33.39397403995987, -70.58062010947839 -33.39393517858083, -70.58073650588196 -33.394187466743155))"
151600116900058,13132021004017,307942,V1313210367,LOS GOMEROS,CALLE,3,4,"[-70.58085644602015, -33.39414941386543]","POLYGON((-70.58085644602015 -33.39414941386543, -70.58073650588196 -33.394187466743155, -70.58062241619811 -33.39393443825858, -70.58074235604754 -33.39389638549846, -70.58085644602015 -33.39414941386543))"
151600116900059,13132021004017,307942,V1313210367,LOS GOMEROS,CALLE,3,4,"[-70.58097712540115, -33.394110629977874]","POLYGON((-70.58097712540115 -33.394110629977874, -70.58085644602015 -33.39414941386543, -70.580741065336 -33.39389679764934, -70.58086174442836 -33.393858013881314, -70.58097712540115 -33.394110629977874))"
151600116900060,13132021004017,307942,V1313210367,LOS GOMEROS,CALLE,2,4,"[-70.58109963032894, -33.394071732525845]","POLYGON((-70.58109963032894 -33.394071732525845, -70.58097712540115 -33.394110629977874, -70.58086295669531 -33.39385762662649, -70.58098546132828 -33.39381872929465, -70.58109963032894 -33.394071732525845))"
151600116900061,13132021004017,307942,V1313210367,LOS GOMEROS,CALLE,4,4,"[-70.58122479783816, -33.39403144825439]","POLYGON((-70.58122479783816 -33.39403144825439, -70.58109963032894 -33.394071732525845, -70.58098410485036 -33.3938191629309, -70.58110927206043 -33.39377887878355, -70.58122479783816 -33.39403144825439))"
151600116900092,13132021004016,306550,V1313210062,VITACURA,AVENIDA,5,5,"[-70.57912818873208, -33.39472046572082]","POLYGON((-70.57912818873208 -33.39472046572082, -70.57929179284896 -33.39483165493653, -70.57908876961301 -33.39504184596711, -70.5789251653384 -33.39493065649123, -70.57912818873208 -33.39472046572082))"
151600116900093,13132021004016,306550,V1313210062,VITACURA,AVENIDA,2,5,"[-70.57896368435088, -33.39460703312645]","POLYGON((-70.57896368435088 -33.39460703312645, -70.5791281756842 -33.39471974441133, -70.5789241501023 -33.394929251273616, -70.57875965861498 -33.394816539725674, -70.57896368435088 -33.39460703312645))"
151600116900098,13132021004018,308353,V1313210485,SAMOA,CALLE,3,4,"[-70.58143219377843, -33.39443526603436]","POLYGON((-70.58143219377843 -33.39443526603436, -70.58126860575406 -33.39448532919473, -70.58115807292229 -33.39423119221269, -70.5813216605459 -33.39418112920828, -70.58143219377843 -33.39443526603436))"
151600116900099,13132021004018,308353,V1313210485,SAMOA,CALLE,2,4,"[-70.58126860575406, -33.39448532919473]","POLYGON((-70.58126860575406 -33.39448532919473, -70.58114435112842 -33.39452262579869, -70.58103569528998 -33.39426791988812, -70.58115994960856 -33.39423062340084, -70.58126860575406 -33.39448532919473))"
151600116900100,13132021004018,308353,V1313210485,SAMOA,CALLE,3,4,"[-70.58114435112842, -33.39452262579869]","POLYGON((-70.58114435112842 -33.39452262579869, -70.58102363207615 -33.3945592459345, -70.58091395515791 -33.394304848115404, -70.58103467391324 -33.394268228093885, -70.58114435112842 -33.39452262579869))"
151600116900101,13132021004018,308353,V1313210485,SAMOA,CALLE,2,4,"[-70.58102363207615, -33.3945592459345]","POLYGON((-70.58102363207615 -33.3945592459345, -70.58089565432573 -33.39459875416258, -70.58078426828544 -33.39434487935531, -70.58091224572361 -33.39430537125006, -70.58102363207615 -33.3945592459345))"
151600116900102,13132021004018,308353,V1313210485,SAMOA,CALLE,4,5,"[-70.58078751256454, -33.39462935182229]","POLYGON((-70.58078751256454 -33.39462935182229, -70.58076601215056 -33.39464134973704, -70.58058738260715 -33.39441611517352, -70.5806088829928 -33.39440411729023, -70.58078751256454 -33.39462935182229))"
151600116900102,13132021004018,308353,V1313210485,SAMOA,CALLE,5,5,"[-70.58089565432573, -33.39459875416258]","POLYGON((-70.58089565432573 -33.39459875416258, -70.58078751256454 -33.39462935182229, -70.58068443665103 -33.39437301916558, -70.58079257813826 -33.39434242160279, -70.58089565432573 -33.39459875416258))"
151600116900107,13132021004018,308353,V1313210485,SAMOA,CALLE,3,4,"[-70.5802511151835, -33.39503245539901]","POLYGON((-70.5802511151835 -33.39503245539901, -70.58015273705493 -33.395127319833605, -70.57990941275789 -33.3949497713349, -70.58000779096695 -33.3948549070888, -70.5802511151835 -33.39503245539901))"
151600116900108,13132021004017,308353,V1313210485,SAMOA,CALLE,1,4,"[-70.5798702005597, -33.39522885824857]","POLYGON((-70.5798702005597 -33.39522885824857, -70.58005172057582 -33.39505267107619, -70.58029573099448 -33.39522955604288, -70.58011421113295 -33.395405743563835, -70.5798702005597 -33.39522885824857))"
151600116900108,13132021004017,306577,V1313210062,VITACURA,AVENIDA,2,4,"[-70.57973172680073, -33.39513403396888]","POLYGON((-70.57973172680073 -33.39513403396888, -70.5798702005597 -33.39522885824857, -70.57966624980324 -33.39543841707724, -70.57952777591431 -33.395343592576204, -70.57973172680073 -33.39513403396888))"
151600116900109,13132021004017,308353,V1313210485,SAMOA,CALLE,2,4,"[-70.58005172057582, -33.39505267107619]","POLYGON((-70.58005172057582 -33.39505267107619, -70.58015274678885 -33.394955608567564, -70.5803956880915 -33.395133525689374, -70.58029466195926 -33.39523058839132, -70.58005172057582 -33.39505267107619))"
151600116900110,13132021004017,308353,V1313210485,SAMOA,CALLE,1,4,"[-70.58015274678885, -33.394955608567564]","POLYGON((-70.58015274678885 -33.394955608567564, -70.58024658269137 -33.394865221024666, -70.58048979487391 -33.395042877304185, -70.58039595904765 -33.395133265026814, -70.58015274678885 -33.394955608567564))"
151600116900111,13132021004017,308353,V1313210485,SAMOA,CALLE,1,4,"[-70.58024658269137, -33.394865221024666]","POLYGON((-70.58024658269137 -33.394865221024666, -70.58034771759365 -33.39476824716176, -70.58059044897743 -33.39494636524456, -70.58048931415502 -33.395043339300834, -70.58024658269137 -33.394865221024666))"
151600117100006,13132021004014,307425,V1313210278,HERNAN PRIETO VIAL,CALLE,1,4,"[-70.58096190366896, -33.39353725099476]","POLYGON((-70.58096190366896 -33.39353725099476, -70.58120872872828 -33.39344698743675, -70.58133761080504 -33.393694967917114, -70.58109078519915 -33.39378523174484, -70.58096190366896 -33.39353725099476))"
151600117100006,13132021004014,306133,V1313210046,LUIS PASTEUR,AVENIDA,4,4,"[-70.58120872872828, -33.39344698743675]","POLYGON((-70.58120872872828 -33.39344698743675, -70.58114424785387 -33.39331190125788, -70.5814436375047 -33.39321134464819, -70.5815081187552 -33.39334643066208, -70.58120872872828 -33.39344698743675))"
151600117100006,13132021004014,306127,V1313210046,LUIS PASTEUR,AVENIDA,4,4,"[-70.58120872872828, -33.39344698743675]","POLYGON((-70.58120872872828 -33.39344698743675, -70.58114424785387 -33.39331190125788, -70.5814436375047 -33.39321134464819, -70.5815081187552 -33.39334643066208, -70.58120872872828 -33.39344698743675))"
151600117100007,13132021004014,306133,V1313210046,LUIS PASTEUR,AVENIDA,1,4,"[-70.58114423479003, -33.393311179948945]","POLYGON((-70.58114423479003 -33.393311179948945, -70.5810674001901 -33.39315289338943, -70.5813660852894 -33.39305087425413, -70.58144292032574 -33.39320916061782, -70.58114423479003 -33.393311179948945))"
151600117100007,13132021004014,306127,V1313210046,LUIS PASTEUR,AVENIDA,1,4,"[-70.58114423479003, -33.393311179948945]","POLYGON((-70.58114423479003 -33.393311179948945, -70.5810674001901 -33.39315289338943, -70.5813660852894 -33.39305087425413, -70.58144292032574 -33.39320916061782, -70.58114423479003 -33.393311179948945))"
151600117100008,13132021004014,306086,V1313210045,LUIS CARRERA,AVENIDA,3,4,"[-70.58096543418098, -33.39297229071672]","POLYGON((-70.58096543418098 -33.39297229071672, -70.58073027663463 -33.39308341810364, -70.58057198662407 -33.39284772383922, -70.58080714376203 -33.392736596761075, -70.58096543418098 -33.39297229071672))"
151600117100008,13132021004014,306133,V1313210046,LUIS PASTEUR,AVENIDA,4,4,"[-70.58106738549408, -33.3931520819168]","POLYGON((-70.58106738549408 -33.3931520819168, -70.58096543418098 -33.39297229071672, -70.58125666233153 -33.392856088469934, -70.58135861408878 -33.39303587942023, -70.58106738549408 -33.3931520819168))"
151600117100008,13132021004014,306127,V1313210046,LUIS PASTEUR,AVENIDA,4,4,"[-70.58106738549408, -33.3931520819168]","POLYGON((-70.58106738549408 -33.3931520819168, -70.58096543418098 -33.39297229071672, -70.58125666233153 -33.392856088469934, -70.58135861408878 -33.39303587942023, -70.58106738549408 -33.3931520819168))"
151600119900001,13132021003049,306173,V1313210047,MANQUEHUE NORTE,AVENIDA,1,4,"[-70.57340707544606, -33.38968545777916]","POLYGON((-70.57340707544606 -33.38968545777916, -70.57355007170085 -33.3895548607661, -70.57378757432244 -33.38973785941821, -70.573644578146 -33.389868456699716, -70.57340707544606 -33.38968545777916))"
151600119900001,13132021003049,306185,V1313210047,MANQUEHUE NORTE,AVENIDA,1,4,"[-70.57340707544606, -33.38968545777916]","POLYGON((-70.57340707544606 -33.38968545777916, -70.57355007170085 -33.3895548607661, -70.57378757432244 -33.38973785941821, -70.573644578146 -33.389868456699716, -70.57340707544606 -33.38968545777916))"
151600119900001,13132021003049,309059,V1313210634,MANQUEHUE NORTE,PASAJE,1,4,"[-70.57340707544606, -33.38968545777916]","POLYGON((-70.57340707544606 -33.38968545777916, -70.57355007170085 -33.3895548607661, -70.57378757432244 -33.38973785941821, -70.573644578146 -33.389868456699716, -70.57340707544606 -33.38968545777916))"
151600119900001,13132021003049,306748,V1313210107,ARQUITECTO JUAN HERBAGE,CALLE,2,4,"[-70.5732183439375, -33.389539136471825]","POLYGON((-70.5732183439375 -33.389539136471825, -70.57340707544606 -33.38968545777916, -70.57318819583206 -33.389884127231845, -70.57299946423312 -33.38973780559783, -70.5732183439375 -33.389539136471825))"
151600119900008,13132021003049,306748,V1313210107,ARQUITECTO JUAN HERBAGE,CALLE,3,5,"[-70.57299486162512, -33.38936746261703]","POLYGON((-70.57299486162512 -33.38936746261703, -70.57308960230502 -33.3894405736408, -70.57287127213598 -33.38963966765611, -70.57277653140896 -33.389566556468814, -70.57299486162512 -33.38936746261703))"
151600119900009,13132021003049,306748,V1313210107,ARQUITECTO JUAN HERBAGE,CALLE,2,5,"[-70.572921460217, -33.389315184207476]","POLYGON((-70.572921460217 -33.389315184207476, -70.57299484700623 -33.38936665114076, -70.57278800616153 -33.389574198561725, -70.57271461930958 -33.38952273150927, -70.572921460217 -33.389315184207476))"
151600119900009,13132021003049,306748,V1313210107,ARQUITECTO JUAN HERBAGE,CALLE,3,5,"[-70.57289029539199, -33.38924424323541]","POLYGON((-70.57289029539199 -33.38924424323541, -70.572921460217 -33.389315184207476, -70.57261886953192 -33.389408727839594, -70.5725877049131 -33.38933778678631, -70.57289029539199 -33.38924424323541))"
151600119900009,13132021003049,308222,V1313210450,PEDRO LUNA,CALLE,4,5,"[-70.57302704424546, -33.389124908904954]","POLYGON((-70.57302704424546 -33.389124908904954, -70.57289029539199 -33.38924424323541, -70.57265781071166 -33.38905676599531, -70.57279455961061 -33.388937431916986, -70.57302704424546 -33.389124908904954))"
151600119900009,13132021003049,306747,V1313210107,ARQUITECTO JUAN HERBAGE,CALLE,4,5,"[-70.57302704424546, -33.389124908904954]","POLYGON((-70.57302704424546 -33.389124908904954, -70.57289029539199 -33.38924424323541, -70.57265781071166 -33.38905676599531, -70.57279455961061 -33.388937431916986, -70.57302704424546 -33.389124908904954))"
151600119900010,13132021003049,308222,V1313210450,PEDRO LUNA,CALLE,5,5,"[-70.57332923973532, -33.38885611499265]","POLYGON((-70.57332923973532 -33.38885611499265, -70.57314598430898 -33.389019598466696, -70.57291105423303 -33.38883427940507, -70.57309430973922 -33.38867079627188, -70.57332923973532 -33.38885611499265))"
151600119900010,13132021003049,308044,V1313210399,MAURICIO RUGENDAS,CALLE,5,5,"[-70.57332923973532, -33.38885611499265]","POLYGON((-70.57332923973532 -33.38885611499265, -70.57314598430898 -33.389019598466696, -70.57291105423303 -33.38883427940507, -70.57309430973922 -33.38867079627188, -70.57332923973532 -33.38885611499265))"
151600119900016,13132021003049,306748,V1313210107,ARQUITECTO JUAN HERBAGE,CALLE,2,4,"[-70.57308960230502, -33.3894405736408]","POLYGON((-70.57308960230502 -33.3894405736408, -70.57321843842355 -33.389538413796885, -70.57300201057393 -33.38973896426927, -70.57287317438328 -33.389641123893014, -70.57308960230502 -33.3894405736408))"
151600119900017,13132021003049,308222,V1313210450,PEDRO LUNA,CALLE,4,5,"[-70.57314501697178, -33.389019610731154]","POLYGON((-70.57314501697178 -33.389019610731154, -70.57302790410185 -33.389124898004006, -70.5727921239594 -33.38894033995609, -70.57290923688464 -33.38883505290174, -70.57314501697178 -33.389019610731154))"
151600120100015,13132021003047,307450,V1313210285,INGENIERO ALVAREZ ALBORNOZ,CALLE,4,6,"[-70.57236806244678, -33.388129776957214]","POLYGON((-70.57236806244678 -33.388129776957214, -70.57223402960726 -33.388119300438824, -70.57226394743444 -33.38784994406242, -70.57239797986128 -33.38786042056093, -70.57236806244678 -33.388129776957214))"
151600120100016,13132021003047,307450,V1313210285,INGENIERO ALVAREZ ALBORNOZ,CALLE,4,4,"[-70.57248615729402, -33.38813874180646]","POLYGON((-70.57248615729402 -33.38813874180646, -70.57236806244678 -33.388129776957214, -70.57239712557026 -33.38786035474808, -70.57251522005369 -33.387869319580616, -70.57248615729402 -33.38813874180646))"
151600120100018,13132021003047,307450,V1313210285,INGENIERO ALVAREZ ALBORNOZ,CALLE,4,4,"[-70.57288134640295, -33.38816854418213]","POLYGON((-70.57288134640295 -33.38816854418213, -70.57261750153685 -33.388149161942316, -70.57264563359021 -33.38787967021721, -70.57290947764307 -33.38789905242167, -70.57288134640295 -33.38816854418213))"
151600120100019,13132021003047,307450,V1313210285,INGENIERO ALVAREZ ALBORNOZ,CALLE,1,4,"[-70.57305026489657, -33.38818200475133]","POLYGON((-70.57305026489657 -33.38818200475133, -70.57288125353925 -33.38816935702105, -70.57290990707969 -33.387899903987616, -70.57307891791622 -33.38791255169456, -70.57305026489657 -33.38818200475133))"
151600120100020,13132021003047,307450,V1313210285,INGENIERO ALVAREZ ALBORNOZ,CALLE,1,4,"[-70.57316921970482, -33.38819095804524]","POLYGON((-70.57316921970482 -33.38819095804524, -70.57305026489657 -33.38818200475133, -70.57307908273764 -33.38791256406441, -70.5731980371794 -33.387921517341724, -70.57316921970482 -33.38819095804524))"
151600120100021,13132021003047,307450,V1313210285,INGENIERO ALVAREZ ALBORNOZ,CALLE,1,5,"[-70.5733032527249, -33.388201433546534]","POLYGON((-70.5733032527249 -33.388201433546534, -70.57316921970482 -33.38819095804524, -70.57319913465237 -33.38792160153012, -70.57333316725978 -33.38793207701152, -70.5733032527249 -33.388201433546534))"
151600120100022,13132021003047,307450,V1313210285,INGENIERO ALVAREZ ALBORNOZ,CALLE,3,4,"[-70.57343383175993, -33.38821114103983]","POLYGON((-70.57343383175993 -33.38821114103983, -70.5733032527249 -33.388201433546534, -70.57333171942047 -33.38793196661567, -70.5734622980531 -33.387941674091124, -70.57343383175993 -33.38821114103983))"
151600120100023,13132021003047,307450,V1313210285,INGENIERO ALVAREZ ALBORNOZ,CALLE,1,4,"[-70.57261748854599, -33.38814844062979]","POLYGON((-70.57261748854599 -33.38814844062979, -70.57248615729402 -33.38813874180646, -70.57251443708701 -33.387869260951135, -70.5726457679342 -33.387878959756726, -70.57261748854599 -33.38814844062979))"
151600120300013,13132021003050,306019,V1313210038,JUAN XXIII,AVENIDA,2,4,"[-70.57198096274637, -33.38903896322573]","POLYGON((-70.57198096274637 -33.38903896322573, -70.57204709226194 -33.38920090868072, -70.57174201142735 -33.389288575280446, -70.57167588239781 -33.389126629650406, -70.57198096274637 -33.38903896322573))"
151600120300014,13132021003050,308045,V1313210399,MAURICIO RUGENDAS,CALLE,1,4,"[-70.57218756200602, -33.38878662433361]","POLYGON((-70.57218756200602 -33.38878662433361, -70.57190675555562 -33.38885827146872, -70.5718129167231 -33.388599454927395, -70.57209372243565 -33.38852780802396, -70.57218756200602 -33.38878662433361))"
151600120300014,13132021003050,306019,V1313210038,JUAN XXIII,AVENIDA,4,4,"[-70.57190675555562, -33.38885827146872]","POLYGON((-70.57190675555562 -33.38885827146872, -70.57198096274637 -33.38903896322573, -70.57167606645568 -33.389127079108746, -70.57160185980598 -33.38894638715555, -70.57190675555562 -33.38885827146872))"
151600120500001,13132021005028,307139,V1313210204,CUERNAVACA,CALLE,1,4,"[-70.57611067101557, -33.39218695368116]","POLYGON((-70.57611067101557 -33.39218695368116, -70.57625378605975 -33.39203912684308, -70.57650412620288 -33.3922096665115, -70.57636101132717 -33.392357493630286, -70.57611067101557 -33.39218695368116))"
151600120500001,13132021005028,307140,V1313210204,CUERNAVACA,CALLE,1,4,"[-70.57611067101557, -33.39218695368116]","POLYGON((-70.57611067101557 -33.39218695368116, -70.57625378605975 -33.39203912684308, -70.57650412620288 -33.3922096665115, -70.57636101132717 -33.392357493630286, -70.57611067101557 -33.39218695368116))"
151600120500001,13132021005028,308097,V1313210418,NAZCA,CALLE,1,4,"[-70.57611067101557, -33.39218695368116]","POLYGON((-70.57611067101557 -33.39218695368116, -70.57625378605975 -33.39203912684308, -70.57650412620288 -33.3922096665115, -70.57636101132717 -33.392357493630286, -70.57611067101557 -33.39218695368116))"
151600120500001,13132021005028,308887,V1313210581,CUERNAVACA,PASAJE,4,4,"[-70.57625378605975, -33.39203912684308]","POLYGON((-70.57625378605975 -33.39203912684308, -70.57611604756416 -33.39194879821555, -70.57631467253145 -33.39173567508235, -70.57645241087789 -33.391826003496135, -70.57625378605975 -33.39203912684308))"
151600120500002,13132021005028,308887,V1313210581,CUERNAVACA,PASAJE,1,5,"[-70.57611603454254, -33.3919480769047]","POLYGON((-70.57611603454254 -33.3919480769047, -70.57600516094041 -33.39187490267901, -70.5762045686683 -33.39166229460875, -70.57631544215268 -33.39173546866164, -70.57611603454254 -33.3919480769047))"
151600120500003,13132021005028,308887,V1313210581,CUERNAVACA,PASAJE,1,5,"[-70.57600516094041, -33.39187490267901]","POLYGON((-70.57600516094041 -33.39187490267901, -70.57590952749237 -33.39181217655587, -70.57610817135432 -33.39159906599027, -70.57620380469885 -33.39166179196499, -70.57600516094041 -33.39187490267901))"
151600120500032,13132021005028,307140,V1313210204,CUERNAVACA,CALLE,3,5,"[-70.57585850478438, -33.392451962414135]","POLYGON((-70.57585850478438 -33.392451962414135, -70.57610981113032 -33.39218696460436, -70.57636218984278 -33.392355377199685, -70.57611088382085 -33.392620375505615, -70.57585850478438 -33.392451962414135))"
151600120500032,13132021005028,306548,V1313210062,VITACURA,AVENIDA,4,5,"[-70.57569679040029, -33.39234372057142]","POLYGON((-70.57569679040029 -33.39234372057142, -70.57585850478438 -33.392451962414135, -70.57565736160313 -33.39266341823955, -70.57549564705484 -33.392555176142324, -70.57569679040029 -33.39234372057142))"
151600120500032,13132021005028,306601,V1313210062,VITACURA,AVENIDA,4,5,"[-70.57569679040029, -33.39234372057142]","POLYGON((-70.57569679040029 -33.39234372057142, -70.57585850478438 -33.392451962414135, -70.57565736160313 -33.39266341823955, -70.57549564705484 -33.392555176142324, -70.57569679040029 -33.39234372057142))"
151600120500033,13132021005028,306548,V1313210062,VITACURA,AVENIDA,2,5,"[-70.57557058213409, -33.3922608204101]","POLYGON((-70.57557058213409 -33.3922608204101, -70.57569677575464 -33.39234290909656, -70.57549914971278 -33.39255668562368, -70.57537295595225 -33.39247459674249, -70.57557058213409 -33.3922608204101))"
151600120500033,13132021005028,306601,V1313210062,VITACURA,AVENIDA,2,5,"[-70.57557058213409, -33.3922608204101]","POLYGON((-70.57557058213409 -33.3922608204101, -70.57569677575464 -33.39234290909656, -70.57549914971278 -33.39255668562368, -70.57537295595225 -33.39247459674249, -70.57557058213409 -33.3922608204101))"
151600120500034,13132021005028,306548,V1313210062,VITACURA,AVENIDA,3,5,"[-70.57544903991956, -33.39218029584973]","POLYGON((-70.57544903991956 -33.39218029584973, -70.5755706766026 -33.39226009773415, -70.57537199926198 -33.392473187365404, -70.57525036244739 -33.39239338529218, -70.57544903991956 -33.39218029584973))"
151600120500034,13132021005028,306601,V1313210062,VITACURA,AVENIDA,3,5,"[-70.57544903991956, -33.39218029584973]","POLYGON((-70.57544903991956 -33.39218029584973, -70.5755706766026 -33.39226009773415, -70.57537199926198 -33.392473187365404, -70.57525036244739 -33.39239338529218, -70.57544903991956 -33.39218029584973))"
151600120500035,13132021005028,306548,V1313210062,VITACURA,AVENIDA,2,4,"[-70.57531585705709, -33.3920921630923]","POLYGON((-70.57531585705709 -33.3920921630923, -70.57544902527631 -33.39217948437476, -70.57525041326765 -33.39239261675325, -70.57511724490418 -33.392305295264165, -70.57531585705709 -33.3920921630923))"
151600120500035,13132021005028,306601,V1313210062,VITACURA,AVENIDA,2,4,"[-70.57531585705709, -33.3920921630923]","POLYGON((-70.57531585705709 -33.3920921630923, -70.57544902527631 -33.39217948437476, -70.57525041326765 -33.39239261675325, -70.57511724490418 -33.392305295264165, -70.57531585705709 -33.3920921630923))"
151600120500036,13132021005028,306548,V1313210062,VITACURA,AVENIDA,2,5,"[-70.57519247178769, -33.39201075982563]","POLYGON((-70.57519247178769 -33.39201075982563, -70.57531584404202 -33.392091441781176, -70.57511756184759 -33.39230479002434, -70.57499418945854 -33.39222410787771, -70.57519247178769 -33.39201075982563))"
151600120500036,13132021005028,306601,V1313210062,VITACURA,AVENIDA,2,5,"[-70.57519247178769, -33.39201075982563]","POLYGON((-70.57519247178769 -33.39201075982563, -70.57531584404202 -33.392091441781176, -70.57511756184759 -33.39230479002434, -70.57499418945854 -33.39222410787771, -70.57519247178769 -33.39201075982563))"
151600120500042,13132021005028,309002,V1313210617,LO ARCAYA,PASAJE,1,4,"[-70.57528812934183, -33.39131214820967]","POLYGON((-70.57528812934183 -33.39131214820967, -70.57519688961068 -33.391230697524925, -70.57543190329883 -33.39104544813454, -70.57552314304122 -33.391126898648004, -70.57528812934183 -33.39131214820967))"
151600120500042,13132021005028,307066,V1313210190,CONCILIO VATICANO II,CALLE,4,4,"[-70.57519688961068, -33.391230697524925]","POLYGON((-70.57519688961068 -33.391230697524925, -70.57502968968289 -33.39136052144349, -70.57481062652238 -33.39116199177187, -70.57497782642032 -33.39103216814618, -70.57519688961068 -33.391230697524925))"
151600120500042,13132021005028,307815,V1313210349,LO ARCAYA,CALLE,4,4,"[-70.57519688961068, -33.391230697524925]","POLYGON((-70.57519688961068 -33.391230697524925, -70.57502968968289 -33.39136052144349, -70.57481062652238 -33.39116199177187, -70.57497782642032 -33.39103216814618, -70.57519688961068 -33.391230697524925))"
151600120500042,13132021005028,307831,V1313210349,LO ARCAYA,CALLE,4,4,"[-70.57519688961068, -33.391230697524925]","POLYGON((-70.57519688961068 -33.391230697524925, -70.57502968968289 -33.39136052144349, -70.57481062652238 -33.39116199177187, -70.57497782642032 -33.39103216814618, -70.57519688961068 -33.391230697524925))"
151600120500043,13132021005028,309002,V1313210617,LO ARCAYA,PASAJE,4,4,"[-70.57538918929086, -33.39140159074532]","POLYGON((-70.57538918929086 -33.39140159074532, -70.57528812934183 -33.39131214820967, -70.57552219044919 -33.39112605192049, -70.57562325040671 -33.391215494267314, -70.57538918929086 -33.39140159074532))"
151600120500044,13132021005028,309005,V1313210617,LO ARCAYA,PASAJE,1,5,"[-70.57549912330367, -33.39150020952005]","POLYGON((-70.57549912330367 -33.39150020952005, -70.57538918929086 -33.39140159074532, -70.57562474003926 -33.39121682158201, -70.57573467406809 -33.39131544014983, -70.57549912330367 -33.39150020952005))"
151600120500044,13132021005028,309002,V1313210617,LO ARCAYA,PASAJE,1,5,"[-70.57549912330367, -33.39150020952005]","POLYGON((-70.57549912330367 -33.39150020952005, -70.57538918929086 -33.39140159074532, -70.57562474003926 -33.39121682158201, -70.57573467406809 -33.39131544014983, -70.57549912330367 -33.39150020952005))"
151600120700001,13132021005023,308539,V1313210506,SOTTO IL MONTE,CALLE,2,6,"[-70.57393625640093, -33.39033123177702]","POLYGON((-70.57393625640093 -33.39033123177702, -70.57401850993334 -33.39025425292057, -70.5742586493133 -33.390434815550066, -70.57417639583578 -33.390511794562364, -70.57393625640093 -33.39033123177702))"
151600120700001,13132021005023,307068,V1313210190,CONCILIO VATICANO II,CALLE,3,6,"[-70.57387193880348, -33.39033565502535]","POLYGON((-70.57387193880348 -33.39033565502535, -70.57393625640093 -33.39033123177702, -70.57396260645577 -33.390600850063294, -70.57389828866212 -33.390605273330905, -70.57387193880348 -33.39033565502535))"
151600120700001,13132021005023,308539,V1313210506,SOTTO IL MONTE,CALLE,3,6,"[-70.57387193880348, -33.39033565502535]","POLYGON((-70.57387193880348 -33.39033565502535, -70.57393625640093 -33.39033123177702, -70.57396260645577 -33.390600850063294, -70.57389828866212 -33.390605273330905, -70.57387193880348 -33.39033565502535))"
151600120700001,13132021005023,307067,V1313210190,CONCILIO VATICANO II,CALLE,3,6,"[-70.57387193880348, -33.39033565502535]","POLYGON((-70.57387193880348 -33.39033565502535, -70.57393625640093 -33.39033123177702, -70.57396260645577 -33.390600850063294, -70.57389828866212 -33.390605273330905, -70.57387193880348 -33.39033565502535))"
151600120700001,13132021005023,307067,V1313210190,CONCILIO VATICANO II,CALLE,4,6,"[-70.57370744874432, -33.390198316030215]","POLYGON((-70.57370744874432 -33.390198316030215, -70.57387193880348 -33.39033565502535, -70.57364444101947 -33.390527391704914, -70.5734799509318 -33.39039005241228, -70.57370744874432 -33.390198316030215))"
151600120700002,13132021005023,308539,V1313210506,SOTTO IL MONTE,CALLE,2,5,"[-70.57401850993334, -33.39025425292057]","POLYGON((-70.57401850993334 -33.39025425292057, -70.57414197936642 -33.390143743558184, -70.57437727609772 -33.39032873793817, -70.57425380672038 -33.39043924753054, -70.57401850993334 -33.39025425292057))"
151600120700003,13132021005023,308539,V1313210506,SOTTO IL MONTE,CALLE,3,5,"[-70.57414197936642, -33.390143743558184]","POLYGON((-70.57414197936642 -33.390143743558184, -70.57426354142815 -33.390034791414585, -70.57449898918789 -33.3902196502491, -70.57437742718183 -33.390328602619235, -70.57414197936642 -33.390143743558184))"
151600120700004,13132021005023,308539,V1313210506,SOTTO IL MONTE,CALLE,2,5,"[-70.57426354142815, -33.390034791414585]","POLYGON((-70.57426354142815 -33.390034791414585, -70.5743823622811 -33.38992885002907, -70.57461723538809 -33.390114222299296, -70.57449841458661 -33.39022016390579, -70.57426354142815 -33.390034791414585))"
151600120700005,13132021005023,308539,V1313210506,SOTTO IL MONTE,CALLE,3,5,"[-70.5743823622811, -33.38992885002907]","POLYGON((-70.5743823622811 -33.38992885002907, -70.57450138317876 -33.38982209433296, -70.57473691362046 -33.3900068784938, -70.57461789277772 -33.39011363441179, -70.5743823622811 -33.38992885002907))"
151600120700006,13132021005023,308539,V1313210506,SOTTO IL MONTE,CALLE,2,5,"[-70.57450138317876, -33.38982209433296]","POLYGON((-70.57450138317876 -33.38982209433296, -70.5746247439093 -33.3897115858824, -70.57486013486837 -33.389896494793064, -70.57473677419402 -33.390007003473464, -70.57450138317876 -33.38982209433296))"
151600120700007,13132021005023,308539,V1313210506,SOTTO IL MONTE,CALLE,3,5,"[-70.5746247439093, -33.3897115858824]","POLYGON((-70.5746247439093 -33.3897115858824, -70.57474090121414 -33.3896070307336, -70.57497681778239 -33.3897914673985, -70.5748606605331 -33.389896022764134, -70.5746247439093 -33.3897115858824))"
151600120700008,13132021005023,308539,V1313210506,SOTTO IL MONTE,CALLE,2,5,"[-70.57474090121414, -33.3896070307336]","POLYGON((-70.57474090121414 -33.3896070307336, -70.57486965187103 -33.38949140330243, -70.57510531848106 -33.38967606440957, -70.57497656788436 -33.389791692080884, -70.57474090121414 -33.3896070307336))"
151600121700004,13132021005030,306785,V1313210118,ASCOTAN,CALLE,4,5,"[-70.57764313562761, -33.39256843749549]","POLYGON((-70.57764313562761 -33.39256843749549, -70.5775563174684 -33.392517685313656, -70.57774070313344 -33.39229574080719, -70.57782752116833 -33.39234649286506, -70.57764313562761 -33.39256843749549))"
151600121700005,13132021005030,306785,V1313210118,ASCOTAN,CALLE,1,5,"[-70.5775563174684, -33.392517685313656]","POLYGON((-70.5775563174684 -33.392517685313656, -70.57746338241286 -33.392455647591994, -70.57766419374299 -33.392243970467874, -70.57775712870331 -33.392306008043555, -70.5775563174684 -33.392517685313656))"
151600121700006,13132021005030,306785,V1313210118,ASCOTAN,CALLE,5,5,"[-70.57746338241286, -33.392455647591994]","POLYGON((-70.57746338241286 -33.392455647591994, -70.57734900073311 -33.39237882164016, -70.57755056879267 -33.39216765132356, -70.57766495035759 -33.392244477094955, -70.57746338241286 -33.392455647591994))"
151600121700007,13132021005030,306785,V1313210118,ASCOTAN,CALLE,4,5,"[-70.57734898607208, -33.39237801016598]","POLYGON((-70.57734898607208 -33.39237801016598, -70.57723449547862 -33.39230109530437, -70.57743608841895 -33.392089941805665, -70.57755057889754 -33.39216685648664, -70.57734898607208 -33.39237801016598))"
151600121700008,13132021005030,306785,V1313210118,ASCOTAN,CALLE,4,4,"[-70.57723449547862, -33.39230109530437]","POLYGON((-70.57723449547862 -33.39230109530437, -70.57714242239291 -33.39223913655948, -70.5773442213305 -33.39202812164968, -70.57743629432436 -33.39209008024914, -70.57723449547862 -33.39230109530437))"
151600121700009,13132021005030,306785,V1313210118,ASCOTAN,CALLE,1,5,"[-70.57714242239291, -33.39223913655948]","POLYGON((-70.57714242239291 -33.39223913655948, -70.57705033803612 -33.392176546595095, -70.57725336516474 -33.39196636240795, -70.5773454494328 -33.39202895222588, -70.57714242239291 -33.39223913655948))"
151600121700010,13132021005030,306785,V1313210118,ASCOTAN,CALLE,5,5,"[-70.57705033803612, -33.392176546595095]","POLYGON((-70.57705033803612 -33.392176546595095, -70.5769358609945 -33.39210035275047, -70.5771363100915 -33.39188843464773, -70.57725078701473 -33.39196462831289, -70.57705033803612 -33.392176546595095))"
151600121700011,13132021005030,306785,V1313210118,ASCOTAN,CALLE,5,6,"[-70.57693584796601, -33.392099631439926]","POLYGON((-70.57693584796601 -33.392099631439926, -70.5768375379045 -33.39202566700382, -70.57705286220308 -33.391824278646205, -70.57715117220597 -33.39189824291528, -70.57693584796601 -33.392099631439926))"
151600121700012,13132021005030,308097,V1313210418,NAZCA,CALLE,4,6,"[-70.5772953359667, -33.392758729721145]","POLYGON((-70.5772953359667 -33.392758729721145, -70.57739545985952 -33.39283185904516, -70.57718368546001 -33.39303588070686, -70.57708356149632 -33.39296275121588, -70.5772953359667 -33.392758729721145))"
151600121700013,13132021005030,308097,V1313210418,NAZCA,CALLE,2,5,"[-70.57717912512565, -33.392681836689334]","POLYGON((-70.57717912512565 -33.392681836689334, -70.57729532293494 -33.392758008410794, -70.57709674398582 -33.392971163094735, -70.57698054605052 -33.392894991193, -70.57717912512565 -33.392681836689334))"
151600121700014,13132021005030,308097,V1313210418,NAZCA,CALLE,2,5,"[-70.57708521137029, -33.39261917983359]","POLYGON((-70.57708521137029 -33.39261917983359, -70.57717911209488 -33.3926811153789, -70.57697977428484 -33.39289377096878, -70.57688587346031 -33.39283183527717, -70.57708521137029 -33.39261917983359))"
151600121700015,13132021005030,308097,V1313210418,NAZCA,CALLE,3,4,"[-70.57699304358405, -33.392557943664336]","POLYGON((-70.57699304358405 -33.392557943664336, -70.57708521137029 -33.39261917983359, -70.57688497861118 -33.392831242896335, -70.57679281072906 -33.392770006582744, -70.57699304358405 -33.392557943664336))"
151600121700016,13132021005030,308097,V1313210418,NAZCA,CALLE,3,5,"[-70.57687867519057, -33.39248183858231]","POLYGON((-70.57687867519057 -33.39248183858231, -70.57699313804093 -33.39255722098768, -70.5767939895155 -33.39277000117048, -70.57667952654275 -33.392694618586965, -70.57687867519057 -33.39248183858231))"
151600121700017,13132021005030,308097,V1313210418,NAZCA,CALLE,3,5,"[-70.57676430536652, -33.39240564322428]","POLYGON((-70.57676430536652 -33.39240564322428, -70.57687866053386 -33.392481027107976, -70.57667939391249 -33.39269372937954, -70.57656503862323 -33.392618345317736, -70.57676430536652 -33.39240564322428))"
151600121700018,13132021005030,308097,V1313210418,NAZCA,CALLE,2,5,"[-70.57667127814065, -33.39234441772844]","POLYGON((-70.57667127814065 -33.39234441772844, -70.5767642923393 -33.39240492191369, -70.576566668849 -33.39261870006694, -70.57647365454713 -33.39255819573816, -70.57667127814065 -33.39234441772844))"
151600121700019,13132021005030,308097,V1313210418,NAZCA,CALLE,3,5,"[-70.5765808860368, -33.39229217712808]","POLYGON((-70.5765808860368 -33.39229217712808, -70.57667126511424 -33.39234369641781, -70.57649000520813 -33.392567445532926, -70.57639962599497 -33.39251592611658, -70.5765808860368 -33.39229217712808))"
151600122500001,13132021005031,308097,V1313210418,NAZCA,CALLE,1,4,"[-70.57745801638593, -33.393003586658544]","POLYGON((-70.57745801638593 -33.393003586658544, -70.57727476913244 -33.39288191265758, -70.57747492627965 -33.39266979934363, -70.57765817334214 -33.3927914730578, -70.57745801638593 -33.393003586658544))"
151600122500001,13132021005031,308271,V1313210464,QUERETARO,CALLE,2,4,"[-70.57732217024429, -33.39313716348224]","POLYGON((-70.57732217024429 -33.39313716348224, -70.57745801638593 -33.393003586658544, -70.57770336577818 -33.3931791583356, -70.57756751976119 -33.39331273542137, -70.57732217024429 -33.39313716348224))"
151600122500002,13132021005031,308097,V1313210418,NAZCA,CALLE,1,4,"[-70.57727476913244, -33.39288191265758]","POLYGON((-70.57727476913244 -33.39288191265758, -70.57709597004353 -33.392762436446546, -70.577296907207 -33.39255084285938, -70.57747570611332 -33.39267031878933, -70.57727476913244 -33.39288191265758))"
151600122500003,13132021005031,308097,V1313210418,NAZCA,CALLE,4,4,"[-70.57709597004353, -33.392762436446546]","POLYGON((-70.57709597004353 -33.392762436446546, -70.57693676649797 -33.39265641895864, -70.57713728098317 -33.39244454355633, -70.57729648436435 -33.39255056079459, -70.57709597004353 -33.392762436446546))"
151600122500004,13132021005031,308097,V1313210418,NAZCA,CALLE,2,4,"[-70.57693676649797, -33.39265641895864]","POLYGON((-70.57693676649797 -33.39265641895864, -70.57681792432139 -33.39257667311882, -70.57701937605859 -33.39236542434791, -70.57713821811548 -33.39244517000036, -70.57693676649797 -33.39265641895864))"
151600122500012,13132021005031,306613,V1313210062,VITACURA,AVENIDA,4,6,"[-70.57659970148248, -33.393024506869246]","POLYGON((-70.57659970148248 -33.393024506869246, -70.57696994433124 -33.39327303966045, -70.57676844474129 -33.39348425769737, -70.57639820152012 -33.393235724322295, -70.57659970148248 -33.393024506869246))"
151600122500012,13132021005031,306572,V1313210062,VITACURA,AVENIDA,4,6,"[-70.57659970148248, -33.393024506869246]","POLYGON((-70.57659970148248 -33.393024506869246, -70.57696994433124 -33.39327303966045, -70.57676844474129 -33.39348425769737, -70.57639820152012 -33.393235724322295, -70.57659970148248 -33.393024506869246))"
151600122500013,13132021005031,306613,V1313210062,VITACURA,AVENIDA,3,5,"[-70.57648347783831, -33.3929468918706]","POLYGON((-70.57648347783831 -33.3929468918706, -70.57659968845634 -33.39302378555867, -70.57639995979508 -33.39323618351403, -70.57628374905461 -33.39315928964451, -70.57648347783831 -33.3929468918706))"
151600122500013,13132021005031,306572,V1313210062,VITACURA,AVENIDA,3,5,"[-70.57648347783831, -33.3929468918706]","POLYGON((-70.57648347783831 -33.3929468918706, -70.57659968845634 -33.39302378555867, -70.57639995979508 -33.39323618351403, -70.57628374905461 -33.39315928964451, -70.57648347783831 -33.3929468918706))"
151600122500019,13132021005031,308271,V1313210464,QUERETARO,CALLE,1,4,"[-70.57710213556837, -33.393359650035926]","POLYGON((-70.57710213556837 -33.393359650035926, -70.57732217024429 -33.39313716348224, -70.57757037647578 -33.39330988696622, -70.5773503420339 -33.39353237394845, -70.57710213556837 -33.393359650035926))"
151600124100006,13132021004005,307175,V1313210214,DOCTORA MARIA FIGUEROA,CALLE,2,4,"[-70.58784628592112, -33.395042982815525]","POLYGON((-70.58784628592112 -33.395042982815525, -70.58775942518916 -33.39518541323493, -70.58747230817482 -33.39506221175726, -70.58755916926964 -33.39491978152599, -70.58784628592112 -33.395042982815525))"
151600124100007,13132021004005,307175,V1313210214,DOCTORA MARIA FIGUEROA,CALLE,3,4,"[-70.58800359507114, -33.39478385402382]","POLYGON((-70.58800359507114 -33.39478385402382, -70.58784628592112 -33.395042982815525, -70.58755889859188 -33.39492022638224, -70.58771620840457 -33.394661097931404, -70.58800359507114 -33.39478385402382))"
151600124100009,13132021004005,307175,V1313210214,DOCTORA MARIA FIGUEROA,CALLE,3,5,"[-70.5880635300885, -33.39468613875997]","POLYGON((-70.5880635300885 -33.39468613875997, -70.58800359507114 -33.39478385402382, -70.58771682346318 -33.39466008999552, -70.58777675872828 -33.39456237486139, -70.5880635300885 -33.39468613875997))"
151600132100008,13132021007020,308871,V1313210573,BROWN,PASAJE,4,4,"[-70.59046221135213, -33.39354479345615]","POLYGON((-70.59046221135213 -33.39354479345615, -70.59035593203693 -33.39346489978725, -70.59057116160382 -33.39326343922189, -70.5906774408552 -33.393343332710295, -70.59046221135213 -33.39354479345615))"
151600132100009,13132021007020,308871,V1313210573,BROWN,PASAJE,1,4,"[-70.59035593203693, -33.39346489978725]","POLYGON((-70.59035593203693 -33.39346489978725, -70.5902619647604 -33.39339395682637, -70.59047770737413 -33.3931928828842, -70.5905716745958 -33.393263825685075, -70.59035593203693 -33.39346489978725))"
151600132100010,13132021007020,308871,V1313210573,BROWN,PASAJE,4,4,"[-70.5902619647604, -33.39339395682637]","POLYGON((-70.5902619647604 -33.39339395682637, -70.590174330381 -33.39332834368061, -70.59038907884317 -33.39312652240548, -70.59047671316858 -33.393192135402785, -70.5902619647604 -33.39339395682637))"
151600132100011,13132021007020,308871,V1313210573,BROWN,PASAJE,2,4,"[-70.5901744247289, -33.39332762099718]","POLYGON((-70.5901744247289 -33.39332762099718, -70.59007337425109 -33.39325144779766, -70.59028893272992 -33.39305023518317, -70.59038998314811 -33.39312640821078, -70.5901744247289 -33.39332762099718))"
151600132100012,13132021007020,308871,V1313210573,BROWN,PASAJE,4,4,"[-70.59007337425109, -33.39325144779766]","POLYGON((-70.59007337425109 -33.39325144779766, -70.59000002610729 -33.39319692446601, -70.59021391351222 -33.3929944610336, -70.59028726160884 -33.39304898424158, -70.59007337425109 -33.39325144779766))"
151600132100032,13132021007020,306962,V1313210167,CANDELARIA GOYENECHEA,CALLE,1,4,"[-70.58926420106067, -33.393638875925944]","POLYGON((-70.58926420106067 -33.393638875925944, -70.58935537067975 -33.39370381314133, -70.5891466305363 -33.3939100233973, -70.58905546084422 -33.393845086032336, -70.58926420106067 -33.393638875925944))"
151600132100033,13132021007020,306962,V1313210167,CANDELARIA GOYENECHEA,CALLE,3,4,"[-70.58915606834283, -33.39356342398407]","POLYGON((-70.58915606834283 -33.39356342398407, -70.58926418628823 -33.393638064456596, -70.58905924971798 -33.393846941851116, -70.58895113167407 -33.39377230120485, -70.58915606834283 -33.39356342398407))"
151600132100034,13132021007020,306960,V1313210167,CANDELARIA GOYENECHEA,CALLE,2,4,"[-70.58901659237017, -33.393467089880694]","POLYGON((-70.58901659237017 -33.393467089880694, -70.58915605521273 -33.393562702677954, -70.58895196894396 -33.39377216494537, -70.58881250597098 -33.39367655192503, -70.58901659237017 -33.393467089880694))"
151600132100034,13132021007020,306948,V1313210167,CANDELARIA GOYENECHEA,CALLE,2,4,"[-70.58901659237017, -33.393467089880694]","POLYGON((-70.58901659237017 -33.393467089880694, -70.58915605521273 -33.393562702677954, -70.58895196894396 -33.39377216494537, -70.58881250597098 -33.39367655192503, -70.58901659237017 -33.393467089880694))"
151600132100034,13132021007020,306962,V1313210167,CANDELARIA GOYENECHEA,CALLE,2,4,"[-70.58901659237017, -33.393467089880694]","POLYGON((-70.58901659237017 -33.393467089880694, -70.58915605521273 -33.393562702677954, -70.58895196894396 -33.39377216494537, -70.58881250597098 -33.39367655192503, -70.58901659237017 -33.393467089880694))"
151600132100034,13132021007020,306782,V1313210117,ASCENCIO DE ZAVALA,CALLE,3,4,"[-70.58906931814455, -33.39342231447155]","POLYGON((-70.58906931814455 -33.39342231447155, -70.58901659237017 -33.393467089880694, -70.58878715505023 -33.39327698193934, -70.58883988083566 -33.39323220662632, -70.58906931814455 -33.39342231447155))"
151600132100035,13132021007020,306782,V1313210117,ASCENCIO DE ZAVALA,CALLE,4,4,"[-70.58914266890845, -33.393358877274096]","POLYGON((-70.58914266890845 -33.393358877274096, -70.58907017803658 -33.39342230345822, -70.58883738418348 -33.39323508889585, -70.58890987508046 -33.393171662845546, -70.58914266890845 -33.393358877274096))"
151600132100036,13132021007020,306782,V1313210117,ASCENCIO DE ZAVALA,CALLE,2,5,"[-70.58923561074012, -33.3932790461036]","POLYGON((-70.58923561074012 -33.3932790461036, -70.58914352879982 -33.39335886626027, -70.58891177693549 -33.39317074440222, -70.58900385890372 -33.39309092441487, -70.58923561074012 -33.3932790461036))"
151600132100037,13132021007020,306782,V1313210117,ASCENCIO DE ZAVALA,CALLE,3,4,"[-70.58931522252188, -33.39321110957832]","POLYGON((-70.58931522252188 -33.39321110957832, -70.58923647063068 -33.39327903508915, -70.5890052788301 -33.3930904291504, -70.5890840307434 -33.393022503784074, -70.58931522252188 -33.39321110957832))"
151600132100038,13132021007020,306777,V1313210117,ASCENCIO DE ZAVALA,CALLE,2,4,"[-70.58941799938044, -33.39312231422978]","POLYGON((-70.58941799938044 -33.39312231422978, -70.58931608241171 -33.393211098563334, -70.58908377665368 -33.39302345839044, -70.58918569365566 -33.392934674244664, -70.58941799938044 -33.39312231422978))"
151600132100038,13132021007020,308860,V1313210567,ASCENCIO DE ZAVALA,PASAJE,2,4,"[-70.58941799938044, -33.39312231422978]","POLYGON((-70.58941799938044 -33.39312231422978, -70.58931608241171 -33.393211098563334, -70.58908377665368 -33.39302345839044, -70.58918569365566 -33.392934674244664, -70.58941799938044 -33.39312231422978))"
151600132100038,13132021007020,306782,V1313210117,ASCENCIO DE ZAVALA,CALLE,2,4,"[-70.58941799938044, -33.39312231422978]","POLYGON((-70.58941799938044 -33.39312231422978, -70.58931608241171 -33.393211098563334, -70.58908377665368 -33.39302345839044, -70.58918569365566 -33.392934674244664, -70.58941799938044 -33.39312231422978))"
151600132100039,13132021007020,306777,V1313210117,ASCENCIO DE ZAVALA,CALLE,4,6,"[-70.58950744455986, -33.39304532336804]","POLYGON((-70.58950744455986 -33.39304532336804, -70.58941896675549 -33.39312230183715, -70.58918680419183 -33.39293453721824, -70.58927528202454 -33.39285755891207, -70.58950744455986 -33.39304532336804))"
151600135100002,13132021007019,305673,V1313210005,AMERICO VESPUCIO NORTE,AVENIDA,2,11,"[-70.59100856328695, -33.39344327543027]","POLYGON((-70.59100856328695 -33.39344327543027, -70.59123390765268 -33.39326632992179, -70.59145429990133 -33.39346382382243, -70.59122895550622 -33.39364076972777, -70.59100856328695 -33.39344327543027))"
151600135100002,13132021007019,305673,V1313210005,AMERICO VESPUCIO NORTE,AVENIDA,3,11,"[-70.59087175473073, -33.39357011527957]","POLYGON((-70.59087175473073 -33.39357011527957, -70.59100856328695 -33.39344327543027, -70.5912477073171 -33.39362477097152, -70.59111089884614 -33.393751611079146, -70.59087175473073 -33.39357011527957))"
151600135100018,13132021007019,308871,V1313210573,BROWN,PASAJE,3,5,"[-70.58970684181449, -33.39286032586422]","POLYGON((-70.58970684181449 -33.39286032586422, -70.59000002794744 -33.39307896340597, -70.58978575792125 -33.39328114214011, -70.58949257160327 -33.39306250410296, -70.58970684181449 -33.39286032586422))"
151600135100018,13132021007019,306784,V1313210117,ASCENCIO DE ZAVALA,CALLE,4,5,"[-70.58986774247951, -33.3927221760776]","POLYGON((-70.58986774247951 -33.3927221760776, -70.58970684181449 -33.39286032586422, -70.5894761646918 -33.39267127801804, -70.58963706539863 -33.39253312852612, -70.58986774247951 -33.3927221760776))"
151600135100019,13132021007019,306784,V1313210117,ASCENCIO DE ZAVALA,CALLE,3,4,"[-70.58997857872288, -33.39262732484007]","POLYGON((-70.58997857872288 -33.39262732484007, -70.58986860236429 -33.39272216505892, -70.58963743323292 -33.39253354090826, -70.58974740962226 -33.3924387008912, -70.58997857872288 -33.39262732484007))"
151600135100020,13132021007019,306784,V1313210117,ASCENCIO DE ZAVALA,CALLE,3,5,"[-70.59017444196074, -33.392454997693505]","POLYGON((-70.59017444196074 -33.392454997693505, -70.58997954609217 -33.392627312443224, -70.58974559498678 -33.39244111768573, -70.58994049093239 -33.39226880329728, -70.59017444196074 -33.392454997693505))"
151600135100020,13132021007019,306784,V1313210117,ASCENCIO DE ZAVALA,CALLE,4,5,"[-70.59022349906631, -33.39242136149351]","POLYGON((-70.59022349906631 -33.39242136149351, -70.59017444196074 -33.392454997693505, -70.58997034736677 -33.392245543323575, -70.59001940444006 -33.39221190720438, -70.59022349906631 -33.39242136149351))"
151600135700003,13132021007018,306781,V1313210117,ASCENCIO DE ZAVALA,CALLE,5,5,"[-70.59119364527578, -33.39181821642638]","POLYGON((-70.59119364527578 -33.39181821642638, -70.59108280424857 -33.39188907976605, -70.59088732232136 -33.391673923238585, -70.59099816324877 -33.39160306007461, -70.59119364527578 -33.39181821642638))"
151600135700004,13132021007018,306781,V1313210117,ASCENCIO DE ZAVALA,CALLE,4,5,"[-70.59132149462339, -33.39173676365667]","POLYGON((-70.59132149462339 -33.39173676365667, -70.59119364527578 -33.39181821642638, -70.59099859472079 -33.39160278470481, -70.5911264439518 -33.39152133213738, -70.59132149462339 -33.39173676365667))"
151600135700005,13132021007018,306781,V1313210117,ASCENCIO DE ZAVALA,CALLE,4,5,"[-70.59143319513333, -33.3916658890843]","POLYGON((-70.59143319513333 -33.3916658890843, -70.59132235614126 -33.391736842791396, -70.59112671494077 -33.391521788397505, -70.59123755383351 -33.391450834866234, -70.59143319513333 -33.3916658890843))"
151600135900001,13132021007016,305664,V1313210005,AMERICO VESPUCIO NORTE,AVENIDA,1,5,"[-70.59255267534131, -33.39222500662496]","POLYGON((-70.59255267534131 -33.39222500662496, -70.59292994841769 -33.39203167843303, -70.59309806660465 -33.39226253230499, -70.59272079294588 -33.3924558610199, -70.59255267534131 -33.39222500662496))"
151600135900001,13132021007016,306650,V1313210066,ALCALDE JOSE RAMON CASTRO,CALLE,2,5,"[-70.59229241652876, -33.39191973643473]","POLYGON((-70.59229241652876 -33.39191973643473, -70.59255267534131 -33.39222500662496, -70.59229036092721 -33.3923823712745, -70.59203010251652 -33.392077100528034, -70.59229241652876 -33.39191973643473))"
151600135900001,13132021007016,305979,V1313210035,FRANCISCO DE AGUIRRE,AVENIDA,2,5,"[-70.59229241652876, -33.39191973643473]","POLYGON((-70.59229241652876 -33.39191973643473, -70.59255267534131 -33.39222500662496, -70.59229036092721 -33.3923823712745, -70.59203010251652 -33.392077100528034, -70.59229241652876 -33.39191973643473))"
151600135900001,13132021007016,305968,V1313210035,FRANCISCO DE AGUIRRE,AVENIDA,2,5,"[-70.59229241652876, -33.39191973643473]","POLYGON((-70.59229241652876 -33.39191973643473, -70.59255267534131 -33.39222500662496, -70.59229036092721 -33.3923823712745, -70.59203010251652 -33.392077100528034, -70.59229241652876 -33.39191973643473))"
151600135900004,13132021007016,305664,V1313210005,AMERICO VESPUCIO NORTE,AVENIDA,3,4,"[-70.59337246922809, -33.39180251972335]","POLYGON((-70.59337246922809 -33.39180251972335, -70.59361569052245 -33.39167485155962, -70.59378675699168 -33.39190417587634, -70.59354353533678 -33.392031844382515, -70.59337246922809 -33.39180251972335))"
151600135900005,13132021007016,305664,V1313210005,AMERICO VESPUCIO NORTE,AVENIDA,2,4,"[-70.59361569052245, -33.39167485155962]","POLYGON((-70.59361569052245 -33.39167485155962, -70.59376231358291 -33.39159721346974, -70.59393445356818 -33.39182597172883, -70.59378783029372 -33.391903610026304, -70.59361569052245 -33.39167485155962))"
151600135900022,13132021007016,308184,V1313210434,PADRE ROMAN,CALLE,2,4,"[-70.59522945865233, -33.39082459920533]","POLYGON((-70.59522945865233 -33.39082459920533, -70.59507560816473 -33.390653603825214, -70.59533300859803 -33.39049063538158, -70.5954868592757 -33.39066163044031, -70.59522945865233 -33.39082459920533))"
151600135900022,13132021007016,305664,V1313210005,AMERICO VESPUCIO NORTE,AVENIDA,3,4,"[-70.59504621407416, -33.3909336429776]","POLYGON((-70.59504621407416 -33.3909336429776, -70.59522945865233 -33.39082459920533, -70.59541604624913 -33.391045241213504, -70.59523280146409 -33.391154285264534, -70.59504621407416 -33.3909336429776))"
151600135900023,13132021007016,308184,V1313210434,PADRE ROMAN,CALLE,2,4,"[-70.59507570246991, -33.39065288113907]","POLYGON((-70.59507570246991 -33.39065288113907, -70.59500591042281 -33.39057531807011, -70.59526330257259 -33.39041234066419, -70.59533309470586 -33.39048990358735, -70.59507570246991 -33.39065288113907))"
151600135900024,13132021007016,308184,V1313210434,PADRE ROMAN,CALLE,1,4,"[-70.59500591042281, -33.39057531807011]","POLYGON((-70.59500591042281 -33.39057531807011, -70.59490756527777 -33.39046484401268, -70.59516595419092 -33.3903029806525, -70.59526429946334 -33.39041345450356, -70.59500591042281 -33.39057531807011))"
151600135900026,13132021007016,305968,V1313210035,FRANCISCO DE AGUIRRE,AVENIDA,4,5,"[-70.59221027022407, -33.391824924768]","POLYGON((-70.59221027022407 -33.391824924768, -70.59229240337355 -33.39191901512952, -70.5920322095876 -33.39207883691362, -70.5919500765537 -33.39198474637829, -70.59221027022407 -33.391824924768))"
151600135900027,13132021007016,305968,V1313210035,FRANCISCO DE AGUIRRE,AVENIDA,2,4,"[-70.59213596101107, -33.39174128550797]","POLYGON((-70.59213596101107 -33.39174128550797, -70.59221025706958 -33.39182420346274, -70.59195246519012 -33.391986740763194, -70.59187816922514 -33.39190382265297, -70.59213596101107 -33.39174128550797))"
151600135900027,13132021007016,306780,V1313210117,ASCENCIO DE ZAVALA,CALLE,3,4,"[-70.59220482319937, -33.39169720357388]","POLYGON((-70.59220482319937 -33.39169720357388, -70.59213596101107 -33.39174128550797, -70.59194032054779 -33.39152623072996, -70.59200918267437 -33.39148214890509, -70.59220482319937 -33.39169720357388))"
151600135900028,13132021007016,306780,V1313210117,ASCENCIO DE ZAVALA,CALLE,6,6,"[-70.59235500460473, -33.39160238645447]","POLYGON((-70.59235500460473 -33.39160238645447, -70.59220568307309 -33.39169719253929, -70.5920110585403 -33.39148149015073, -70.59216037993407 -33.391386684301715, -70.59235500460473 -33.39160238645447))"
151600135900029,13132021007016,306780,V1313210117,ASCENCIO DE ZAVALA,CALLE,3,4,"[-70.59251509123601, -33.39150248188767]","POLYGON((-70.59251509123601 -33.39150248188767, -70.59235500460473 -33.39160238645447, -70.59216251419006 -33.39138534084913, -70.59232260066453 -33.39128543653266, -70.59251509123601 -33.39150248188767))"
151600135900033,13132021007016,306783,V1313210117,ASCENCIO DE ZAVALA,CALLE,3,4,"[-70.59316591697325, -33.391094069355105]","POLYGON((-70.59316591697325 -33.391094069355105, -70.59293707960163 -33.39123814586557, -70.59274349656805 -33.39102178570267, -70.59297233372209 -33.390877709551866, -70.59316591697325 -33.391094069355105))"
151600135900035,13132021007016,306783,V1313210117,ASCENCIO DE ZAVALA,CALLE,3,4,"[-70.59331345032786, -33.39100153970934]","POLYGON((-70.59331345032786 -33.39100153970934, -70.59316677684063 -33.391094058314046, -70.59297296292974 -33.39087784387036, -70.59311963627839 -33.390785325496424, -70.59331345032786 -33.39100153970934))"
151600136700025,13132021007004,307289,V1313210243,ESCRIBANO DIEGO RUTAL,CALLE,1,5,"[-70.5925937574245, -33.38708613974345]","POLYGON((-70.5925937574245 -33.38708613974345, -70.59259108611612 -33.387045771456506, -70.59291306346606 -33.387030776794575, -70.5929157349223 -33.38707114507028, -70.5925937574245 -33.38708613974345))"
151600136700025,13132021007004,305746,V1313210015,AVENIDA MONSENOR ESCRIVA DE BALAGUER,AVENIDA,1,5,"[-70.5925937574245, -33.38708613974345]","POLYGON((-70.5925937574245 -33.38708613974345, -70.59259108611612 -33.387045771456506, -70.59291306346606 -33.387030776794575, -70.5929157349223 -33.38707114507028, -70.5925937574245 -33.38708613974345))"
151600136700025,13132021007004,307289,V1313210243,ESCRIBANO DIEGO RUTAL,CALLE,2,5,"[-70.59240060141688, -33.38727043033803]","POLYGON((-70.59240060141688 -33.38727043033803, -70.5925937574245 -33.38708613974345, -70.59283593325767 -33.387264767301346, -70.59264277739787 -33.38744905826445, -70.59240060141688 -33.38727043033803))"
151600136700025,13132021007004,305748,V1313210015,AVENIDA MONSENOR ESCRIVA DE BALAGUER,AVENIDA,5,5,"[-70.59259108611612, -33.387045771456506]","POLYGON((-70.59259108611612 -33.387045771456506, -70.59244539187063 -33.38693229561209, -70.59266480153407 -33.38673404611221, -70.59281049571217 -33.38684752170378, -70.59259108611612 -33.387045771456506))"
151600136700026,13132021007004,305748,V1313210015,AVENIDA MONSENOR ESCRIVA DE BALAGUER,AVENIDA,2,5,"[-70.59244537871665, -33.386931574306345]","POLYGON((-70.59244537871665 -33.386931574306345, -70.59229958949288 -33.38681286881039, -70.59252418362688 -33.38661874823016, -70.5926699728096 -33.386737453466274, -70.59244537871665 -33.386931574306345))"
151600140100001,13132041005021,308911,V1313210591,EMBAJADOR DOUSSINAGUE,PASAJE,2,4,"[-70.56837253945284, -33.38821488516391]","POLYGON((-70.56837253945284 -33.38821488516391, -70.56856832783915 -33.388311793811766, -70.56840445349117 -33.388544784325255, -70.56820866474274 -33.388447875432206, -70.56837253945284 -33.38821488516391))"
151600140100001,13132041005021,307282,V1313210242,EMBAJADOR DOUSSINAGUE,CALLE,3,4,"[-70.56843330919548, -33.38812672803259]","POLYGON((-70.56843330919548 -33.38812672803259, -70.56837253945284 -33.38821488516391, -70.56809337544519 -33.388079461189925, -70.56815414538683 -33.387991304188034, -70.56843330919548 -33.38812672803259))"
151600140100002,13132041005021,308911,V1313210591,EMBAJADOR DOUSSINAGUE,PASAJE,2,4,"[-70.56856834241631, -33.38831260528989]","POLYGON((-70.56856834241631 -33.38831260528989, -70.56869973816406 -33.38837975511095, -70.5685319630691 -33.38861078370096, -70.56840056708792 -33.38854363371099, -70.56856834241631 -33.38831260528989))"
151600140100003,13132041005021,308911,V1313210591,EMBAJADOR DOUSSINAGUE,PASAJE,2,4,"[-70.56869973816406, -33.38837975511095]","POLYGON((-70.56869973816406 -33.38837975511095, -70.56881865224939 -33.38844029874914, -70.56865133555895 -33.38867156121257, -70.56853242126132 -33.388611017421944, -70.56869973816406 -33.38837975511095))"
151600140100004,13132041005021,308910,V1313210591,EMBAJADOR DOUSSINAGUE,PASAJE,1,4,"[-70.56898674813084, -33.38852763652867]","POLYGON((-70.56898674813084 -33.38852763652867, -70.56905563473451 -33.38843053836486, -70.56933275176422 -33.38856889070953, -70.5692638653724 -33.38866598901934, -70.56898674813084 -33.38852763652867))"
151600140100004,13132041005021,308907,V1313210591,EMBAJADOR DOUSSINAGUE,PASAJE,1,4,"[-70.56898674813084, -33.38852763652867]","POLYGON((-70.56898674813084 -33.38852763652867, -70.56905563473451 -33.38843053836486, -70.56933275176422 -33.38856889070953, -70.5692638653724 -33.38866598901934, -70.56898674813084 -33.38852763652867))"
151600140100004,13132041005021,308911,V1313210591,EMBAJADOR DOUSSINAGUE,PASAJE,1,4,"[-70.56898674813084, -33.38852763652867]","POLYGON((-70.56898674813084 -33.38852763652867, -70.56905563473451 -33.38843053836486, -70.56933275176422 -33.38856889070953, -70.5692638653724 -33.38866598901934, -70.56898674813084 -33.38852763652867))"
151600140100004,13132041005021,308911,V1313210591,EMBAJADOR DOUSSINAGUE,PASAJE,2,4,"[-70.56881866520898, -33.388441020062935]","POLYGON((-70.56881866520898 -33.388441020062935, -70.56898674813084 -33.38852763652867, -70.5688179537802 -33.38875814216564, -70.568649870563 -33.388671525482366, -70.56881866520898 -33.388441020062935))"
151600140100005,13132041005021,308907,V1313210591,EMBAJADOR DOUSSINAGUE,PASAJE,1,4,"[-70.56905563473451, -33.38843053836486]","POLYGON((-70.56905563473451 -33.38843053836486, -70.56912976238965 -33.38832597873971, -70.56940693029951 -33.388464258862186, -70.5693328028727 -33.38856881864445, -70.56905563473451 -33.38843053836486))"
151600140100006,13132041005021,308907,V1313210591,EMBAJADOR DOUSSINAGUE,PASAJE,4,4,"[-70.56913062386005, -33.388326058030216]","POLYGON((-70.56913062386005 -33.388326058030216, -70.56920402651778 -33.38822304067028, -70.56948082851889 -33.38836183515472, -70.56940742608472 -33.3884648526701, -70.56913062386005 -33.388326058030216))"
151600140100007,13132041005021,308906,V1313210591,EMBAJADOR DOUSSINAGUE,PASAJE,1,4,"[-70.56927101850025, -33.388128220968504]","POLYGON((-70.56927101850025 -33.388128220968504, -70.56909305919494 -33.38804236106215, -70.56925383328065 -33.387807855969214, -70.56943179224687 -33.387893715657384, -70.56927101850025 -33.388128220968504))"
151600140100007,13132041005021,308907,V1313210591,EMBAJADOR DOUSSINAGUE,PASAJE,2,4,"[-70.56920488636686, -33.38822302979609]","POLYGON((-70.56920488636686 -33.38822302979609, -70.56927101850025 -33.388128220968504, -70.56954935000837 -33.38826484551546, -70.56948321808609 -33.388359654483594, -70.56920488636686 -33.38822302979609))"
151600140100008,13132041005021,308906,V1313210591,EMBAJADOR DOUSSINAGUE,PASAJE,4,4,"[-70.56909304623326, -33.38804163974841]","POLYGON((-70.56909304623326 -33.38804163974841, -70.5689625769897 -33.38797817619519, -70.56912433838009 -33.38774414943959, -70.56925480737736 -33.38780761283176, -70.56909304623326 -33.38804163974841))"
151600140100009,13132041005021,308906,V1313210591,EMBAJADOR DOUSSINAGUE,PASAJE,4,4,"[-70.56896256402912, -33.3879774548814]","POLYGON((-70.56896256402912 -33.3879774548814, -70.56883740202903 -33.387916178702255, -70.56899994514143 -33.38768253346739, -70.569125106907 -33.387743809491205, -70.56896256402912 -33.3879774548814))"
151600140100010,13132041005021,307282,V1313210242,EMBAJADOR DOUSSINAGUE,CALLE,3,4,"[-70.56850395690181, -33.38802591033008]","POLYGON((-70.56850395690181 -33.38802591033008, -70.56843330919548 -33.38812672803259, -70.56815530610592 -33.3879896341659, -70.56822595403551 -33.38788881661342, -70.56850395690181 -33.38802591033008))"
151600140100011,13132041005021,307282,V1313210242,EMBAJADOR DOUSSINAGUE,CALLE,2,4,"[-70.56857636683488, -33.38792146292255]","POLYGON((-70.56857636683488 -33.38792146292255, -70.56850395690181 -33.38802591033008, -70.5682251930604 -33.38788990839175, -70.5682976032277 -33.387785461138286, -70.56857636683488 -33.38792146292255))"
151600140100012,13132041005021,307282,V1313210242,EMBAJADOR DOUSSINAGUE,CALLE,2,4,"[-70.56864604851003, -33.387820747538235]","POLYGON((-70.56864604851003 -33.387820747538235, -70.56857636683488 -33.38792146292255, -70.56829746120256 -33.38778566620798, -70.56836714310411 -33.38768495097201, -70.56864604851003 -33.387820747538235))"
151600140100012,13132041005021,308906,V1313210591,EMBAJADOR DOUSSINAGUE,PASAJE,3,4,"[-70.56883738906951, -33.38791545738842]","POLYGON((-70.56883738906951 -33.38791545738842, -70.56864604851003 -33.387820747538235, -70.56880992454293 -33.38758775853071, -70.56900126474852 -33.38768246814126, -70.56883738906951 -33.38791545738842))"
151600140300001,13132041005020,308904,V1313210591,EMBAJADOR DOUSSINAGUE,PASAJE,2,4,"[-70.56900546664247, -33.3873137841803]","POLYGON((-70.56900546664247 -33.3873137841803, -70.56922185632727 -33.38742053201623, -70.56905839153099 -33.387653724042714, -70.56884200144435 -33.38754697593656, -70.56900546664247 -33.3873137841803))"
151600140300001,13132041005020,307280,V1313210242,EMBAJADOR DOUSSINAGUE,CALLE,3,4,"[-70.56907438041605, -33.38721226660992]","POLYGON((-70.56907438041605 -33.38721226660992, -70.56900546664247 -33.3873137841803, -70.5687252429252 -33.38717991362655, -70.56879415693189 -33.3870783962033, -70.56907438041605 -33.38721226660992))"
151600140300002,13132041005020,308904,V1313210591,EMBAJADOR DOUSSINAGUE,PASAJE,2,4,"[-70.56922186928972, -33.38742125333002]","POLYGON((-70.56922186928972 -33.38742125333002, -70.56933630601583 -33.387477975176935, -70.56917226373969 -33.38771088168713, -70.5690578268023 -33.38765415969675, -70.56922186928972 -33.38742125333002))"
151600140300003,13132041005020,308904,V1313210591,EMBAJADOR DOUSSINAGUE,PASAJE,2,4,"[-70.56933631897927, -33.38747869649067]","POLYGON((-70.56933631897927 -33.38747869649067, -70.56944534132478 -33.38753323209494, -70.56928018351458 -33.38776558317508, -70.56917116097001 -33.387711047433086, -70.56933631897927 -33.38747869649067))"
151600140300004,13132041005020,308905,V1313210591,EMBAJADOR DOUSSINAGUE,PASAJE,1,4,"[-70.56963316275714, -33.38762951836861]","POLYGON((-70.56963316275714 -33.38762951836861, -70.5697081904412 -33.3875152972592, -70.56999062700407 -33.38764585563133, -70.56991559959155 -33.387760076901735, -70.56963316275714 -33.38762951836861))"
151600140300004,13132041005020,308912,V1313210591,EMBAJADOR DOUSSINAGUE,PASAJE,1,4,"[-70.56963316275714, -33.38762951836861]","POLYGON((-70.56963316275714 -33.38762951836861, -70.5697081904412 -33.3875152972592, -70.56999062700407 -33.38764585563133, -70.56991559959155 -33.387760076901735, -70.56963316275714 -33.38762951836861))"
151600140300004,13132041005020,308904,V1313210591,EMBAJADOR DOUSSINAGUE,PASAJE,1,4,"[-70.56963316275714, -33.38762951836861]","POLYGON((-70.56963316275714 -33.38762951836861, -70.5697081904412 -33.3875152972592, -70.56999062700407 -33.38764585563133, -70.56991559959155 -33.387760076901735, -70.56963316275714 -33.38762951836861))"
151600140300004,13132041005020,308904,V1313210591,EMBAJADOR DOUSSINAGUE,PASAJE,2,4,"[-70.56944535428913, -33.38753395340863]","POLYGON((-70.56944535428913 -33.38753395340863, -70.56963316275714 -33.38762951836861, -70.56946591979782 -33.38786081751242, -70.56927811099423 -33.38776525231184, -70.56944535428913 -33.38753395340863))"
151600140300005,13132041005020,308905,V1313210591,EMBAJADOR DOUSSINAGUE,PASAJE,1,4,"[-70.56970915776336, -33.38751528502202]","POLYGON((-70.56970915776336 -33.38751528502202, -70.56977612324272 -33.387413070244925, -70.5700587314438 -33.38754336645832, -70.56999176620806 -33.387645581379154, -70.56970915776336 -33.38751528502202))"
151600140300006,13132041005020,308905,V1313210591,EMBAJADOR DOUSSINAGUE,PASAJE,4,4,"[-70.56977709056369, -33.38741305800725]","POLYGON((-70.56977709056369 -33.38741305800725, -70.56983872029387 -33.38731902732374, -70.57012130041635 -33.38744936591251, -70.5700596709102 -33.38754339672831, -70.56977709056369 -33.38741305800725))"
151600140300007,13132041005020,308905,V1313210591,EMBAJADOR DOUSSINAGUE,PASAJE,1,4,"[-70.56983968761378, -33.3873190150856]","POLYGON((-70.56983968761378 -33.3873190150856, -70.56990497202258 -33.387218985942056, -70.57018782855336 -33.38734890140356, -70.57012254438389 -33.38744893068734, -70.56983968761378 -33.3873190150856))"
151600140300007,13132041005020,308903,V1313210591,EMBAJADOR DOUSSINAGUE,PASAJE,4,4,"[-70.56990497202258, -33.387218985942056]","POLYGON((-70.56990497202258 -33.387218985942056, -70.56971181612091 -33.38712493198153, -70.56987370104773 -33.38689096616585, -70.57006685658519 -33.38698501988775, -70.56990497202258 -33.387218985942056))"
151600140300008,13132041005020,308903,V1313210591,EMBAJADOR DOUSSINAGUE,PASAJE,4,4,"[-70.56971180153377, -33.38712412050369]","POLYGON((-70.56971180153377 -33.38712412050369, -70.56960093943283 -33.38706888691921, -70.56976560603121 -33.38683629128162, -70.56987646792872 -33.38689152472653, -70.56971180153377 -33.38712412050369))"
151600140300009,13132041005020,308903,V1313210591,EMBAJADOR DOUSSINAGUE,PASAJE,1,5,"[-70.56960092646743, -33.38706816560551]","POLYGON((-70.56960092646743 -33.38706816560551, -70.56948833024595 -33.38701214219104, -70.56965283569791 -33.386779466359634, -70.56976543171245 -33.386835489632496, -70.56960092646743 -33.38706816560551))"
151600140300010,13132041005020,307280,V1313210242,EMBAJADOR DOUSSINAGUE,CALLE,3,4,"[-70.56913959812266, -33.387120445507485]","POLYGON((-70.56913959812266 -33.387120445507485, -70.56907438041605 -33.38721226660992, -70.56879735270567 -33.38707379442991, -70.5688625706123 -33.38698197346565, -70.56913959812266 -33.387120445507485))"
151600140300011,13132041005020,307280,V1313210242,EMBAJADOR DOUSSINAGUE,CALLE,2,4,"[-70.5692129852325, -33.387016616674856]","POLYGON((-70.5692129852325 -33.387016616674856, -70.56913959812266 -33.387120445507485, -70.56886221733171 -33.386982472068475, -70.5689356046691 -33.38687864339147, -70.5692129852325 -33.387016616674856))"
151600140300012,13132041005020,307280,V1313210242,EMBAJADOR DOUSSINAGUE,CALLE,3,4,"[-70.569286214461, -33.3869099940705]","POLYGON((-70.569286214461 -33.3869099940705, -70.5692129852325 -33.387016616674856, -70.56893356981762 -33.38688156377734, -70.56900679928779 -33.38677494132902, -70.569286214461 -33.3869099940705))"
151600140300012,13132041005020,308903,V1313210591,EMBAJADOR DOUSSINAGUE,PASAJE,4,4,"[-70.56948833024595, -33.38701214219104]","POLYGON((-70.56948833024595 -33.38701214219104, -70.569286214461 -33.3869099940705, -70.56945262398443 -33.3866782731457, -70.56965473940508 -33.38678042100878, -70.56948833024595 -33.38701214219104))"
151600140500006,13132041005019,307009,V1313210175,CARMEN FARIÑA,CALLE,4,4,"[-70.57000420693925, -33.38559305274892]","POLYGON((-70.57000420693925 -33.38559305274892, -70.56986738426153 -33.38557665670534, -70.56991298479382 -33.385308851749926, -70.57004980705621 -33.38532524775593, -70.57000420693925 -33.38559305274892))"
151600140500007,13132041005019,307009,V1313210175,CARMEN FARIÑA,CALLE,4,4,"[-70.56986737129465, -33.38557593539157]","POLYGON((-70.56986737129465 -33.38557593539157, -70.56973152892954 -33.38556024827259, -70.56977550402927 -33.38529225206127, -70.56991134598128 -33.38530793914471, -70.56986737129465 -33.38557593539157))"
151600140500008,13132041005019,307009,V1313210175,CARMEN FARIÑA,CALLE,1,4,"[-70.56973151434306, -33.38555943679455]","POLYGON((-70.56973151434306 -33.38555943679455, -70.569594691757 -33.385543040447075, -70.56964029311665 -33.38527523556657, -70.5697771152874 -33.385291631876434, -70.56973151434306 -33.38555943679455))"
151600140500009,13132041005019,307009,V1313210175,CARMEN FARIÑA,CALLE,4,4,"[-70.56959467879238, -33.3855423191332]","POLYGON((-70.56959467879238 -33.3855423191332, -70.56945160633586 -33.385525099835796, -70.56949740051076 -33.38525731809887, -70.5696404725331 -33.38527453735675, -70.56959467879238 -33.3855423191332))"
151600140500010,13132041005019,308024,V1313210388,MAR NEGRO,CALLE,2,4,"[-70.56922727694818, -33.3854967330599]","POLYGON((-70.56922727694818 -33.3854967330599, -70.56919778785856 -33.38568631356667, -70.56887802825577 -33.38565130882362, -70.56890751803425 -33.38546172837188, -70.56922727694818 -33.3854967330599))"
151600140500010,13132041005019,307009,V1313210175,CARMEN FARIÑA,CALLE,3,4,"[-70.56945159337243, -33.38552437852188]","POLYGON((-70.56945159337243 -33.38552437852188, -70.56922727694818 -33.3854967330599, -70.56927414768886 -33.38522908242767, -70.56949846343322 -33.385256727825706, -70.56945159337243 -33.38552437852188))"
151600140500012,13132041005019,306879,V1313210145,BUENAVENTURA,CALLE,2,4,"[-70.57015349495137, -33.38652394429729]","POLYGON((-70.57015349495137 -33.38652394429729, -70.57030816554115 -33.386540384683336, -70.57026763071835 -33.38680876232996, -70.57011295965651 -33.386792321907734, -70.57015349495137 -33.38652394429729))"
151600140500013,13132041005019,306879,V1313210145,BUENAVENTURA,CALLE,2,4,"[-70.5700130294694, -33.38650831601498]","POLYGON((-70.5700130294694 -33.38650831601498, -70.57015348036045 -33.386523132819526, -70.57011324522333 -33.38679154221478, -70.56997279390349 -33.38677672537773, -70.5700130294694 -33.38650831601498))"
151600140500014,13132041005019,308872,V1313210574,BUENAVENTURA,PASAJE,1,4,"[-70.56991025976389, -33.38631716211806]","POLYGON((-70.56991025976389 -33.38631716211806, -70.56988700835763 -33.38649484962853, -70.56956646047111 -33.386465329817355, -70.56958971252693 -33.38628764234731, -70.56991025976389 -33.38631716211806))"
151600140500014,13132041005019,306879,V1313210145,BUENAVENTURA,CALLE,4,4,"[-70.56988700835763, -33.38649484962853]","POLYGON((-70.56988700835763 -33.38649484962853, -70.57001312397983 -33.386507593341456, -70.56997456001385 -33.38677617533102, -70.569848444006 -33.386763431590595, -70.56988700835763 -33.38649484962853))"
151600140500021,13132041005019,308872,V1313210574,BUENAVENTURA,PASAJE,1,4,"[-70.56985310057912, -33.38608574981385]","POLYGON((-70.56985310057912 -33.38608574981385, -70.56986737503698 -33.38597680644612, -70.57018791620902 -33.38600636359028, -70.57017364214941 -33.38611530698284, -70.56985310057912 -33.38608574981385))"
151600140500022,13132041005019,308872,V1313210574,BUENAVENTURA,PASAJE,1,4,"[-70.56983789930547, -33.386196959522245]","POLYGON((-70.56983789930547 -33.386196959522245, -70.56985310057912 -33.38608574981385, -70.57017347331269 -33.38611656833411, -70.57015827244503 -33.38622777806946, -70.56983789930547 -33.386196959522245))"
151600140500023,13132041005019,308872,V1313210574,BUENAVENTURA,PASAJE,1,4,"[-70.56982357241658, -33.386308969827915]","POLYGON((-70.56982357241658 -33.386308969827915, -70.56983789930547 -33.386196959522245, -70.57015853135421 -33.3862258209815, -70.57014420487505 -33.38633783131184, -70.56982357241658 -33.386308969827915))"
151600140500024,13132041005019,308872,V1313210574,BUENAVENTURA,PASAJE,1,4,"[-70.56980124762423, -33.38648439098463]","POLYGON((-70.56980124762423 -33.38648439098463, -70.56982357241658 -33.386308969827915, -70.5701442231846 -33.386337687799454, -70.570121899034 -33.38651310899446, -70.56980124762423 -33.38648439098463))"
151600140500024,13132041005019,306880,V1313210145,BUENAVENTURA,CALLE,2,4,"[-70.56968136907851, -33.38647174852465]","POLYGON((-70.56968136907851 -33.38647174852465, -70.56980124762423 -33.38648439098463, -70.56976102524594 -33.386752801757545, -70.56964114633425 -33.38674015926982, -70.56968136907851 -33.38647174852465))"
151600140500025,13132041005019,306880,V1313210145,BUENAVENTURA,CALLE,2,4,"[-70.56952496606887, -33.38645460778797]","POLYGON((-70.56952496606887 -33.38645460778797, -70.56968136907851 -33.38647174852465, -70.56963959647207 -33.38673999261907, -70.56948319298569 -33.386722851844254, -70.56952496606887 -33.38645460778797))"
151600140500026,13132041005019,306882,V1313210145,BUENAVENTURA,CALLE,3,4,"[-70.56938279246191, -33.386439631686706]","POLYGON((-70.56938279246191 -33.386439631686706, -70.56952495148383 -33.386453796309944, -70.56948691762351 -33.38672243153625, -70.5693447581667 -33.38670826688262, -70.56938279246191 -33.386439631686706))"
151600140500026,13132041005019,307279,V1313210242,EMBAJADOR DOUSSINAGUE,CALLE,3,4,"[-70.56938279246191, -33.386439631686706]","POLYGON((-70.56938279246191 -33.386439631686706, -70.56952495148383 -33.386453796309944, -70.56948691762351 -33.38672243153625, -70.5693447581667 -33.38670826688262, -70.56938279246191 -33.386439631686706))"
151600140500026,13132041005019,306880,V1313210145,BUENAVENTURA,CALLE,3,4,"[-70.56938279246191, -33.386439631686706]","POLYGON((-70.56938279246191 -33.386439631686706, -70.56952495148383 -33.386453796309944, -70.56948691762351 -33.38672243153625, -70.5693447581667 -33.38670826688262, -70.56938279246191 -33.386439631686706))"
151600140500027,13132041005019,306882,V1313210145,BUENAVENTURA,CALLE,2,4,"[-70.56926299395575, -33.38642545466742]","POLYGON((-70.56926299395575 -33.38642545466742, -70.56938277949861 -33.38643891037286, -70.56933998131393 -33.38670704069444, -70.56922019540633 -33.386693584958785, -70.56926299395575 -33.38642545466742))"
151600140500027,13132041005019,307279,V1313210242,EMBAJADOR DOUSSINAGUE,CALLE,2,4,"[-70.56926299395575, -33.38642545466742]","POLYGON((-70.56926299395575 -33.38642545466742, -70.56938277949861 -33.38643891037286, -70.56933998131393 -33.38670704069444, -70.56922019540633 -33.386693584958785, -70.56926299395575 -33.38642545466742))"
151600140500027,13132041005019,307278,V1313210242,EMBAJADOR DOUSSINAGUE,CALLE,2,4,"[-70.56926299395575, -33.38642545466742]","POLYGON((-70.56926299395575 -33.38642545466742, -70.56938277949861 -33.38643891037286, -70.56933998131393 -33.38670704069444, -70.56922019540633 -33.386693584958785, -70.56926299395575 -33.38642545466742))"
151600140500027,13132041005019,308022,V1313210388,MAR NEGRO,CALLE,3,4,"[-70.56929155413168, -33.386261949298714]","POLYGON((-70.56929155413168 -33.386261949298714, -70.56926299395575 -33.38642545466742, -70.56894392805242 -33.38638623203235, -70.56897248881918 -33.386222726719005, -70.56929155413168 -33.386261949298714))"
151600140500028,13132041005019,308022,V1313210388,MAR NEGRO,CALLE,2,4,"[-70.56931129613743, -33.38615212517526]","POLYGON((-70.56931129613743 -33.38615212517526, -70.56929252144012 -33.38626193706518, -70.5689733153782 -33.3862235288857, -70.56899209047278 -33.386113717031954, -70.56931129613743 -33.38615212517526))"
151600140500029,13132041005019,308022,V1313210388,MAR NEGRO,CALLE,3,4,"[-70.56933092143507, -33.38603580922312]","POLYGON((-70.56933092143507 -33.38603580922312, -70.56931129613743 -33.38615212517526, -70.5689920064306 -33.386114211830474, -70.56901163214934 -33.38599789591598, -70.56933092143507 -33.38603580922312))"
151600140500030,13132041005019,308022,V1313210388,MAR NEGRO,CALLE,3,4,"[-70.56935066335173, -33.385925985092484]","POLYGON((-70.56935066335173 -33.385925985092484, -70.569331888741 -33.386035796989354, -70.56901268349695 -33.385997388886175, -70.56903145850494 -33.385887577025464, -70.56935066335173 -33.385925985092484))"
151600140500031,13132041005019,308022,V1313210388,MAR NEGRO,CALLE,3,4,"[-70.56936945250408, -33.385816984670434]","POLYGON((-70.56936945250408 -33.385816984670434, -70.56935066335173 -33.385925985092484, -70.56903151164644 -33.385887267482595, -70.56905030119296 -33.385778267096825, -70.56936945250408 -33.385816984670434))"
151600140700001,13132041005018,308022,V1313210388,MAR NEGRO,CALLE,1,4,"[-70.56917713883037, -33.38641571826093]","POLYGON((-70.56917713883037 -33.38641571826093, -70.56921025542103 -33.3862186065678, -70.56952957216392 -33.38625636145807, -70.56949645628698 -33.386453473214615, -70.56917713883037 -33.38641571826093))"
151600140700001,13132041005018,306881,V1313210145,BUENAVENTURA,CALLE,2,4,"[-70.56906092768801, -33.38640375029737]","POLYGON((-70.56906092768801 -33.38640375029737, -70.56917713883037 -33.38641571826093, -70.56913784662953 -33.3866842260352, -70.56902163513207 -33.386672258045614, -70.56906092768801 -33.38640375029737))"
151600140700002,13132041005018,308022,V1313210388,MAR NEGRO,CALLE,1,4,"[-70.56921111525037, -33.38621859569413]","POLYGON((-70.56921111525037 -33.38621859569413, -70.56923081846467 -33.38610660763831, -70.56954983467506 -33.38614610773231, -70.56953013186528 -33.38625809582643, -70.56921111525037 -33.38621859569413))"
151600140700003,13132041005018,308022,V1313210388,MAR NEGRO,CALLE,2,4,"[-70.56923081846467, -33.38610660763831]","POLYGON((-70.56923081846467 -33.38610660763831, -70.56925042928013 -33.385989480217056, -70.56956976651418 -33.386027107908134, -70.56955015612289 -33.3861442353669, -70.56923081846467 -33.38610660763831))"
151600140700004,13132041005018,308022,V1313210388,MAR NEGRO,CALLE,1,4,"[-70.56928889356504, -33.38577291114783]","POLYGON((-70.56928889356504 -33.38577291114783, -70.56916638149464 -33.38575723519589, -70.56921500407225 -33.385489804579265, -70.5693375157721 -33.38550548049456, -70.56928889356504 -33.38577291114783))"
151600140700004,13132041005018,308022,V1313210388,MAR NEGRO,CALLE,2,4,"[-70.56925042928013, -33.385989480217056]","POLYGON((-70.56925042928013 -33.385989480217056, -70.56928889356504 -33.38577291114783, -70.56960784379712 -33.38581277755475, -70.56956938029407 -33.38602934669891, -70.56925042928013 -33.385989480217056))"
151600140700005,13132041005018,308023,V1313210388,MAR NEGRO,CALLE,1,4,"[-70.56916647601157, -33.38575651252273]","POLYGON((-70.56916647601157 -33.38575651252273, -70.5690260788784 -33.385738627614266, -70.56907449111239 -33.38547117013039, -70.56921488782083 -33.3854890549971, -70.56916647601157 -33.38575651252273))"
151600140700005,13132041005018,308024,V1313210388,MAR NEGRO,CALLE,1,4,"[-70.56916647601157, -33.38575651252273]","POLYGON((-70.56916647601157 -33.38575651252273, -70.5690260788784 -33.385738627614266, -70.56907449111239 -33.38547117013039, -70.56921488782083 -33.3854890549971, -70.56916647601157 -33.38575651252273))"
151600140700005,13132041005018,308022,V1313210388,MAR NEGRO,CALLE,1,4,"[-70.56916647601157, -33.38575651252273]","POLYGON((-70.56916647601157 -33.38575651252273, -70.5690260788784 -33.385738627614266, -70.56907449111239 -33.38547117013039, -70.56921488782083 -33.3854890549971, -70.56916647601157 -33.38575651252273))"
151600140700006,13132041005018,308023,V1313210388,MAR NEGRO,CALLE,4,4,"[-70.56902606429838, -33.38573781613597]","POLYGON((-70.56902606429838 -33.38573781613597, -70.56889106865879 -33.38572139591364, -70.56893734066053 -33.38545367193573, -70.56907233589067 -33.38547009212024, -70.56902606429838 -33.38573781613597))"
151600140700007,13132041005018,308023,V1313210388,MAR NEGRO,CALLE,2,4,"[-70.56876943111827, -33.38570652017241]","POLYGON((-70.56876943111827 -33.38570652017241, -70.56872392277954 -33.385920021690985, -70.56840648641476 -33.385872402857636, -70.56845199551462 -33.385658901431974, -70.56876943111827 -33.38570652017241))"
151600140700007,13132041005018,308023,V1313210388,MAR NEGRO,CALLE,3,4,"[-70.5688910556999, -33.38572067459954]","POLYGON((-70.5688910556999 -33.38572067459954, -70.56876943111827 -33.38570652017241, -70.56881374177146 -33.385438562771256, -70.56893536598338 -33.385452717166224, -70.5688910556999 -33.38572067459954))"
151600140700008,13132041005018,308023,V1313210388,MAR NEGRO,CALLE,2,4,"[-70.56872392277954, -33.385920021690985]","POLYGON((-70.56872392277954 -33.385920021690985, -70.56869705617936 -33.386040216866945, -70.56838010848892 -33.38599035787149, -70.56840697551583 -33.38587016275094, -70.56872392277954 -33.385920021690985))"
151600140700009,13132041005018,308023,V1313210388,MAR NEGRO,CALLE,2,4,"[-70.56869705617936, -33.386040216866945]","POLYGON((-70.56869705617936 -33.386040216866945, -70.56867108879374 -33.38615661290923, -70.56835411998458 -33.386106846579224, -70.56838008778351 -33.385990450590484, -70.56869705617936 -33.386040216866945))"
151600140700010,13132041005018,306881,V1313210145,BUENAVENTURA,CALLE,2,4,"[-70.56890979297563, -33.38638663234672]","POLYGON((-70.56890979297563 -33.38638663234672, -70.5690609147274 -33.386403028983416, -70.56901955222091 -33.38667131785345, -70.56886843000831 -33.38665492118039, -70.56890979297563 -33.38638663234672))"
151600140700011,13132041005018,306881,V1313210145,BUENAVENTURA,CALLE,2,4,"[-70.56876944831683, -33.38637172259805]","POLYGON((-70.56876944831683 -33.38637172259805, -70.56890978001627 -33.386385911032704, -70.56887119413723 -33.386654490907695, -70.5687308620087 -33.38664030244241, -70.56876944831683 -33.38637172259805))"
151600140700012,13132041005018,308023,V1313210388,MAR NEGRO,CALLE,1,4,"[-70.56867108879374, -33.38615661290923]","POLYGON((-70.56867108879374 -33.38615661290923, -70.56862726198207 -33.386356024308846, -70.56831013413797 -33.386306972868354, -70.56835396165869 -33.38610756155881, -70.56867108879374 -33.38615661290923))"
151600140700012,13132041005018,306881,V1313210145,BUENAVENTURA,CALLE,4,4,"[-70.56862726198207, -33.386356024308846]","POLYGON((-70.56862726198207 -33.386356024308846, -70.56876943373886 -33.38637091111974, -70.56872949332949 -33.38663935161672, -70.56858732113854 -33.38662446477325, -70.56862726198207 -33.386356024308846))"
151600140900001,13132041005017,307016,V1313210175,CARMEN FARIÑA,CALLE,1,5,"[-70.56914140978256, -33.385486275286425]","POLYGON((-70.56914140978256 -33.385486275286425, -70.5689062237003 -33.38545795503052, -70.56895204133056 -33.38519017606884, -70.56918722669911 -33.38521849625972, -70.56914140978256 -33.385486275286425))"
151600140900001,13132041005017,308024,V1313210388,MAR NEGRO,CALLE,2,5,"[-70.56911280842603, -33.38567142549813]","POLYGON((-70.56911280842603 -33.38567142549813, -70.56914140978256 -33.385486275286425, -70.56946120568662 -33.38552104176053, -70.56943260500303 -33.38570619202548, -70.56911280842603 -33.38567142549813))"
151600140900001,13132041005017,308023,V1313210388,MAR NEGRO,CALLE,3,5,"[-70.56909662785004, -33.385674335649504]","POLYGON((-70.56909662785004 -33.385674335649504, -70.56911280842603 -33.38567142549813, -70.56918040742444 -33.385935938267664, -70.56916422680241 -33.385938848429085, -70.56909662785004 -33.385674335649504))"
151600140900001,13132041005017,308023,V1313210388,MAR NEGRO,CALLE,4,5,"[-70.56887409937383, -33.385644502510715]","POLYGON((-70.56887409937383 -33.385644502510715, -70.56909662785004 -33.385674335649504, -70.56904574037223 -33.3859414695644, -70.56882321122492 -33.38591163635497, -70.56887409937383 -33.385644502510715))"
151600140900003,13132041005017,308023,V1313210388,MAR NEGRO,CALLE,2,4,"[-70.56874801485387, -33.3856274283531]","POLYGON((-70.56874801485387 -33.3856274283531, -70.56887408641512 -33.38564378119661, -70.56882481211444 -33.38591112788616, -70.5686987401722 -33.38589477500426, -70.56874801485387 -33.3856274283531))"
151600140900003,13132041005017,307016,V1313210175,CARMEN FARIÑA,CALLE,4,4,"[-70.56890620912156, -33.385457143552145]","POLYGON((-70.56890620912156 -33.385457143552145, -70.56877843114067 -33.38544153378818, -70.56882489952183 -33.38517383374507, -70.56895267711526 -33.38518944347303, -70.56890620912156 -33.385457143552145))"
151600140900004,13132041005017,308023,V1313210388,MAR NEGRO,CALLE,2,5,"[-70.56870420699431, -33.38563636936654]","POLYGON((-70.56870420699431 -33.38563636936654, -70.56874801485387 -33.3856274283531, -70.56882424465445 -33.38589028457646, -70.56878043667305 -33.38589922562008, -70.56870420699431 -33.38563636936654))"
151600140900004,13132041005017,307016,V1313210175,CARMEN FARIÑA,CALLE,5,5,"[-70.56877841656312, -33.385440722309745]","POLYGON((-70.56877841656312 -33.385440722309745, -70.56863179763107 -33.385423546897535, -70.56867639382834 -33.385155622829316, -70.56882301231482 -33.38517279820243, -70.56877841656312 -33.385440722309745))"
151600140900005,13132041005017,307016,V1313210175,CARMEN FARIÑA,CALLE,4,4,"[-70.56863178467448, -33.38542282558332]","POLYGON((-70.56863178467448 -33.38542282558332, -70.56851284748397 -33.385408636923586, -70.56855824685854 -33.38514080779622, -70.56867718368795 -33.385154996423466, -70.56863178467448 -33.38542282558332))"
151600140900006,13132041005017,307016,V1313210175,CARMEN FARIÑA,CALLE,1,4,"[-70.56851283452836, -33.38540791560933]","POLYGON((-70.56851283452836 -33.38540791560933, -70.56840112590709 -33.38539516860939, -70.56844458830696 -33.3851271134235, -70.56855629658834 -33.38513986039466, -70.56851283452836 -33.38540791560933))"
151600140900007,13132041005017,307016,V1313210175,CARMEN FARIÑA,CALLE,4,4,"[-70.56840111295243, -33.38539444729511]","POLYGON((-70.56840111295243 -33.38539444729511, -70.56825632127476 -33.38537724834041, -70.56830152992741 -33.385109396486605, -70.56844632116537 -33.38512659540196, -70.56840111295243 -33.38539444729511))"
151600140900008,13132041005017,308007,V1313210386,MAR BLANCO,CALLE,3,5,"[-70.56809719901803, -33.38554979867896]","POLYGON((-70.56809719901803 -33.38554979867896, -70.5681230394269 -33.38556399187155, -70.56794639943848 -33.385790319640115, -70.56792055898829 -33.385776126412345, -70.56809719901803 -33.38554979867896))"
151600140900008,13132041005017,307016,V1313210175,CARMEN FARIÑA,CALLE,5,5,"[-70.5682563083213, -33.38537652702605]","POLYGON((-70.5682563083213 -33.38537652702605, -70.56812756162934 -33.38536083864549, -70.56817391500083 -33.38509312451244, -70.56830266130233 -33.385108812856835, -70.5682563083213 -33.38537652702605))"
151600140900009,13132041005017,308007,V1313210386,MAR BLANCO,CALLE,1,4,"[-70.56786825968769, -33.38552211898811]","POLYGON((-70.56786825968769 -33.38552211898811, -70.56809718444674 -33.38554898720029, -70.56805250490069 -33.38581690155561, -70.56782357944603 -33.38579003328222, -70.56786825968769 -33.38552211898811))"
151600140900009,13132041005017,308006,V1313210386,MAR BLANCO,CALLE,2,4,"[-70.56788700063467, -33.3853324941848]","POLYGON((-70.56788700063467 -33.3853324941848, -70.56786825968769 -33.38552211898811, -70.5675468922302 -33.38549976585577, -70.56756563387442 -33.3853101410801, -70.56788700063467 -33.3853324941848))"
151600140900009,13132041005017,308008,V1313210386,MAR BLANCO,CALLE,2,4,"[-70.56788700063467, -33.3853324941848]","POLYGON((-70.56788700063467 -33.3853324941848, -70.56786825968769 -33.38552211898811, -70.5675468922302 -33.38549976585577, -70.56756563387442 -33.3853101410801, -70.56788700063467 -33.3853324941848))"
151600140900009,13132041005017,307016,V1313210175,CARMEN FARIÑA,CALLE,3,4,"[-70.56812754867694, -33.38536011733108]","POLYGON((-70.56812754867694 -33.38536011733108, -70.56788700063467 -33.3853324941848, -70.56793073420278 -33.38506446999423, -70.56817128151336 -33.38509209307804, -70.56812754867694 -33.38536011733108))"
151600140900011,13132041005017,308023,V1313210388,MAR NEGRO,CALLE,1,4,"[-70.5685414885442, -33.386344843471285]","POLYGON((-70.5685414885442 -33.386344843471285, -70.56858167305793 -33.386158104005524, -70.56889901624324 -33.38620616267082, -70.56885883239472 -33.386392902218795, -70.5685414885442 -33.386344843471285))"
151600140900011,13132041005017,306885,V1313210145,BUENAVENTURA,CALLE,2,4,"[-70.56843324556866, -33.386333585853556]","POLYGON((-70.56843324556866 -33.386333585853556, -70.5685414885442 -33.386344843471285, -70.56850181361956 -33.38661331169383, -70.56839357031339 -33.386602054051515, -70.56843324556866 -33.386333585853556))"
151600140900012,13132041005017,308023,V1313210388,MAR NEGRO,CALLE,1,4,"[-70.56858167305793, -33.386158104005524]","POLYGON((-70.56858167305793 -33.386158104005524, -70.56860132452199 -33.386067129734776, -70.56891862907851 -33.38611536602847, -70.56889897793842 -33.38620634033947, -70.56858167305793 -33.386158104005524))"
151600140900013,13132041005017,308023,V1313210388,MAR NEGRO,CALLE,1,4,"[-70.56860132452199, -33.386067129734776]","POLYGON((-70.56860132452199 -33.386067129734776, -70.56862559765457 -33.38595815027143, -70.56894258355868 -33.38600783735747, -70.56891831081313 -33.38611681687084, -70.56860132452199 -33.386067129734776))"
151600140900014,13132041005017,308023,V1313210388,MAR NEGRO,CALLE,2,4,"[-70.56862559765457, -33.38595815027143]","POLYGON((-70.56862559765457 -33.38595815027143, -70.56865595721351 -33.38582294028349, -70.56897285563014 -33.3858730163764, -70.56894249655102 -33.38600822642703, -70.56862559765457 -33.38595815027143))"
151600140900015,13132041005017,308023,V1313210388,MAR NEGRO,CALLE,1,4,"[-70.56865595721351, -33.38582294028349]","POLYGON((-70.56865595721351 -33.38582294028349, -70.56867648028289 -33.385726634080186, -70.56899391858188 -33.3857742412134, -70.56897339585585 -33.38587054745857, -70.56865595721351 -33.38582294028349))"
151600140900016,13132041005017,308023,V1313210388,MAR NEGRO,CALLE,2,5,"[-70.56867744758569, -33.38572662185163]","POLYGON((-70.56867744758569 -33.38572662185163, -70.56870323969251 -33.38563638159527, -70.56901682228093 -33.3856994577071, -70.56899103048501 -33.38578969801885, -70.56867744758569 -33.38572662185163))"
151600140900017,13132041005017,308007,V1313210386,MAR BLANCO,CALLE,4,6,"[-70.5681283454618, -33.38559007839644]","POLYGON((-70.5681283454618 -33.38559007839644, -70.5681185186682 -33.385659464475125, -70.56779830024684 -33.38562754750554, -70.56780812729345 -33.38555816144454, -70.5681283454618 -33.38559007839644))"
151600140900017,13132041005017,308007,V1313210386,MAR BLANCO,CALLE,5,6,"[-70.5681230394269, -33.38556399187155]","POLYGON((-70.5681230394269 -33.38556399187155, -70.5681283454618 -33.38559007839644, -70.56781046935131 -33.385635581211105, -70.5678051634075 -33.385609494670106, -70.5681230394269 -33.38556399187155))"
151600140900018,13132041005017,308007,V1313210386,MAR BLANCO,CALLE,2,4,"[-70.5681185186682, -33.385659464475125]","POLYGON((-70.5681185186682 -33.385659464475125, -70.56810162210276 -33.38576618619946, -70.56778195838147 -33.38573056788942, -70.5677988553344 -33.38562384619682, -70.5681185186682 -33.385659464475125))"
151600140900019,13132041005017,308007,V1313210386,MAR BLANCO,CALLE,3,4,"[-70.56810065479924, -33.38576619842357]","POLYGON((-70.56810065479924 -33.38576619842357, -70.5680810444654 -33.38589541044253, -70.56776115534308 -33.385861242808254, -70.56778076614688 -33.38573203082557, -70.56810065479924 -33.38576619842357))"
151600140900020,13132041005017,308007,V1313210386,MAR BLANCO,CALLE,3,4,"[-70.56808018463876, -33.385895421308284]","POLYGON((-70.56808018463876 -33.385895421308284, -70.5680631410346 -33.38600593264292, -70.56774333472153 -33.38597122111472, -70.5677603787274 -33.385860709811816, -70.56808018463876 -33.385895421308284))"
151600140900021,13132041005017,308007,V1313210386,MAR BLANCO,CALLE,2,4,"[-70.56806227958785, -33.386005853344265]","POLYGON((-70.56806227958785 -33.386005853344265, -70.56804791021014 -33.38609766263784, -70.56772818222976 -33.386062444777615, -70.56774255194098 -33.38597063551092, -70.56806227958785 -33.386005853344265))"
151600140900022,13132041005017,306885,V1313210145,BUENAVENTURA,CALLE,1,4,"[-70.56829386836405, -33.38631866333499]","POLYGON((-70.56829386836405 -33.38631866333499, -70.56843324556866 -33.386333585853556, -70.5683924208864 -33.386601932747936, -70.56825304325653 -33.386587010196436, -70.56829386836405 -33.38631866333499))"
151600140900023,13132041005017,306885,V1313210145,BUENAVENTURA,CALLE,1,4,"[-70.56815619790885, -33.386302997611345]","POLYGON((-70.56815619790885 -33.386302997611345, -70.56829386836405 -33.38631866333499, -70.56825052409674 -33.3865867320138, -70.56811285322259 -33.38657106625481, -70.56815619790885 -33.386302997611345))"
151600140900024,13132041005017,306885,V1313210145,BUENAVENTURA,CALLE,1,4,"[-70.5680166058301, -33.38628807749497]","POLYGON((-70.5680166058301 -33.38628807749497, -70.56815619790885 -33.386302997611345, -70.56811544154569 -33.38657135183912, -70.56797584904099 -33.38655643168984, -70.5680166058301 -33.38628807749497))"
151600140900024,13132041005017,308007,V1313210386,MAR BLANCO,CALLE,2,4,"[-70.56804791021014, -33.38609766263784]","POLYGON((-70.56804791021014 -33.38609766263784, -70.5680166058301 -33.38628807749497, -70.56769715673647 -33.38625111721756, -70.56772846180671 -33.38606070242, -70.56804791021014 -33.38609766263784))"
151600141100001,13132041005016,306889,V1313210145,BUENAVENTURA,CALLE,1,4,"[-70.56781636886572, -33.38626643815411]","POLYGON((-70.56781636886572 -33.38626643815411, -70.5679308584225 -33.38627833885954, -70.56789120514256 -33.38654680938789, -70.56777671523606 -33.386534908656486, -70.56781636886572 -33.38626643815411))"
151600141100001,13132041005016,308007,V1313210386,MAR BLANCO,CALLE,4,4,"[-70.5679308584225, -33.38627833885954]","POLYGON((-70.5679308584225 -33.38627833885954, -70.56796570060561 -33.38605144467581, -70.568285529944 -33.3860860083352, -70.56825068858579 -33.38631290258366, -70.5679308584225 -33.38627833885954))"
151600141100002,13132041005016,308007,V1313210386,MAR BLANCO,CALLE,1,4,"[-70.56796656043382, -33.386051433810806]","POLYGON((-70.56796656043382 -33.386051433810806, -70.56798447856484 -33.38594172309996, -70.56830396565016 -33.38597844442338, -70.56828604791693 -33.38608815516824, -70.56796656043382 -33.386051433810806))"
151600141100003,13132041005016,308007,V1313210386,MAR BLANCO,CALLE,1,5,"[-70.56798447856484, -33.38594172309996]","POLYGON((-70.56798447856484 -33.38594172309996, -70.56800144068481 -33.385832655759394, -70.56832120221368 -33.38586765300165, -70.56830424049002 -33.385976720373876, -70.56798447856484 -33.38594172309996))"
151600141100004,13132041005016,308007,V1313210386,MAR BLANCO,CALLE,1,4,"[-70.56800230051083, -33.385832644894215]","POLYGON((-70.56800230051083 -33.385832644894215, -70.56803722270045 -33.385616211102295, -70.56835677913483 -33.38565249785111, -70.56832185773038 -33.385868931709034, -70.56800230051083 -33.385832644894215))"
151600141100004,13132041005016,308007,V1313210386,MAR BLANCO,CALLE,4,4,"[-70.56803722270045, -33.385616211102295]","POLYGON((-70.56803722270045 -33.385616211102295, -70.56790764337964 -33.38560206616179, -70.56794925315114 -33.385333804110836, -70.56807883207692 -33.3853479490199, -70.56803722270045 -33.385616211102295))"
151600141100005,13132041005016,308007,V1313210386,MAR BLANCO,CALLE,4,4,"[-70.56790762881009, -33.38560125468303]","POLYGON((-70.56790762881009 -33.38560125468303, -70.56777522758196 -33.38558561211911, -70.56782019798663 -33.38531773199313, -70.5679525988126 -33.38533337452134, -70.56790762881009 -33.38560125468303))"
151600141100005,13132041005016,308006,V1313210386,MAR BLANCO,CALLE,4,4,"[-70.56790762881009, -33.38560125468303]","POLYGON((-70.56790762881009 -33.38560125468303, -70.56777522758196 -33.38558561211911, -70.56782019798663 -33.38531773199313, -70.5679525988126 -33.38533337452134, -70.56790762881009 -33.38560125468303))"
151600141100005,13132041005016,308008,V1313210386,MAR BLANCO,CALLE,4,4,"[-70.56790762881009, -33.38560125468303]","POLYGON((-70.56790762881009 -33.38560125468303, -70.56777522758196 -33.38558561211911, -70.56782019798663 -33.38531773199313, -70.5679525988126 -33.38533337452134, -70.56790762881009 -33.38560125468303))"
151600141100006,13132041005016,308006,V1313210386,MAR BLANCO,CALLE,4,4,"[-70.56777532211031, -33.3855848894467]","POLYGON((-70.56777532211031 -33.3855848894467, -70.56763668396677 -33.38556914516536, -70.5676799425626 -33.38530106670656, -70.56781858028424 -33.38531681095241, -70.56777532211031 -33.3855848894467))"
151600141100007,13132041005016,308006,V1313210386,MAR BLANCO,CALLE,2,4,"[-70.56751957544142, -33.38555502263606]","POLYGON((-70.56751957544142 -33.38555502263606, -70.56748473128282 -33.38577587437282, -70.56716504818193 -33.38574037802917, -70.56719989314254 -33.3855195263578, -70.56751957544142 -33.38555502263606))"
151600141100007,13132041005016,308006,V1313210386,MAR BLANCO,CALLE,3,4,"[-70.56763667101829, -33.38556842385082]","POLYGON((-70.56763667101829 -33.38556842385082, -70.56751957544142 -33.38555502263606, -70.56756316420181 -33.38528698180748, -70.56768025942246 -33.38530038299197, -70.56763667101829 -33.38556842385082))"
151600141100008,13132041005016,308006,V1313210386,MAR BLANCO,CALLE,3,4,"[-70.5674837639789, -33.3857758865921]","POLYGON((-70.5674837639789 -33.3857758865921, -70.56746596728499 -33.38588640737203, -70.5671463983926 -33.38585019199853, -70.56716419548748 -33.385739671252225, -70.5674837639789 -33.3857758865921))"
151600141100009,13132041005016,308006,V1313210386,MAR BLANCO,CALLE,3,4,"[-70.56746499997983, -33.3858864195912]","POLYGON((-70.56746499997983 -33.3858864195912, -70.5674471621207 -33.38600063846266, -70.56712742265485 -33.38596549591812, -70.56714526092894 -33.385851277080015, -70.56746499997983 -33.3858864195912))"
151600141100010,13132041005016,306889,V1313210145,BUENAVENTURA,CALLE,2,4,"[-70.5676707289404, -33.38624997073557]","POLYGON((-70.5676707289404 -33.38624997073557, -70.56781646177546 -33.38626562531739, -70.5677755043399 -33.38653395803075, -70.56762977106025 -33.38651830341434, -70.5676707289404 -33.38624997073557))"
151600141100011,13132041005016,306889,V1313210145,BUENAVENTURA,CALLE,2,4,"[-70.56752671581098, -33.386234294256944]","POLYGON((-70.56752671581098 -33.386234294256944, -70.5676707289404 -33.38624997073557, -70.56762923345279 -33.38651824527909, -70.56748521988428 -33.38650256876565, -70.56752671581098 -33.386234294256944))"
151600141100012,13132041005016,308006,V1313210386,MAR BLANCO,CALLE,1,4,"[-70.56744630229277, -33.386000649324046]","POLYGON((-70.56744630229277 -33.386000649324046, -70.5674086504221 -33.38622081501991, -70.56708944599913 -33.3861823969339, -70.56712709866626 -33.38596223131058, -70.56744630229277 -33.386000649324046))"
151600141100012,13132041005016,306889,V1313210145,BUENAVENTURA,CALLE,4,4,"[-70.5674086504221, -33.38622081501991]","POLYGON((-70.5674086504221 -33.38622081501991, -70.56752670286312 -33.38623357294245, -70.56748550152199 -33.386501879402545, -70.56736744872092 -33.38648912145174, -70.5674086504221 -33.38622081501991))"
151600141300003,13132041005015,308006,V1313210386,MAR BLANCO,CALLE,2,6,"[-70.56748195222798, -33.385477307712776]","POLYGON((-70.56748195222798 -33.385477307712776, -70.56754903392705 -33.3854833143451, -70.5675148091523 -33.38575231004312, -70.56744772724736 -33.3857463033985, -70.56748195222798 -33.385477307712776))"
151600141300003,13132041005015,308006,V1313210386,MAR BLANCO,CALLE,3,6,"[-70.56745159682913, -33.385487070381764]","POLYGON((-70.56745159682913 -33.385487070381764, -70.56748195222798 -33.385477307712776, -70.56759738560704 -33.38572990502931, -70.5675670301356 -33.38573966772835, -70.56745159682913 -33.385487070381764))"
151600141300003,13132041005015,307014,V1313210175,CARMEN FARIÑA,CALLE,6,6,"[-70.56758216623548, -33.385292876478815]","POLYGON((-70.56758216623548 -33.385292876478815, -70.56743737646713 -33.38527576672268, -70.56748235571916 -33.385007887617185, -70.56762714504772 -33.385024997334234, -70.56758216623548 -33.385292876478815))"
151600141300004,13132041005015,307014,V1313210175,CARMEN FARIÑA,CALLE,4,4,"[-70.56743736190212, -33.38527495524371]","POLYGON((-70.56743736190212 -33.38527495524371, -70.56731928488134 -33.38526075456663, -70.56736504616414 -33.384992968683086, -70.56748312282659 -33.38500716932756, -70.56743736190212 -33.38527495524371))"
151600141300005,13132041005015,307014,V1313210175,CARMEN FARIÑA,CALLE,4,4,"[-70.56731927193566, -33.38526003325194]","POLYGON((-70.56731927193566 -33.38526003325194, -70.56719591398581 -33.38524508749637, -70.56724200753303 -33.38497734171036, -70.56736536510866 -33.38499228743153, -70.56731927193566 -33.38526003325194))"
151600141300006,13132041005015,307014,V1313210175,CARMEN FARIÑA,CALLE,4,4,"[-70.56719590104116, -33.38524436618163]","POLYGON((-70.56719590104116 -33.38524436618163, -70.56704217459394 -33.38522646698238, -70.56708650627132 -33.38495851187916, -70.56724023225125 -33.38497641103772, -70.56719590104116 -33.38524436618163))"
151600141300008,13132041005015,308006,V1313210386,MAR BLANCO,CALLE,1,4,"[-70.56732279727075, -33.38621116748211]","POLYGON((-70.56732279727075 -33.38621116748211, -70.5673541452263 -33.386023097026815, -70.56767351038992 -33.38606055950076, -70.56764216311561 -33.386248630015956, -70.56732279727075 -33.38621116748211))"
151600141300008,13132041005015,306886,V1313210145,BUENAVENTURA,CALLE,2,4,"[-70.56717447053852, -33.38619473341472]","POLYGON((-70.56717447053852 -33.38619473341472, -70.56732279727075 -33.38621116748211, -70.56728057415025 -33.386479362144954, -70.56713224696612 -33.386462928040835, -70.56717447053852 -33.38619473341472))"
151600141300009,13132041005015,308006,V1313210386,MAR BLANCO,CALLE,2,4,"[-70.5673541452263, -33.386023097026815]","POLYGON((-70.5673541452263 -33.386023097026815, -70.56737109453212 -33.38591926063879, -70.56769058486842 -33.38595596195655, -70.5676736359391 -33.38605979837675, -70.5673541452263 -33.386023097026815))"
151600141300010,13132041005015,308006,V1313210386,MAR BLANCO,CALLE,2,4,"[-70.56737109453212, -33.38591926063879]","POLYGON((-70.56737109453212 -33.38591926063879, -70.56738901339477 -33.385809549990626, -70.56770849980727 -33.38584627286983, -70.5676905813424 -33.38595598355199, -70.56737109453212 -33.38591926063879))"
151600141300011,13132041005015,308006,V1313210386,MAR BLANCO,CALLE,1,4,"[-70.56738987322083, -33.38580953912969]","POLYGON((-70.56738987322083 -33.38580953912969, -70.56740781793624 -33.38570127110752, -70.56772721628253 -33.38573852681999, -70.5677092719594 -33.38584679487639, -70.56738987322083 -33.38580953912969))"
151600141300012,13132041005015,308006,V1313210386,MAR BLANCO,CALLE,1,4,"[-70.56740781793624, -33.38570127110752]","POLYGON((-70.56740781793624 -33.38570127110752, -70.56742565675295 -33.38559309460422, -70.567745085275 -33.38563016538236, -70.56772724685034 -33.38573834191963, -70.56740781793624 -33.38570127110752))"
151600141300014,13132041005015,306886,V1313210145,BUENAVENTURA,CALLE,3,4,"[-70.56706708932457, -33.38618355389883]","POLYGON((-70.56706708932457 -33.38618355389883, -70.56717447053852 -33.38619473341472, -70.56713475541116 -33.38646319757773, -70.56702737386924 -33.386452018037424, -70.56706708932457 -33.38618355389883))"
151600141300017,13132041005015,307851,V1313210350,LO BELTRAN,CALLE,2,4,"[-70.56687230442267, -33.38575276603728]","POLYGON((-70.56687230442267 -33.38575276603728, -70.56687678641555 -33.385858766737584, -70.56655451747872 -33.385868356115004, -70.5665500358757 -33.385762355391826, -70.56687230442267 -33.38575276603728))"
151600141300018,13132041005015,307851,V1313210350,LO BELTRAN,CALLE,2,4,"[-70.56686770343673, -33.3856341409686]","POLYGON((-70.56686770343673 -33.3856341409686, -70.56687230442267 -33.38575276603728, -70.56655000376938 -33.38576156324076, -70.5665454032199 -33.385642938147534, -70.56686770343673 -33.3856341409686))"
151600141500001,13132041005012,307851,V1313210350,LO BELTRAN,CALLE,1,4,"[-70.56666664631352, -33.38609400662865]","POLYGON((-70.56666664631352 -33.38609400662865, -70.56666478375712 -33.38599617966284, -70.5669872146911 -33.38599185895408, -70.5669890776083 -33.38608968590456, -70.56666664631352 -33.38609400662865))"
151600141500001,13132041005012,309010,V1313210618,LO BELTRAN,PASAJE,2,4,"[-70.56640910893134, -33.386102218134404]","POLYGON((-70.56640910893134 -33.386102218134404, -70.56666664631352 -33.38609400662865, -70.56667889431154 -33.38636433511372, -70.56642135613517 -33.3863725466678, -70.56640910893134 -33.386102218134404))"
151600141500002,13132041005012,309010,V1313210618,LO BELTRAN,PASAJE,2,4,"[-70.56628394802696, -33.386106683978554]","POLYGON((-70.56628394802696 -33.386106683978554, -70.56640910893134 -33.386102218134404, -70.56642281239957 -33.386372497471655, -70.56629765110954 -33.38637696334072, -70.56628394802696 -33.386106683978554))"
151600141500003,13132041005012,309010,V1313210618,LO BELTRAN,PASAJE,2,4,"[-70.5661399880354, -33.386111928080034]","POLYGON((-70.5661399880354 -33.386111928080034, -70.56628394802696 -33.386106683978554, -70.56629793775107 -33.38637695300608, -70.56615397731602 -33.386382197136555, -70.5661399880354 -33.386111928080034))"
151600141500004,13132041005012,309010,V1313210618,LO BELTRAN,PASAJE,2,4,"[-70.56594692480053, -33.38611860336945]","POLYGON((-70.56594692480053 -33.38611860336945, -70.5661399880354 -33.386111928080034, -70.56615326790627 -33.38638222232182, -70.56596020407639 -33.386388897649034, -70.56594692480053 -33.38611860336945))"
151600141500004,13132041005012,309010,V1313210618,LO BELTRAN,PASAJE,3,4,"[-70.56594061677298, -33.3860126256656]","POLYGON((-70.56594061677298 -33.3860126256656, -70.56594692480053 -33.38611860336945, -70.56562485338135 -33.38613209435221, -70.56561854574244 -33.38602611662084, -70.56594061677298 -33.3860126256656))"
151600141500005,13132041005012,309010,V1313210618,LO BELTRAN,PASAJE,3,4,"[-70.56593355556845, -33.38590061508349]","POLYGON((-70.56593355556845 -33.38590061508349, -70.56594157114556 -33.38601189214318, -70.56561968600586 -33.386028209349874, -70.56561167083579 -33.38591693225774, -70.56593355556845 -33.38590061508349))"
151600141500006,13132041005012,309010,V1313210618,LO BELTRAN,PASAJE,3,4,"[-70.56592634648959, -33.385786351745146]","POLYGON((-70.56592634648959 -33.385786351745146, -70.56593440246147 -33.385899882917506, -70.5656125003978 -33.385915957632875, -70.56560444484131 -33.38580242642772, -70.56592634648959 -33.385786351745146))"
151600141500007,13132041005012,309010,V1313210618,LO BELTRAN,PASAJE,1,4,"[-70.56591916730804, -33.38566775915672]","POLYGON((-70.56591916730804 -33.38566775915672, -70.56592633355515 -33.38578563043005, -70.5656042807058 -33.385799409724825, -70.56559711489082 -33.3856815384205, -70.56591916730804 -33.38566775915672))"
151600141500007,13132041005012,309010,V1313210618,LO BELTRAN,PASAJE,2,4,"[-70.56611936353346, -33.38566324851901]","POLYGON((-70.56611936353346 -33.38566324851901, -70.56591916730804 -33.38566775915672, -70.5659105099875 -33.38539733288386, -70.56611070559443 -33.38539282227802, -70.56611936353346 -33.38566324851901))"
151600141500008,13132041005012,309010,V1313210618,LO BELTRAN,PASAJE,3,4,"[-70.56626247590061, -33.38565873663075]","POLYGON((-70.56626247590061 -33.38565873663075, -70.56611936353346 -33.38566324851901, -70.56610725363508 -33.38539291557839, -70.56625036556086 -33.38538840371682, -70.56626247590061 -33.38565873663075))"
151600141500009,13132041005012,309010,V1313210618,LO BELTRAN,PASAJE,4,4,"[-70.56639669343879, -33.38565577981848]","POLYGON((-70.56639669343879 -33.38565577981848, -70.56626335027995 -33.38565953725703, -70.56625252493834 -33.38538916598264, -70.56638586768567 -33.38538540856761, -70.56639669343879 -33.38565577981848))"
151600141500010,13132041005012,307851,V1313210350,LO BELTRAN,CALLE,1,4,"[-70.56666478375712, -33.38599617966284]","POLYGON((-70.56666478375712 -33.38599617966284, -70.56665942906005 -33.385877473917674, -70.56698167001242 -33.385867243617604, -70.56698702514586 -33.38598594933629, -70.56666478375712 -33.38599617966284))"
151600141500011,13132041005012,307851,V1313210350,LO BELTRAN,CALLE,1,4,"[-70.56666038342493, -33.385876740389925]","POLYGON((-70.56666038342493 -33.385876740389925, -70.56665497464897 -33.38576101142274, -70.56697719824517 -33.385750412558835, -70.56698260744646 -33.38586614149971, -70.56666038342493 -33.385876740389925))"
151600141500012,13132041005012,309010,V1313210618,LO BELTRAN,PASAJE,3,4,"[-70.56665143507746, -33.38564760365766]","POLYGON((-70.56665143507746 -33.38564760365766, -70.56639669343879 -33.38565577981848, -70.56638436546766 -33.38538545383967, -70.5666391063208 -33.38537727772681, -70.56665143507746 -33.38564760365766))"
151600141500012,13132041005012,307851,V1313210350,LO BELTRAN,CALLE,4,4,"[-70.56665582153443, -33.385760279252025]","POLYGON((-70.56665582153443 -33.385760279252025, -70.56665143507746 -33.38564760365766, -70.56697373399956 -33.385638773011586, -70.56697812087108 -33.385751448582596, -70.56665582153443 -33.385760279252025))"
151600141700001,13132041005013,307846,V1313210350,LO BELTRAN,CALLE,2,4,"[-70.56670861676866, -33.387139078907616]","POLYGON((-70.56670861676866 -33.387139078907616, -70.56670418804079 -33.38702405907046, -70.56702649578119 -33.38701532507582, -70.56703092493234 -33.38713034488924, -70.56670861676866 -33.387139078907616))"
151600141700001,13132041005013,309011,V1313210618,LO BELTRAN,PASAJE,3,4,"[-70.56647347816194, -33.38714358075967]","POLYGON((-70.56647347816194 -33.38714358075967, -70.56670861676866 -33.387139078907616, -70.56671597491587 -33.38740953211103, -70.56648083558221 -33.38741403399809, -70.56647347816194 -33.38714358075967))"
151600141700002,13132041005013,309011,V1313210618,LO BELTRAN,PASAJE,2,4,"[-70.56633044337063, -33.38714655881032]","POLYGON((-70.56633044337063 -33.38714655881032, -70.56647347816194 -33.38714358075967, -70.56648147947881 -33.387414021131185, -70.56633844424543 -33.387416999203865, -70.56633044337063 -33.38714655881032))"
151600141700003,13132041005013,309011,V1313210618,LO BELTRAN,PASAJE,1,4,"[-70.56619633101734, -33.38714951426052]","POLYGON((-70.56619633101734 -33.38714951426052, -70.56633044337063 -33.38714655881032, -70.56633891190954 -33.38741698918236, -70.56620479914184 -33.3874199446537, -70.56619633101734 -33.38714951426052))"
151600141700004,13132041005013,309011,V1313210618,LO BELTRAN,PASAJE,2,4,"[-70.56598269316386, -33.38715401434862]","POLYGON((-70.56598269316386 -33.38715401434862, -70.56619633101734 -33.38714951426052, -70.56620442601181 -33.38741995269496, -70.56599078749807 -33.38742445281613, -70.56598269316386 -33.38715401434862))"
151600141700004,13132041005013,309011,V1313210618,LO BELTRAN,PASAJE,3,4,"[-70.56597905817208, -33.38704123907207]","POLYGON((-70.56597905817208 -33.38704123907207, -70.56598269316386 -33.38715401434862, -70.56566033449867 -33.387161326069204, -70.56565669992224 -33.38704855077118, -70.56597905817208 -33.38704123907207))"
151600141700005,13132041005013,309011,V1313210618,LO BELTRAN,PASAJE,3,4,"[-70.56597555987175, -33.38694207996939]","POLYGON((-70.56597555987175 -33.38694207996939, -70.56597905817208 -33.38704123907207, -70.5656567232383 -33.38704924157295, -70.56565322530301 -33.386950082450646, -70.56597555987175 -33.38694207996939))"
151600141700006,13132041005013,309011,V1313210618,LO BELTRAN,PASAJE,3,4,"[-70.56597199196605, -33.38682704922269]","POLYGON((-70.56597199196605 -33.38682704922269, -70.5659764051572 -33.386941257638625, -70.56565409874847 -33.38695002200446, -70.56564968597756 -33.38683581356493, -70.56597199196605 -33.38682704922269))"
151600141700007,13132041005013,309011,V1313210618,LO BELTRAN,PASAJE,2,4,"[-70.56596837157134, -33.386715085418636]","POLYGON((-70.56596837157134 -33.386715085418636, -70.56597199196605 -33.38682704922269, -70.56564963526337 -33.38683438437364, -70.565646015281 -33.38672242054826, -70.56596837157134 -33.386715085418636))"
151600141700007,13132041005013,309011,V1313210618,LO BELTRAN,PASAJE,3,4,"[-70.56618655072948, -33.38670610899833]","POLYGON((-70.56618655072948 -33.38670610899833, -70.56596837157134 -33.386715085418636, -70.5659525757066 -33.38644488642344, -70.56617075419341 -33.38643591005019, -70.56618655072948 -33.38670610899833))"
151600141700008,13132041005013,309011,V1313210618,LO BELTRAN,PASAJE,4,4,"[-70.56632501568897, -33.386700122528794]","POLYGON((-70.56632501568897 -33.386700122528794, -70.56618655072948 -33.38670610899833, -70.5661699535752 -33.38643594382707, -70.56630841810886 -33.38642995738827, -70.56632501568897 -33.386700122528794))"
151600141700009,13132041005013,309011,V1313210618,LO BELTRAN,PASAJE,3,4,"[-70.56645918144729, -33.38669419017903]","POLYGON((-70.56645918144729 -33.38669419017903, -70.56632501568897 -33.386700122528794, -70.56630804257237 -33.38642997380877, -70.5664422079182 -33.38642404148921, -70.56645918144729 -33.38669419017903))"
151600141700010,13132041005013,307846,V1313210350,LO BELTRAN,CALLE,1,4,"[-70.56670418804079, -33.38702405907046]","POLYGON((-70.56670418804079 -33.38702405907046, -70.56670056688043 -33.386924089890016, -70.56702289356858 -33.38691587283403, -70.56702651509693 -33.38701584199444, -70.56670418804079 -33.38702405907046))"
151600141700011,13132041005013,307846,V1313210350,LO BELTRAN,CALLE,2,4,"[-70.56670056688043, -33.386924089890016]","POLYGON((-70.56670056688043 -33.386924089890016, -70.56669613980347 -33.38680916021244, -70.56701844661225 -33.38680042260638, -70.56702287411214 -33.38691535226023, -70.56670056688043 -33.386924089890016))"
151600141700012,13132041005013,309011,V1313210618,LO BELTRAN,PASAJE,2,4,"[-70.56669163095883, -33.38668367994724]","POLYGON((-70.56669163095883 -33.38668367994724, -70.56645918144729 -33.38669419017903, -70.56644182627402 -33.386424058554624, -70.5666742750711 -33.38641354837584, -70.56669163095883 -33.38668367994724))"
151600141700012,13132041005013,307846,V1313210350,LO BELTRAN,CALLE,3,4,"[-70.56669613980347, -33.38680916021244]","POLYGON((-70.56669613980347 -33.38680916021244, -70.56669163095883 -33.38668367994724, -70.56701395913153 -33.386675528609956, -70.56701846843808 -33.386801008850085, -70.56669613980347 -33.38680916021244))"
151600141900009,13132041005011,309011,V1313210618,LO BELTRAN,PASAJE,1,4,"[-70.56589054388832, -33.387015120324946]","POLYGON((-70.56589054388832 -33.387015120324946, -70.56588701897327 -33.386908476217044, -70.56620937057869 -33.386900977582684, -70.56621289588645 -33.38700762167007, -70.56589054388832 -33.387015120324946))"
151600141900010,13132041005011,309011,V1313210618,LO BELTRAN,PASAJE,1,4,"[-70.56588701897327, -33.386908476217044]","POLYGON((-70.56588701897327 -33.386908476217044, -70.56588342531822 -33.38679200283372, -70.56620579242586 -33.386785002741405, -70.56620938650995 -33.38690147610296, -70.56588701897327 -33.386908476217044))"
151600141900011,13132041005011,309011,V1313210618,LO BELTRAN,PASAJE,1,4,"[-70.56588342531822, -33.38679200283372]","POLYGON((-70.56588342531822 -33.38679200283372, -70.56588515383346 -33.38666058179577, -70.56620760883013 -33.38666356605416, -70.56620588080062 -33.38679498708238, -70.56588342531822 -33.38679200283372))"
151600141900014,13132041005011,309011,V1313210618,LO BELTRAN,PASAJE,2,4,"[-70.56592624721172, -33.38664410050145]","POLYGON((-70.56592624721172 -33.38664410050145, -70.56605502440883 -33.38663742493002, -70.56607491343213 -33.38690743362583, -70.56594613583998 -33.386914109229195, -70.56592624721172 -33.38664410050145))"
151600141900015,13132041005011,309011,V1313210618,LO BELTRAN,PASAJE,1,4,"[-70.56605600465885, -33.386638134036545]","POLYGON((-70.56605600465885 -33.386638134036545, -70.56619898527481 -33.386632180902126, -70.5662149708223 -33.386902372017786, -70.56607198976643 -33.386908325183256, -70.56605600465885 -33.386638134036545))"
151600141900016,13132041005011,309011,V1313210618,LO BELTRAN,PASAJE,1,4,"[-70.56619898527481, -33.386632180902126]","POLYGON((-70.56619898527481 -33.386632180902126, -70.56630628758238 -33.38662694852893, -70.56632500078541 -33.38689701634715, -70.56621769814836 -33.38690224874596, -70.56619898527481 -33.386632180902126))"
151600141900017,13132041005011,309011,V1313210618,LO BELTRAN,PASAJE,2,4,"[-70.56630628758238, -33.38662694852893]","POLYGON((-70.56630628758238 -33.38662694852893, -70.56644754848213 -33.386621016816335, -70.56646367006587 -33.38689120222162, -70.56632240873155 -33.386897133965036, -70.56630628758238 -33.38662694852893))"
151600141900018,13132041005011,307840,V1313210350,LO BELTRAN,CALLE,1,4,"[-70.56668807492396, -33.38661130647765]","POLYGON((-70.56668807492396 -33.38661130647765, -70.56668533972092 -33.386524763634526, -70.56700770043462 -33.38651759318796, -70.5670104359564 -33.38660413601476, -70.56668807492396 -33.38661130647765))"
151600141900018,13132041005011,309011,V1313210618,LO BELTRAN,PASAJE,2,4,"[-70.56644754848213, -33.386621016816335]","POLYGON((-70.56644754848213 -33.386621016816335, -70.56668807492396 -33.38661130647765, -70.56670357617048 -33.38688151740823, -70.56646304898838 -33.38689122779824, -70.56644754848213 -33.386621016816335))"
151600141900019,13132041005011,307840,V1313210350,LO BELTRAN,CALLE,1,4,"[-70.56668533972092, -33.386524763634526]","POLYGON((-70.56668533972092 -33.386524763634526, -70.56668003903128 -33.38640308112127, -70.56700229746221 -33.38639320131873, -70.56700759859926 -33.38651488380531, -70.56668533972092 -33.386524763634526))"
151600141900020,13132041005011,307840,V1313210350,LO BELTRAN,CALLE,4,4,"[-70.56668003903128, -33.38640308112127]","POLYGON((-70.56668003903128 -33.38640308112127, -70.56667554247905 -33.38628427436509, -70.5669978531673 -33.38627568903622, -70.56700235015674 -33.38639449576807, -70.56668003903128 -33.38640308112127))"
151600141900021,13132041005011,306886,V1313210145,BUENAVENTURA,CALLE,1,4,"[-70.56667554247905, -33.38628427436509]","POLYGON((-70.56667554247905 -33.38628427436509, -70.56667115504204 -33.38616555641357, -70.56699347284287 -33.38615717293588, -70.56699786071681 -33.38627589086337, -70.56667554247905 -33.38628427436509))"
151600141900021,13132041005011,309010,V1313210618,LO BELTRAN,PASAJE,1,4,"[-70.56667554247905, -33.38628427436509]","POLYGON((-70.56667554247905 -33.38628427436509, -70.56667115504204 -33.38616555641357, -70.56699347284287 -33.38615717293588, -70.56699786071681 -33.38627589086337, -70.56667554247905 -33.38628427436509))"
151600141900021,13132041005011,307840,V1313210350,LO BELTRAN,CALLE,1,4,"[-70.56667554247905, -33.38628427436509]","POLYGON((-70.56667554247905 -33.38628427436509, -70.56667115504204 -33.38616555641357, -70.56699347284287 -33.38615717293588, -70.56699786071681 -33.38627589086337, -70.56667554247905 -33.38628427436509))"
151600141900021,13132041005011,307851,V1313210350,LO BELTRAN,CALLE,1,4,"[-70.56667554247905, -33.38628427436509]","POLYGON((-70.56667554247905 -33.38628427436509, -70.56667115504204 -33.38616555641357, -70.56699347284287 -33.38615717293588, -70.56699786071681 -33.38627589086337, -70.56667554247905 -33.38628427436509))"
151600141900021,13132041005011,309010,V1313210618,LO BELTRAN,PASAJE,4,4,"[-70.56667115504204, -33.38616555641357]","POLYGON((-70.56667115504204 -33.38616555641357, -70.56643319637442 -33.386174512806214, -70.5664187432158 -33.38590426094589, -70.56665670115059 -33.38589530460205, -70.56667115504204 -33.38616555641357))"
151600141900022,13132041005011,309010,V1313210618,LO BELTRAN,PASAJE,2,4,"[-70.56643319637442, -33.386174512806214]","POLYGON((-70.56643319637442 -33.386174512806214, -70.56629643898216 -33.3861797563506, -70.56628171606877 -33.38590951472589, -70.56641847303993 -33.38590427120985, -70.56643319637442 -33.386174512806214))"
151600141900023,13132041005011,309010,V1313210618,LO BELTRAN,PASAJE,3,4,"[-70.56629643898216, -33.3861797563506]","POLYGON((-70.56629643898216 -33.3861797563506, -70.56617041812606 -33.38618423293701, -70.56615677580216 -33.38591395139322, -70.56628279626995 -33.38590947483185, -70.56629643898216 -33.3861797563506))"
151600141900024,13132041005011,309010,V1313210618,LO BELTRAN,PASAJE,3,4,"[-70.56617041812606, -33.38618423293701]","POLYGON((-70.56617041812606 -33.38618423293701, -70.56603719455552 -33.38618871011444, -70.56602428690644 -33.38591840316554, -70.5661575100663 -33.385913926013814, -70.56617041812606 -33.38618423293701))"
151600141900025,13132041005011,309010,V1313210618,LO BELTRAN,PASAJE,3,4,"[-70.56603719455552, -33.38618871011444]","POLYGON((-70.56603719455552 -33.38618871011444, -70.56591020635302 -33.38619319864543, -70.56589663170553 -33.38592291468039, -70.56602361951674 -33.38591842617456, -70.56603719455552 -33.38618871011444))"
151600141900026,13132041005011,309010,V1313210618,LO BELTRAN,PASAJE,5,5,"[-70.56591020635302, -33.38619319864543]","POLYGON((-70.56591020635302 -33.38619319864543, -70.56587271557702 -33.386182759402764, -70.56597430061443 -33.38592600929316, -70.56601179128978 -33.38593644850841, -70.56591020635302 -33.38619319864543))"
151600142700001,13132041005027,306549,V1313210062,VITACURA,AVENIDA,1,4,"[-70.56969922939793, -33.389624199230106]","POLYGON((-70.56969922939793 -33.389624199230106, -70.56982444746852 -33.389694402046125, -70.56964525529443 -33.38991931785658, -70.56952003703027 -33.389849114867346, -70.56969922939793 -33.389624199230106))"
151600142700002,13132041005027,306549,V1313210062,VITACURA,AVENIDA,4,4,"[-70.56957764111779, -33.38955854978571]","POLYGON((-70.56957764111779 -33.38955854978571, -70.5696993239133 -33.38962347655699, -70.56952624763571 -33.38985173775456, -70.56940456463661 -33.389786810821334, -70.56957764111779 -33.38955854978571))"
151600142700003,13132041005027,307492,V1313210293,ISLAS MARIANAS,CALLE,4,4,"[-70.569812834067, -33.38922784327824]","POLYGON((-70.569812834067 -33.38922784327824, -70.56974127201585 -33.389325606988024, -70.56946646235355 -33.38918404974093, -70.5695380246096 -33.38908628618192, -70.569812834067 -33.38922784327824))"
151600142700004,13132041005027,307492,V1313210293,ISLAS MARIANAS,CALLE,4,5,"[-70.56988879025239, -33.38912335026615]","POLYGON((-70.56988879025239 -33.38912335026615, -70.569812834067 -33.38922784327824, -70.56953750212118 -33.38908700246226, -70.56961345852761 -33.388982509610436, -70.56988879025239 -33.38912335026615))"
151600142700022,13132041005027,307084,V1313210197,CORONEL ARTURO AVENDAÑO,CALLE,1,6,"[-70.57005692919172, -33.38984071611384]","POLYGON((-70.57005692919172 -33.38984071611384, -70.57025727554004 -33.38955112301533, -70.57053619354006 -33.389686909615875, -70.57033584784288 -33.38997650314081, -70.57005692919172 -33.38984071611384))"
151600142700022,13132041005027,306549,V1313210062,VITACURA,AVENIDA,2,6,"[-70.57003368089775, -33.38983325441001]","POLYGON((-70.57003368089775 -33.38983325441001, -70.57005692919172 -33.38984071611384, -70.56994169029362 -33.390093377356614, -70.5699184419404 -33.39008591563317, -70.57003368089775 -33.38983325441001))"
151600142700022,13132041005027,306549,V1313210062,VITACURA,AVENIDA,3,6,"[-70.56999786759641, -33.389796641674515]","POLYGON((-70.56999786759641 -33.389796641674515, -70.57003368089775 -33.38983325441001, -70.56978437996379 -33.39000485648003, -70.56974856669063 -33.38996824367254, -70.56999786759641 -33.389796641674515))"
151600142700022,13132041005027,306549,V1313210062,VITACURA,AVENIDA,4,6,"[-70.56982446043708, -33.38969512335943]","POLYGON((-70.56982446043708 -33.38969512335943, -70.56999786759641 -33.389796641674515, -70.56981330969553 -33.3900184832756, -70.56963990228869 -33.38991696471261, -70.56982446043708 -33.38969512335943))"
151600142700035,13132041005027,307084,V1313210197,CORONEL ARTURO AVENDAÑO,CALLE,2,5,"[-70.57103238510402, -33.388438803798444]","POLYGON((-70.57103238510402 -33.388438803798444, -70.57113339971495 -33.38829313911475, -70.57141214446006 -33.388429169918844, -70.57131113017572 -33.38857483481743, -70.57103238510402 -33.388438803798444))"
151600142700036,13132041005027,307084,V1313210197,CORONEL ARTURO AVENDAÑO,CALLE,2,4,"[-70.57095011459013, -33.388556724764705]","POLYGON((-70.57095011459013 -33.388556724764705, -70.57103141777226 -33.38843881604622, -70.57131056225033 -33.388574269474596, -70.57122925933432 -33.388692178366206, -70.57095011459013 -33.388556724764705))"
151600142700037,13132041005027,307084,V1313210197,CORONEL ARTURO AVENDAÑO,CALLE,2,5,"[-70.57088304425378, -33.388653079474246]","POLYGON((-70.57088304425378 -33.388653079474246, -70.57094925473848 -33.388556735651086, -70.57122863425204 -33.388691848208445, -70.57116242398558 -33.38878819217266, -70.57088304425378 -33.388653079474246))"
151600142700038,13132041005027,307084,V1313210197,CORONEL ARTURO AVENDAÑO,CALLE,2,4,"[-70.57082404710789, -33.38873805886029]","POLYGON((-70.57082404710789 -33.38873805886029, -70.57088218440114 -33.3886530903602, -70.57116186931786 -33.38878775800279, -70.57110373221806 -33.38887272662685, -70.57082404710789 -33.38873805886029))"
151600142700039,13132041005027,307084,V1313210197,CORONEL ARTURO AVENDAÑO,CALLE,2,5,"[-70.57075781040136, -33.388832959995824]","POLYGON((-70.57075781040136 -33.388832959995824, -70.5708231872544 -33.38873806974586, -70.57110239078494 -33.38887343891829, -70.57103701414626 -33.38896832930749, -70.57075781040136 -33.388832959995824))"
151600142700040,13132041005027,307084,V1313210197,CORONEL ARTURO AVENDAÑO,CALLE,2,5,"[-70.57068371028195, -33.38893896316739]","POLYGON((-70.57068371028195 -33.38893896316739, -70.57075694892491 -33.388832880716805, -70.57103600870033 -33.38896845877651, -70.57096277029646 -33.38907454138301, -70.57068371028195 -33.38893896316739))"
151600142700041,13132041005027,307084,V1313210197,CORONEL ARTURO AVENDAÑO,CALLE,2,4,"[-70.57061569798036, -33.38903677261532]","POLYGON((-70.57061569798036 -33.38903677261532, -70.57068285042644 -33.38893897405203, -70.57096229140662 -33.38907399895087, -70.57089513918231 -33.389171797657255, -70.57061569798036 -33.38903677261532))"
151600142700042,13132041005027,307084,V1313210197,CORONEL ARTURO AVENDAÑO,CALLE,1,4,"[-70.5705397163611, -33.38914577561375]","POLYGON((-70.5705397163611 -33.38914577561375, -70.57061483812384 -33.389036783499535, -70.57089401578997 -33.38917219162333, -70.57081889427333 -33.38928118389755, -70.5705397163611 -33.38914577561375))"
151600142700043,13132041005027,307084,V1313210197,CORONEL ARTURO AVENDAÑO,CALLE,1,4,"[-70.57043774220044, -33.389291993080825]","POLYGON((-70.57043774220044 -33.389291993080825, -70.57053885650348 -33.389145786497465, -70.57081779659136 -33.389281539250355, -70.57071668261719 -33.389427746048945, -70.57043774220044 -33.389291993080825))"
151600142700044,13132041005027,307084,V1313210197,CORONEL ARTURO AVENDAÑO,CALLE,2,5,"[-70.57035913956808, -33.389404726716826]","POLYGON((-70.57035913956808 -33.389404726716826, -70.57043688234134 -33.389292003963874, -70.57071601630012 -33.38942747669226, -70.57063827378121 -33.38954019961077, -70.57035913956808 -33.389404726716826))"
151600142700045,13132041005027,307084,V1313210197,CORONEL ARTURO AVENDAÑO,CALLE,2,5,"[-70.57025727554004, -33.38955112301533]","POLYGON((-70.57025727554004 -33.38955112301533, -70.57035913956808 -33.389404726716826, -70.5706376512761 -33.38954109822515, -70.57053578757504 -33.38968749474026, -70.57025727554004 -33.38955112301533))"
151600143500004,13132041005030,307489,V1313210292,ISLAS GALAPAGOS,CALLE,1,4,"[-70.56939798649375, -33.388953879332234]","POLYGON((-70.56939798649375 -33.388953879332234, -70.56946948110188 -33.38884637672037, -70.56975110163832 -33.388978176249466, -70.56967960728257 -33.389085679014464, -70.56939798649375 -33.388953879332234))"
151600143500005,13132041005030,307486,V1313210292,ISLAS GALAPAGOS,CALLE,1,5,"[-70.56947034095698, -33.38884636584415]","POLYGON((-70.56947034095698 -33.38884636584415, -70.56953211835045 -33.388754497875716, -70.5698129926637 -33.388887412808295, -70.56975121548338 -33.38897928090883, -70.56947034095698 -33.38884636584415))"
151600143500005,13132041005030,307489,V1313210292,ISLAS GALAPAGOS,CALLE,1,5,"[-70.56947034095698, -33.38884636584415]","POLYGON((-70.56947034095698 -33.38884636584415, -70.56953211835045 -33.388754497875716, -70.5698129926637 -33.388887412808295, -70.56975121548338 -33.38897928090883, -70.56947034095698 -33.38884636584415))"
151600143500006,13132041005030,307487,V1313210292,ISLAS GALAPAGOS,CALLE,3,6,"[-70.56956247880227, -33.388715063860104]","POLYGON((-70.56956247880227 -33.388715063860104, -70.56956254757436 -33.3886351593539, -70.56988502900154 -33.38863535425829, -70.56988496052463 -33.388715258756044, -70.56956247880227 -33.388715063860104))"
151600143500006,13132041005030,307487,V1313210292,ISLAS GALAPAGOS,CALLE,4,6,"[-70.56953297820463, -33.38875448699908]","POLYGON((-70.56953297820463 -33.38875448699908, -70.56956247880227 -33.388715063860104, -70.56983560657865 -33.388858891556566, -70.56980610606116 -33.38889831475744, -70.56953297820463 -33.38875448699908))"
151600143500006,13132041005030,307486,V1313210292,ISLAS GALAPAGOS,CALLE,4,6,"[-70.56953297820463, -33.38875448699908]","POLYGON((-70.56953297820463 -33.38875448699908, -70.56956247880227 -33.388715063860104, -70.56983560657865 -33.388858891556566, -70.56980610606116 -33.38889831475744, -70.56953297820463 -33.38875448699908))"
151600143500006,13132041005030,307489,V1313210292,ISLAS GALAPAGOS,CALLE,4,6,"[-70.56953297820463, -33.38875448699908]","POLYGON((-70.56953297820463 -33.38875448699908, -70.56956247880227 -33.388715063860104, -70.56983560657865 -33.388858891556566, -70.56980610606116 -33.38889831475744, -70.56953297820463 -33.38875448699908))"
151600143500059,13132041005030,308905,V1313210591,EMBAJADOR DOUSSINAGUE,PASAJE,3,4,"[-70.5697537447873, -33.38760346270989]","POLYGON((-70.5697537447873 -33.38760346270989, -70.56968852689299 -33.38770123631673, -70.56940711104308 -33.38756913561454, -70.56947232916617 -33.387471362147316, -70.5697537447873 -33.38760346270989))"
151600143500059,13132041005030,308912,V1313210591,EMBAJADOR DOUSSINAGUE,PASAJE,3,4,"[-70.5697537447873, -33.38760346270989]","POLYGON((-70.5697537447873 -33.38760346270989, -70.56968852689299 -33.38770123631673, -70.56940711104308 -33.38756913561454, -70.56947232916617 -33.387471362147316, -70.5697537447873 -33.38760346270989))"
151600143500059,13132041005030,308904,V1313210591,EMBAJADOR DOUSSINAGUE,PASAJE,3,4,"[-70.5697537447873, -33.38760346270989]","POLYGON((-70.5697537447873 -33.38760346270989, -70.56968852689299 -33.38770123631673, -70.56940711104308 -33.38756913561454, -70.56947232916617 -33.387471362147316, -70.5697537447873 -33.38760346270989))"
151600143500060,13132041005030,308905,V1313210591,EMBAJADOR DOUSSINAGUE,PASAJE,4,5,"[-70.5698137344106, -33.38751387183811]","POLYGON((-70.5698137344106 -33.38751387183811, -70.5697537447873 -33.38760346270989, -70.56947258757317 -33.38747097549288, -70.56953257740528 -33.38738138474946, -70.5698137344106 -33.38751387183811))"
151600143500061,13132041005030,308905,V1313210591,EMBAJADOR DOUSSINAGUE,PASAJE,3,4,"[-70.56987895040969, -33.38741600800661]","POLYGON((-70.56987895040969 -33.38741600800661, -70.5698137344106 -33.38751387183811, -70.56953225551683 -33.38738186662005, -70.56959747174514 -33.387284002928176, -70.56987895040969 -33.38741600800661))"
151600143500062,13132041005030,308905,V1313210591,EMBAJADOR DOUSSINAGUE,PASAJE,3,4,"[-70.56993535354495, -33.38733025021115]","POLYGON((-70.56993535354495 -33.38733025021115, -70.56987895040969 -33.38741600800661, -70.56959659931292 -33.387285320711, -70.56965300265178 -33.387199563036546, -70.56993535354495 -33.38733025021115))"
151600143500063,13132041005030,308905,V1313210591,EMBAJADOR DOUSSINAGUE,PASAJE,5,7,"[-70.57000680570415, -33.38722049321592]","POLYGON((-70.57000680570415 -33.38722049321592, -70.56993535354495 -33.38733025021115, -70.56965233264623 -33.387200586958095, -70.5697237850687 -33.387090830116364, -70.57000680570415 -33.38722049321592))"
151600143500066,13132041005030,308903,V1313210591,EMBAJADOR DOUSSINAGUE,PASAJE,2,4,"[-70.56987812507543, -33.38711895003178]","POLYGON((-70.56987812507543 -33.38711895003178, -70.56998897443769 -33.3871734620476, -70.56982589151018 -33.38740684185998, -70.56971504194131 -33.38735232970609, -70.56987812507543 -33.38711895003178))"
151600143500067,13132041005030,308903,V1313210591,EMBAJADOR DOUSSINAGUE,PASAJE,2,4,"[-70.56977701871699, -33.38706819259787]","POLYGON((-70.56977701871699 -33.38706819259787, -70.5698781121077 -33.38711822871821, -70.56971424572072 -33.38735122196854, -70.569613152143 -33.3873011857216, -70.56977701871699 -33.38706819259787))"
151600143500068,13132041005030,308903,V1313210591,EMBAJADOR DOUSSINAGUE,PASAJE,2,4,"[-70.56965009731758, -33.387004684859114]","POLYGON((-70.56965009731758 -33.387004684859114, -70.56977700412928 -33.38706738112003, -70.56961336297417 -33.387300485710824, -70.5694864559272 -33.387237789291234, -70.56965009731758 -33.387004684859114))"
151600143500069,13132041005030,308903,V1313210591,EMBAJADOR DOUSSINAGUE,PASAJE,2,4,"[-70.5695410231465, -33.3869532163576]","POLYGON((-70.5695410231465 -33.3869532163576, -70.56965008435179 -33.387003963545425, -70.56949366734226 -33.387240532544226, -70.56938460592092 -33.387189785226724, -70.5695410231465 -33.3869532163576))"
151600143500070,13132041005030,308903,V1313210591,EMBAJADOR DOUSSINAGUE,PASAJE,2,4,"[-70.5693183729231, -33.38684501509739]","POLYGON((-70.5693183729231 -33.38684501509739, -70.56954101018167 -33.38695249504388, -70.56938016719403 -33.38718696612452, -70.56915752951154 -33.38707948590496, -70.5693183729231 -33.38684501509739))"
151600143500070,13132041005030,307279,V1313210242,EMBAJADOR DOUSSINAGUE,CALLE,3,4,"[-70.56944270462701, -33.38666875477394]","POLYGON((-70.56944270462701 -33.38666875477394, -70.5693183729231 -33.38684501509739, -70.56904084821348 -33.38670724674532, -70.56916518030461 -33.3865309866856, -70.56944270462701 -33.38666875477394))"
151600143500070,13132041005030,307280,V1313210242,EMBAJADOR DOUSSINAGUE,CALLE,3,4,"[-70.56944270462701, -33.38666875477394]","POLYGON((-70.56944270462701 -33.38666875477394, -70.5693183729231 -33.38684501509739, -70.56904084821348 -33.38670724674532, -70.56916518030461 -33.3865309866856, -70.56944270462701 -33.38666875477394))"
151600143500070,13132041005030,307278,V1313210242,EMBAJADOR DOUSSINAGUE,CALLE,3,4,"[-70.56944270462701, -33.38666875477394]","POLYGON((-70.56944270462701 -33.38666875477394, -70.5693183729231 -33.38684501509739, -70.56904084821348 -33.38670724674532, -70.56916518030461 -33.3865309866856, -70.56944270462701 -33.38666875477394))"
151600143500070,13132041005030,308903,V1313210591,EMBAJADOR DOUSSINAGUE,PASAJE,3,4,"[-70.56944270462701, -33.38666875477394]","POLYGON((-70.56944270462701 -33.38666875477394, -70.5693183729231 -33.38684501509739, -70.56904084821348 -33.38670724674532, -70.56916518030461 -33.3865309866856, -70.56944270462701 -33.38666875477394))"
151600143500073,13132041005030,306879,V1313210145,BUENAVENTURA,CALLE,1,5,"[-70.5698414366163, -33.38663891006664]","POLYGON((-70.5698414366163 -33.38663891006664, -70.5697565226115 -33.3866277192042, -70.56980656924605 -33.386360473559506, -70.56989148299449 -33.386371664395575, -70.5698414366163 -33.38663891006664))"
151600143500073,13132041005030,308872,V1313210574,BUENAVENTURA,PASAJE,1,5,"[-70.5698414366163, -33.38663891006664]","POLYGON((-70.5698414366163 -33.38663891006664, -70.5697565226115 -33.3866277192042, -70.56980656924605 -33.386360473559506, -70.56989148299449 -33.386371664395575, -70.5698414366163 -33.38663891006664))"
151600143500073,13132041005030,306880,V1313210145,BUENAVENTURA,CALLE,1,5,"[-70.5698414366163, -33.38663891006664]","POLYGON((-70.5698414366163 -33.38663891006664, -70.5697565226115 -33.3866277192042, -70.56980656924605 -33.386360473559506, -70.56989148299449 -33.386371664395575, -70.5698414366163 -33.38663891006664))"
151600143500073,13132041005030,306879,V1313210145,BUENAVENTURA,CALLE,2,5,"[-70.56988084980216, -33.38666654905564]","POLYGON((-70.56988084980216 -33.38666654905564, -70.5698414366163 -33.38663891006664, -70.57004825822568 -33.38643135359047, -70.57008767137786 -33.386458992515465, -70.56988084980216 -33.38666654905564))"
151600143500074,13132041005030,306879,V1313210145,BUENAVENTURA,CALLE,4,4,"[-70.57000321506982, -33.38672181722136]","POLYGON((-70.57000321506982 -33.38672181722136, -70.56988086276968 -33.38666727036928, -70.57003219347528 -33.38642838495635, -70.57015454552277 -33.38648293166822, -70.57000321506982 -33.38672181722136))"
151600143500075,13132041005030,306879,V1313210145,BUENAVENTURA,CALLE,4,4,"[-70.57010695462624, -33.38676956506305]","POLYGON((-70.57010695462624 -33.38676956506305, -70.57000322803837 -33.386722538534954, -70.57015654667032 -33.38648454683997, -70.57026027304734 -33.386531573247446, -70.57010695462624 -33.38676956506305))"
151600143500076,13132041005030,306879,V1313210145,BUENAVENTURA,CALLE,4,4,"[-70.57022499343822, -33.38682335460971]","POLYGON((-70.57022499343822 -33.38682335460971, -70.57010696759569 -33.38677028637662, -70.5702593053782 -33.38653185180287, -70.57037733097894 -33.38658491989972, -70.57022499343822 -33.38682335460971))"
151600146700052,13132021003046,306025,V1313210038,JUAN XXIII,AVENIDA,3,4,"[-70.57143286098814, -33.38769899807435]","POLYGON((-70.57143286098814 -33.38769899807435, -70.57151786945033 -33.38790651859453, -70.57121289525949 -33.38799443505063, -70.5711278874193 -33.38778691430558, -70.57143286098814 -33.38769899807435))"
151600146700053,13132021003046,306025,V1313210038,JUAN XXIII,AVENIDA,3,4,"[-70.57138733244595, -33.387588467144845]","POLYGON((-70.57138733244595 -33.387588467144845, -70.57143284800729 -33.38769827676135, -70.57112825797479 -33.38778712376033, -70.57108274274098 -33.38767731402372, -70.57138733244595 -33.387588467144845))"
151600146700054,13132021003046,306025,V1313210038,JUAN XXIII,AVENIDA,1,4,"[-70.57133370201875, -33.38745783742713]","POLYGON((-70.57133370201875 -33.38745783742713, -70.57138731946553 -33.38758774583182, -70.57108259036241 -33.38767625567691, -70.57102897330378 -33.3875463471306, -70.57133370201875 -33.38745783742713))"
151600146700054,13132021003046,306024,V1313210038,JUAN XXIII,AVENIDA,1,4,"[-70.57133370201875, -33.38745783742713]","POLYGON((-70.57133370201875 -33.38745783742713, -70.57138731946553 -33.38758774583182, -70.57108259036241 -33.38767625567691, -70.57102897330378 -33.3875463471306, -70.57133370201875 -33.38745783742713))"
151600146700054,13132021003046,307490,V1313210293,ISLAS MARIANAS,CALLE,1,4,"[-70.57133370201875, -33.38745783742713]","POLYGON((-70.57133370201875 -33.38745783742713, -70.57138731946553 -33.38758774583182, -70.57108259036241 -33.38767625567691, -70.57102897330378 -33.3875463471306, -70.57133370201875 -33.38745783742713))"
151600146700055,13132021003046,306024,V1313210038,JUAN XXIII,AVENIDA,2,4,"[-70.57117271683401, -33.387072622959245]","POLYGON((-70.57117271683401 -33.387072622959245, -70.57128896828205 -33.38734964118988, -70.57098479016878 -33.387439472969035, -70.57086853954266 -33.387162454432456, -70.57117271683401 -33.387072622959245))"
151600146700055,13132021003046,306883,V1313210145,BUENAVENTURA,CALLE,3,4,"[-70.57127906647057, -33.38704431106268]","POLYGON((-70.57127906647057 -33.38704431106268, -70.57117271683401 -33.387072622959245, -70.57107517644164 -33.386814771672526, -70.57118152580267 -33.38678645986673, -70.57127906647057 -33.38704431106268))"
151600146700055,13132021003046,306887,V1313210145,BUENAVENTURA,CALLE,3,4,"[-70.57127906647057, -33.38704431106268]","POLYGON((-70.57127906647057 -33.38704431106268, -70.57117271683401 -33.387072622959245, -70.57107517644164 -33.386814771672526, -70.57118152580267 -33.38678645986673, -70.57127906647057 -33.38704431106268))"
151600146700058,13132021003046,306024,V1313210038,JUAN XXIII,AVENIDA,2,4,"[-70.57128896828205, -33.38734964118988]","POLYGON((-70.57128896828205 -33.38734964118988, -70.57133370201875 -33.38745783742713, -70.57102903013059 -33.38754648469655, -70.57098429671694 -33.38743828834119, -70.57128896828205 -33.38734964118988))"
151600146700059,13132021003046,306883,V1313210145,BUENAVENTURA,CALLE,3,4,"[-70.57147583870214, -33.38699275868437]","POLYGON((-70.57147583870214 -33.38699275868437, -70.57128004676603 -33.38704502012653, -70.57118227095663 -33.38678723161188, -70.57137806238595 -33.38673497033718, -70.57147583870214 -33.38699275868437))"
151600146700059,13132021003046,306887,V1313210145,BUENAVENTURA,CALLE,3,4,"[-70.57147583870214, -33.38699275868437]","POLYGON((-70.57147583870214 -33.38699275868437, -70.57128004676603 -33.38704502012653, -70.57118227095663 -33.38678723161188, -70.57137806238595 -33.38673497033718, -70.57147583870214 -33.38699275868437))"
151600174900001,13132051003042,307402,V1313210269,GERONIMO DE ALDERETE,CALLE,1,4,"[-70.56188239858106, -33.39387467958769]","POLYGON((-70.56188239858106 -33.39387467958769, -70.56193161115132 -33.39376493650751, -70.56223346359761 -33.393860180777914, -70.56218425136312 -33.393969923966765, -70.56188239858106 -33.39387467958769))"
151600174900001,13132051003042,307352,V1313210251,FERNANDO DE ARGUELLO,CALLE,4,4,"[-70.56193161115132, -33.39376493650751]","POLYGON((-70.56193161115132 -33.39376493650751, -70.56167140124089 -33.39368515186463, -70.56178211985352 -33.39343107018941, -70.56204232908844 -33.39351085462225, -70.56193161115132 -33.39376493650751))"
151600174900002,13132051003042,307352,V1313210251,FERNANDO DE ARGUELLO,CALLE,1,4,"[-70.56167140124089, -33.39368515186463]","POLYGON((-70.56167140124089 -33.39368515186463, -70.56150610664982 -33.393634384034534, -70.5616169902592 -33.393380352994924, -70.56178228442144 -33.39343112069137, -70.56167140124089 -33.39368515186463))"
151600174900022,13132051003042,307351,V1313210251,FERNANDO DE ARGUELLO,CALLE,4,4,"[-70.55895704793409, -33.392764771488004]","POLYGON((-70.55895704793409 -33.392764771488004, -70.5588220473742 -33.39271848935403, -70.5589440540654 -33.39246807180687, -70.5590790542917 -33.39251435381923, -70.55895704793409 -33.392764771488004))"
151600174900023,13132051003042,307351,V1313210251,FERNANDO DE ARGUELLO,CALLE,4,4,"[-70.55882203288515, -33.39271767787268]","POLYGON((-70.55882203288515 -33.39271767787268, -70.55868887423402 -33.39267218411308, -70.55881052119324 -33.392421643458434, -70.55894367951477 -33.39246713709848, -70.55882203288515 -33.39271767787268))"
151600174900024,13132051003042,307351,V1313210251,FERNANDO DE ARGUELLO,CALLE,2,4,"[-70.55868885974623, -33.39267137263169]","POLYGON((-70.55868885974623 -33.39267137263169, -70.55854758497108 -33.3926229143936, -70.55866964565017 -33.39237251537534, -70.55881092007631 -33.3924209734861, -70.55868885974623 -33.39267137263169))"
151600174900024,13132051003042,307335,V1313210251,FERNANDO DE ARGUELLO,CALLE,2,4,"[-70.55868885974623, -33.39267137263169]","POLYGON((-70.55868885974623 -33.39267137263169, -70.55854758497108 -33.3926229143936, -70.55866964565017 -33.39237251537534, -70.55881092007631 -33.3924209734861, -70.55868885974623 -33.39267137263169))"
151600174900024,13132051003042,308570,V1313210516,TEXAS,CALLE,2,4,"[-70.55868885974623, -33.39267137263169]","POLYGON((-70.55868885974623 -33.39267137263169, -70.55854758497108 -33.3926229143936, -70.55866964565017 -33.39237251537534, -70.55881092007631 -33.3924209734861, -70.55868885974623 -33.39267137263169))"
151600174900025,13132051003042,307335,V1313210251,FERNANDO DE ARGUELLO,CALLE,4,4,"[-70.55854758497108, -33.3926229143936]","POLYGON((-70.55854758497108 -33.3926229143936, -70.55841171045094 -33.39257583111943, -70.55853483975459 -33.39232580053118, -70.5586707139408 -33.39237288368168, -70.55854758497108 -33.3926229143936))"
151600174900041,13132051003042,307402,V1313210269,GERONIMO DE ALDERETE,CALLE,1,4,"[-70.56168215965528, -33.39432262265899]","POLYGON((-70.56168215965528 -33.39432262265899, -70.56183061804457 -33.393991128646434, -70.56213252052108 -33.394086263044436, -70.56198406314654 -33.39441775738481, -70.56168215965528 -33.39432262265899))"
151600174900041,13132051003042,305861,V1313210019,AVENIDA PRESIDENTE KENNEDY,AVENIDA,2,4,"[-70.56143000937766, -33.39423669371339]","POLYGON((-70.56143000937766 -33.39423669371339, -70.56168215965528 -33.39432262265899, -70.56156077315221 -33.39457325273572, -70.56130862224958 -33.39448732356427, -70.56143000937766 -33.39423669371339))"
151600174900041,13132051003042,306342,V1313210053,PRESIDENTE KENNEDY,AVENIDA,2,4,"[-70.56143000937766, -33.39423669371339]","POLYGON((-70.56143000937766 -33.39423669371339, -70.56168215965528 -33.39432262265899, -70.56156077315221 -33.39457325273572, -70.56130862224958 -33.39448732356427, -70.56143000937766 -33.39423669371339))"
151600174900042,13132051003042,305861,V1313210019,AVENIDA PRESIDENTE KENNEDY,AVENIDA,2,4,"[-70.56125563102898, -33.394177021411956]","POLYGON((-70.56125563102898 -33.394177021411956, -70.56142999647622 -33.39423597239771, -70.56130943569636 -33.39448688274076, -70.56113506981526 -33.39442793160003, -70.56125563102898 -33.394177021411956))"
151600174900042,13132051003042,306342,V1313210053,PRESIDENTE KENNEDY,AVENIDA,2,4,"[-70.56125563102898, -33.394177021411956]","POLYGON((-70.56125563102898 -33.394177021411956, -70.56142999647622 -33.39423597239771, -70.56130943569636 -33.39448688274076, -70.56113506981526 -33.39442793160003, -70.56125563102898 -33.394177021411956))"
151600174900048,13132051003042,305861,V1313210019,AVENIDA PRESIDENTE KENNEDY,AVENIDA,2,4,"[-70.56004152580265, -33.393770138395176]","POLYGON((-70.56004152580265 -33.393770138395176, -70.56025163756914 -33.3938381109983, -70.56013559120657 -33.394090514549845, -70.55992547890658 -33.394022541767825, -70.56004152580265 -33.393770138395176))"
151600174900048,13132051003042,306342,V1313210053,PRESIDENTE KENNEDY,AVENIDA,2,4,"[-70.56004152580265, -33.393770138395176]","POLYGON((-70.56004152580265 -33.393770138395176, -70.56025163756914 -33.3938381109983, -70.56013559120657 -33.394090514549845, -70.55992547890658 -33.394022541767825, -70.56004152580265 -33.393770138395176))"
151600174900049,13132051003042,305861,V1313210019,AVENIDA PRESIDENTE KENNEDY,AVENIDA,2,4,"[-70.55984841684393, -33.39370303388537]","POLYGON((-70.55984841684393 -33.39370303388537, -70.56004152580265 -33.393770138395176, -70.55991809742119 -33.394020065706215, -70.55972498798853 -33.39395296102015, -70.55984841684393 -33.39370303388537))"
151600174900049,13132051003042,306342,V1313210053,PRESIDENTE KENNEDY,AVENIDA,2,4,"[-70.55984841684393, -33.39370303388537]","POLYGON((-70.55984841684393 -33.39370303388537, -70.56004152580265 -33.393770138395176, -70.55991809742119 -33.394020065706215, -70.55972498798853 -33.39395296102015, -70.55984841684393 -33.39370303388537))"
151600174900050,13132051003042,305861,V1313210019,AVENIDA PRESIDENTE KENNEDY,AVENIDA,1,5,"[-70.55968214407014, -33.393645602229824]","POLYGON((-70.55968214407014 -33.393645602229824, -70.55984841684393 -33.39370303388537, -70.55972562283888 -33.39395318096444, -70.55955934965573 -33.393895749158, -70.55968214407014 -33.393645602229824))"
151600174900050,13132051003042,306342,V1313210053,PRESIDENTE KENNEDY,AVENIDA,1,5,"[-70.55968214407014, -33.393645602229824]","POLYGON((-70.55968214407014 -33.393645602229824, -70.55984841684393 -33.39370303388537, -70.55972562283888 -33.39395318096444, -70.55955934965573 -33.393895749158, -70.55968214407014 -33.393645602229824))"
151600174900056,13132051003042,305861,V1313210019,AVENIDA PRESIDENTE KENNEDY,AVENIDA,3,4,"[-70.55852522119608, -33.39324916816473]","POLYGON((-70.55852522119608 -33.39324916816473, -70.55870046873824 -33.39330955493522, -70.55857792706489 -33.393559789002936, -70.55840267909078 -33.39349940207377, -70.55852522119608 -33.39324916816473))"
151600174900056,13132051003042,306342,V1313210053,PRESIDENTE KENNEDY,AVENIDA,3,4,"[-70.55852522119608, -33.39324916816473]","POLYGON((-70.55852522119608 -33.39324916816473, -70.55870046873824 -33.39330955493522, -70.55857792706489 -33.393559789002936, -70.55840267909078 -33.39349940207377, -70.55852522119608 -33.39324916816473))"
151600174900057,13132051003042,305861,V1313210019,AVENIDA PRESIDENTE KENNEDY,AVENIDA,2,5,"[-70.55832227675627, -33.393179028313114]","POLYGON((-70.55832227675627 -33.393179028313114, -70.55852522119608 -33.39324916816473, -70.55840236613044 -33.39349929407261, -70.55819942119118 -33.39342915403672, -70.55832227675627 -33.393179028313114))"
151600174900057,13132051003042,306342,V1313210053,PRESIDENTE KENNEDY,AVENIDA,2,5,"[-70.55832227675627, -33.393179028313114]","POLYGON((-70.55832227675627 -33.393179028313114, -70.55852522119608 -33.39324916816473, -70.55840236613044 -33.39349929407261, -70.55819942119118 -33.39342915403672, -70.55832227675627 -33.393179028313114))"
151600174900058,13132051003042,305861,V1313210019,AVENIDA PRESIDENTE KENNEDY,AVENIDA,5,5,"[-70.55813090140362, -33.39311253059876]","POLYGON((-70.55813090140362 -33.39311253059876, -70.55832227675627 -33.393179028313114, -70.55819885679118 -33.39342895844862, -70.55800748096883 -33.39336246055961, -70.55813090140362 -33.39311253059876))"
151600174900058,13132051003042,306342,V1313210053,PRESIDENTE KENNEDY,AVENIDA,5,5,"[-70.55813090140362, -33.39311253059876]","POLYGON((-70.55813090140362 -33.39311253059876, -70.55832227675627 -33.393179028313114, -70.55819885679118 -33.39342895844862, -70.55800748096883 -33.39336246055961, -70.55813090140362 -33.39311253059876))"
151600174900068,13132051003042,307402,V1313210269,GERONIMO DE ALDERETE,CALLE,3,4,"[-70.56183061804457, -33.393991128646434]","POLYGON((-70.56183061804457 -33.393991128646434, -70.56188239858106 -33.39387467958769, -70.56218456533982 -33.393969220840695, -70.56213278516083 -33.39408567001377, -70.56183061804457 -33.393991128646434))"
151600175100003,13132051001041,307333,V1313210251,FERNANDO DE ARGUELLO,CALLE,3,5,"[-70.56286050469782, -33.3940523819216]","POLYGON((-70.56286050469782 -33.3940523819216, -70.56269520877623 -33.39400161571939, -70.562806089303 -33.3937475837184, -70.56297138479573 -33.39379834978697, -70.56286050469782 -33.3940523819216))"
151600175100004,13132051001041,307333,V1313210251,FERNANDO DE ARGUELLO,CALLE,3,4,"[-70.56269519586446, -33.39400089440413]","POLYGON((-70.56269519586446 -33.39400089440413, -70.56254233070312 -33.39395384936942, -70.56265341221656 -33.39369987916185, -70.56280627698162 -33.39374692407272, -70.56269519586446 -33.39400089440413))"
151600175100005,13132051001041,307333,V1313210251,FERNANDO DE ARGUELLO,CALLE,4,4,"[-70.56254233070312, -33.39395384936942]","POLYGON((-70.56254233070312 -33.39395384936942, -70.56232772833272 -33.393887380186634, -70.56243943790581 -33.39363360389169, -70.5626540397213 -33.3937000728995, -70.56254233070312 -33.39395384936942))"
151600175100006,13132051001041,307402,V1313210269,GERONIMO DE ALDERETE,CALLE,3,4,"[-70.56209432649564, -33.39381573623477]","POLYGON((-70.56209432649564 -33.39381573623477, -70.56198969002511 -33.394054600231684, -70.56168697786903 -33.39396129397958, -70.56179161507727 -33.393722430213735, -70.56209432649564 -33.39381573623477))"
151600175100006,13132051001041,307333,V1313210251,FERNANDO DE ARGUELLO,CALLE,4,4,"[-70.56232772833272, -33.393887380186634]","POLYGON((-70.56232772833272 -33.393887380186634, -70.56209432649564 -33.39381573623477, -70.56220515330143 -33.393561687746725, -70.56243855453286 -33.39363333150999, -70.56232772833272 -33.393887380186634))"
151600175100008,13132051001041,306312,V1313210053,PRESIDENTE KENNEDY,AVENIDA,2,5,"[-70.56285694269488, -33.394724212834724]","POLYGON((-70.56285694269488 -33.394724212834724, -70.5630662505292 -33.394795076621726, -70.5629455431169 -33.39504593743602, -70.56273623476208 -33.39497507346274, -70.56285694269488 -33.394724212834724))"
151600175100008,13132051001041,305858,V1313210019,AVENIDA PRESIDENTE KENNEDY,AVENIDA,2,5,"[-70.56285694269488, -33.394724212834724]","POLYGON((-70.56285694269488 -33.394724212834724, -70.5630662505292 -33.394795076621726, -70.5629455431169 -33.39504593743602, -70.56273623476208 -33.39497507346274, -70.56285694269488 -33.394724212834724))"
151600175100012,13132051001041,305846,V1313210019,AVENIDA PRESIDENTE KENNEDY,AVENIDA,2,4,"[-70.56207828997552, -33.39445769278731]","POLYGON((-70.56207828997552 -33.39445769278731, -70.56231065960935 -33.39453764672785, -70.5621882668444 -33.394787932263235, -70.56195589663734 -33.39470797811264, -70.56207828997552 -33.39445769278731))"
151600175100012,13132051001041,306312,V1313210053,PRESIDENTE KENNEDY,AVENIDA,2,4,"[-70.56207828997552, -33.39445769278731]","POLYGON((-70.56207828997552 -33.39445769278731, -70.56231065960935 -33.39453764672785, -70.5621882668444 -33.394787932263235, -70.56195589663734 -33.39470797811264, -70.56207828997552 -33.39445769278731))"
151600175100012,13132051001041,308414,V1313210503,SIN NOMBRE,CALLE,2,4,"[-70.56207828997552, -33.39445769278731]","POLYGON((-70.56207828997552 -33.39445769278731, -70.56231065960935 -33.39453764672785, -70.5621882668444 -33.394787932263235, -70.56195589663734 -33.39470797811264, -70.56207828997552 -33.39445769278731))"
151600175100012,13132051001041,305858,V1313210019,AVENIDA PRESIDENTE KENNEDY,AVENIDA,2,4,"[-70.56207828997552, -33.39445769278731]","POLYGON((-70.56207828997552 -33.39445769278731, -70.56231065960935 -33.39453764672785, -70.5621882668444 -33.394787932263235, -70.56195589663734 -33.39470797811264, -70.56207828997552 -33.39445769278731))"
151600179100007,13132051003043,307350,V1313210251,FERNANDO DE ARGUELLO,CALLE,1,5,"[-70.55631234807848, -33.39184652322955]","POLYGON((-70.55631234807848 -33.39184652322955, -70.55526188141775 -33.39147929528356, -70.55538593808093 -33.391229587658934, -70.55643640217184 -33.391596814640536, -70.55631234807848 -33.39184652322955))"
151600179100007,13132051003043,306787,V1313210119,ATLANTA,CALLE,1,5,"[-70.55631234807848, -33.39184652322955]","POLYGON((-70.55631234807848 -33.39184652322955, -70.55526188141775 -33.39147929528356, -70.55538593808093 -33.391229587658934, -70.55643640217184 -33.391596814640536, -70.55631234807848 -33.39184652322955))"
151600179100007,13132051003043,307345,V1313210251,FERNANDO DE ARGUELLO,CALLE,1,5,"[-70.55631234807848, -33.39184652322955]","POLYGON((-70.55631234807848 -33.39184652322955, -70.55526188141775 -33.39147929528356, -70.55538593808093 -33.391229587658934, -70.55643640217184 -33.391596814640536, -70.55631234807848 -33.39184652322955))"
151600179100027,13132051003043,306332,V1313210053,PRESIDENTE KENNEDY,AVENIDA,3,4,"[-70.55509820596096, -33.392062227733916]","POLYGON((-70.55509820596096 -33.392062227733916, -70.55540494138303 -33.3921652519411, -70.55528506647414 -33.39241639311203, -70.55497833028659 -33.392313368633886, -70.55509820596096 -33.392062227733916))"
151600179100027,13132051003043,305841,V1313210019,AVENIDA PRESIDENTE KENNEDY,AVENIDA,3,4,"[-70.55509820596096, -33.392062227733916]","POLYGON((-70.55509820596096 -33.392062227733916, -70.55540494138303 -33.3921652519411, -70.55528506647414 -33.39241639311203, -70.55497833028659 -33.392313368633886, -70.55509820596096 -33.392062227733916))"
151600179100028,13132051003043,305854,V1313210019,AVENIDA PRESIDENTE KENNEDY,AVENIDA,2,5,"[-70.55480499214795, -33.39196381311229]","POLYGON((-70.55480499214795 -33.39196381311229, -70.55509820596096 -33.392062227733916, -70.5549784026688 -33.392313392936735, -70.55468518812381 -33.39221497805627, -70.55480499214795 -33.39196381311229))"
151600179100028,13132051003043,306332,V1313210053,PRESIDENTE KENNEDY,AVENIDA,2,5,"[-70.55480499214795, -33.39196381311229]","POLYGON((-70.55480499214795 -33.39196381311229, -70.55509820596096 -33.392062227733916, -70.5549784026688 -33.392313392936735, -70.55468518812381 -33.39221497805627, -70.55480499214795 -33.39196381311229))"
151600179100028,13132051003043,308397,V1313210503,SIN NOMBRE,CALLE,2,5,"[-70.55480499214795, -33.39196381311229]","POLYGON((-70.55480499214795 -33.39196381311229, -70.55509820596096 -33.392062227733916, -70.5549784026688 -33.392313392936735, -70.55468518812381 -33.39221497805627, -70.55480499214795 -33.39196381311229))"
151600179100028,13132051003043,305841,V1313210019,AVENIDA PRESIDENTE KENNEDY,AVENIDA,2,5,"[-70.55480499214795, -33.39196381311229]","POLYGON((-70.55480499214795 -33.39196381311229, -70.55509820596096 -33.392062227733916, -70.5549784026688 -33.392313392936735, -70.55468518812381 -33.39221497805627, -70.55480499214795 -33.39196381311229))"
151600179100033,13132051003043,305854,V1313210019,AVENIDA PRESIDENTE KENNEDY,AVENIDA,3,4,"[-70.55416658611227, -33.3917338135046]","POLYGON((-70.55416658611227 -33.3917338135046, -70.55434903105682 -33.39180024895795, -70.55422061513687 -33.39204840138869, -70.55403816975583 -33.391981965761204, -70.55416658611227 -33.3917338135046))"
151600179100033,13132051003043,306311,V1313210053,PRESIDENTE KENNEDY,AVENIDA,3,4,"[-70.55416658611227, -33.3917338135046]","POLYGON((-70.55416658611227 -33.3917338135046, -70.55434903105682 -33.39180024895795, -70.55422061513687 -33.39204840138869, -70.55403816975583 -33.391981965761204, -70.55416658611227 -33.3917338135046))"
151600179100033,13132051003043,306358,V1313210053,PRESIDENTE KENNEDY,AVENIDA,3,4,"[-70.55416658611227, -33.3917338135046]","POLYGON((-70.55416658611227 -33.3917338135046, -70.55434903105682 -33.39180024895795, -70.55422061513687 -33.39204840138869, -70.55403816975583 -33.391981965761204, -70.55416658611227 -33.3917338135046))"
151600179100034,13132051003043,305854,V1313210019,AVENIDA PRESIDENTE KENNEDY,AVENIDA,2,4,"[-70.5539985189424, -33.39167179713217]","POLYGON((-70.5539985189424 -33.39167179713217, -70.55416658611227 -33.3917338135046, -70.5540367334184 -33.39198143924847, -70.55386866584949 -33.39191942271361, -70.5539985189424 -33.39167179713217))"
151600179100034,13132051003043,306311,V1313210053,PRESIDENTE KENNEDY,AVENIDA,2,4,"[-70.5539985189424, -33.39167179713217]","POLYGON((-70.5539985189424 -33.39167179713217, -70.55416658611227 -33.3917338135046, -70.5540367334184 -33.39198143924847, -70.55386866584949 -33.39191942271361, -70.5539985189424 -33.39167179713217))"
151600179100034,13132051003043,306358,V1313210053,PRESIDENTE KENNEDY,AVENIDA,2,4,"[-70.5539985189424, -33.39167179713217]","POLYGON((-70.5539985189424 -33.39167179713217, -70.55416658611227 -33.3917338135046, -70.5540367334184 -33.39198143924847, -70.55386866584949 -33.39191942271361, -70.5539985189424 -33.39167179713217))"
151600182300003,13132051003044,307348,V1313210251,FERNANDO DE ARGUELLO,CALLE,2,4,"[-70.55283722318721, -33.390621613115236]","POLYGON((-70.55283722318721 -33.390621613115236, -70.55267797436781 -33.39056561710562, -70.55280264333398 -33.390316124329416, -70.55296189176502 -33.39037212019201, -70.55283722318721 -33.390621613115236))"
151600182300004,13132051003044,307348,V1313210251,FERNANDO DE ARGUELLO,CALLE,4,4,"[-70.55267795993704, -33.39056480562163]","POLYGON((-70.55267795993704 -33.39056480562163, -70.55254295304991 -33.390517795123934, -70.55266658894035 -33.390267940866295, -70.55280159549658 -33.390314951240505, -70.55267795993704 -33.39056480562163))"
151600182300005,13132051003044,307348,V1313210251,FERNANDO DE ARGUELLO,CALLE,4,4,"[-70.5525430477085, -33.39051707245982]","POLYGON((-70.5525430477085 -33.39051707245982, -70.55241864180161 -33.39047371694481, -70.55254236608002 -33.39022389348553, -70.55266677168211 -33.39026724888667, -70.5525430477085 -33.39051707245982))"
151600182300006,13132051003044,307348,V1313210251,FERNANDO DE ARGUELLO,CALLE,4,4,"[-70.5524187364612, -33.390472994280785]","POLYGON((-70.5524187364612 -33.390472994280785, -70.55227216005305 -33.39042225028346, -70.55239518516673 -33.390172183979935, -70.55254176121456 -33.390222927843936, -70.5524187364612 -33.390472994280785))"
151600182300007,13132051003044,307348,V1313210251,FERNANDO DE ARGUELLO,CALLE,4,4,"[-70.55227214562612, -33.39042143879929]","POLYGON((-70.55227214562612 -33.39042143879929, -70.55215855897339 -33.39038191580173, -70.55228211767827 -33.3901320347016, -70.5523957040525 -33.390171557595316, -70.55227214562612 -33.39042143879929))"
151600182300008,13132051003044,307348,V1313210251,FERNANDO DE ARGUELLO,CALLE,2,4,"[-70.55215854615041, -33.39038119448245]","POLYGON((-70.55215854615041 -33.39038119448245, -70.55203067386077 -33.390336348789454, -70.5521550648901 -33.390086758454096, -70.55228293686748 -33.39013160402932, -70.55215854615041 -33.39038119448245))"
151600182300009,13132051003044,307348,V1313210251,FERNANDO DE ARGUELLO,CALLE,1,4,"[-70.55203067386077, -33.390336348789454]","POLYGON((-70.55203067386077 -33.390336348789454, -70.55191448054639 -33.39029532502524, -70.55203958225954 -33.3900459847772, -70.5521557752912 -33.39008700843371, -70.55203067386077 -33.390336348789454))"
151600182300015,13132051003044,306311,V1313210053,PRESIDENTE KENNEDY,AVENIDA,2,4,"[-70.55268337682975, -33.39117168254298]","POLYGON((-70.55268337682975 -33.39117168254298, -70.55285235496643 -33.39123666543602, -70.55271796102748 -33.39148258011756, -70.55254898249973 -33.3914175970548, -70.55268337682975 -33.39117168254298))"
151600182300015,13132051003044,305853,V1313210019,AVENIDA PRESIDENTE KENNEDY,AVENIDA,2,4,"[-70.55268337682975, -33.39117168254298]","POLYGON((-70.55268337682975 -33.39117168254298, -70.55285235496643 -33.39123666543602, -70.55271796102748 -33.39148258011756, -70.55254898249973 -33.3914175970548, -70.55268337682975 -33.39117168254298))"
151600182300016,13132051003044,306311,V1313210053,PRESIDENTE KENNEDY,AVENIDA,3,4,"[-70.55250456484502, -33.391103846358185]","POLYGON((-70.55250456484502 -33.391103846358185, -70.55268337682975 -33.39117168254298, -70.55255048779297 -33.39141817202383, -70.55237167539083 -33.39135033566169, -70.55250456484502 -33.391103846358185))"
151600182300016,13132051003044,305853,V1313210019,AVENIDA PRESIDENTE KENNEDY,AVENIDA,3,4,"[-70.55250456484502, -33.391103846358185]","POLYGON((-70.55250456484502 -33.391103846358185, -70.55268337682975 -33.39117168254298, -70.55255048779297 -33.39141817202383, -70.55237167539083 -33.39135033566169, -70.55250456484502 -33.391103846358185))"
151600182300017,13132051003044,306311,V1313210053,PRESIDENTE KENNEDY,AVENIDA,2,4,"[-70.55230257169794, -33.391026199214416]","POLYGON((-70.55230257169794 -33.391026199214416, -70.55250456484502 -33.391103846358185, -70.55237021726242 -33.39134977882373, -70.55216822364775 -33.39127213147714, -70.55230257169794 -33.391026199214416))"
151600182300017,13132051003044,305853,V1313210019,AVENIDA PRESIDENTE KENNEDY,AVENIDA,2,4,"[-70.55230257169794, -33.391026199214416]","POLYGON((-70.55230257169794 -33.391026199214416, -70.55250456484502 -33.391103846358185, -70.55237021726242 -33.39134977882373, -70.55216822364775 -33.39127213147714, -70.55230257169794 -33.391026199214416))"
151600182300018,13132051003044,306311,V1313210053,PRESIDENTE KENNEDY,AVENIDA,4,5,"[-70.55211920262606, -33.390955984481764]","POLYGON((-70.55211920262606 -33.390955984481764, -70.55230257169794 -33.391026199214416, -70.55216865511221 -33.391272297012684, -70.5519852856148 -33.39120208209659, -70.55211920262606 -33.390955984481764))"
151600182300018,13132051003044,305853,V1313210019,AVENIDA PRESIDENTE KENNEDY,AVENIDA,4,5,"[-70.55211920262606, -33.390955984481764]","POLYGON((-70.55211920262606 -33.390955984481764, -70.55230257169794 -33.391026199214416, -70.55216865511221 -33.391272297012684, -70.5519852856148 -33.39120208209659, -70.55211920262606 -33.390955984481764))"
151600182300019,13132051003044,306311,V1313210053,PRESIDENTE KENNEDY,AVENIDA,2,4,"[-70.55193508144329, -33.390885778879685]","POLYGON((-70.55193508144329 -33.390885778879685, -70.55211920262606 -33.390955984481764, -70.55198575379661 -33.3912022609925, -70.5518016321854 -33.39113205520694, -70.55193508144329 -33.390885778879685))"
151600182300019,13132051003044,305853,V1313210019,AVENIDA PRESIDENTE KENNEDY,AVENIDA,2,4,"[-70.55193508144329, -33.390885778879685]","POLYGON((-70.55193508144329 -33.390885778879685, -70.55211920262606 -33.390955984481764, -70.55198575379661 -33.3912022609925, -70.5518016321854 -33.39113205520694, -70.55193508144329 -33.390885778879685))"
151600182300020,13132051003044,306311,V1313210053,PRESIDENTE KENNEDY,AVENIDA,3,6,"[-70.55173568334456, -33.390808909999315]","POLYGON((-70.55173568334456 -33.390808909999315, -70.55193508144329 -33.390885778879685, -70.55180041703564 -33.39113158931741, -70.55160101847618 -33.39105472023632, -70.55173568334456 -33.390808909999315))"
151600182300020,13132051003044,305853,V1313210019,AVENIDA PRESIDENTE KENNEDY,AVENIDA,3,6,"[-70.55173568334456, -33.390808909999315]","POLYGON((-70.55173568334456 -33.390808909999315, -70.55193508144329 -33.390885778879685, -70.55180041703564 -33.39113158931741, -70.55160101847618 -33.39105472023632, -70.55173568334456 -33.390808909999315))"
151600182300021,13132051003044,306311,V1313210053,PRESIDENTE KENNEDY,AVENIDA,2,5,"[-70.55152103404934, -33.39072682040324]","POLYGON((-70.55152103404934 -33.39072682040324, -70.55173568334456 -33.390808909999315, -70.5516019060508 -33.391055061037676, -70.55138725625707 -33.39097297122711, -70.55152103404934 -33.39072682040324))"
151600182300021,13132051003044,305853,V1313210019,AVENIDA PRESIDENTE KENNEDY,AVENIDA,2,5,"[-70.55152103404934, -33.39072682040324]","POLYGON((-70.55152103404934 -33.39072682040324, -70.55173568334456 -33.390808909999315, -70.5516019060508 -33.391055061037676, -70.55138725625707 -33.39097297122711, -70.55152103404934 -33.39072682040324))"
151600182500024,13132051002046,307699,V1313210332,LAS HUALTATAS,CALLE,2,4,"[-70.55156574124302, -33.38686589259978]","POLYGON((-70.55156574124302 -33.38686589259978, -70.55174822518032 -33.38694125995732, -70.55160578848803 -33.38718396561915, -70.55142330414914 -33.38710859806602, -70.55156574124302 -33.38686589259978))"
151600182500025,13132051002046,307699,V1313210332,LAS HUALTATAS,CALLE,4,4,"[-70.55140479516362, -33.38679864289225]","POLYGON((-70.55140479516362 -33.38679864289225, -70.55156574124302 -33.38686589259978, -70.55142196804502 -33.38710804301959, -70.55126102161464 -33.38704079313776, -70.55140479516362 -33.38679864289225))"
151600182500026,13132051002046,307699,V1313210332,LAS HUALTATAS,CALLE,3,4,"[-70.55123497027812, -33.3867278063833]","POLYGON((-70.55123497027812 -33.3867278063833, -70.55140478234861 -33.38679792157226, -70.55126237642513 -33.38704063988328, -70.55109256398086 -33.38697052451236, -70.55123497027812 -33.3867278063833))"
151600182500027,13132051002046,307699,V1313210332,LAS HUALTATAS,CALLE,3,4,"[-70.55106687655382, -33.38665757929204]","POLYGON((-70.55106687655382 -33.38665757929204, -70.55123497027812 -33.3867278063833, -70.55109121255856 -33.386969963213474, -70.55092311846765 -33.386899735940176, -70.55106687655382 -33.38665757929204))"
151600182500028,13132051002046,307699,V1313210332,LAS HUALTATAS,CALLE,3,4,"[-70.5509309656946, -33.386601649879374]","POLYGON((-70.5509309656946 -33.386601649879374, -70.55106687655382 -33.38665757929204, -70.55092485540901 -33.38690045615592, -70.55078894424989 -33.386844526598075, -70.5509309656946 -33.386601649879374))"
151600182500034,13132051002046,305811,V1313210017,AVENIDA PADRE HURTADO NORTE,AVENIDA,2,4,"[-70.55038912188192, -33.385661748711414]","POLYGON((-70.55038912188192 -33.385661748711414, -70.55023723533357 -33.385977490361824, -70.54993819422329 -33.38587625119112, -70.55009008170707 -33.38556050987573, -70.55038912188192 -33.385661748711414))"
151600182500034,13132051002046,305814,V1313210017,AVENIDA PADRE HURTADO NORTE,AVENIDA,2,4,"[-70.55038912188192, -33.385661748711414]","POLYGON((-70.55038912188192 -33.385661748711414, -70.55023723533357 -33.385977490361824, -70.54993819422329 -33.38587625119112, -70.55009008170707 -33.38556050987573, -70.55038912188192 -33.385661748711414))"
151600182500035,13132051002046,305811,V1313210017,AVENIDA PADRE HURTADO NORTE,AVENIDA,3,4,"[-70.55048039599964, -33.38547428592798]","POLYGON((-70.55048039599964 -33.38547428592798, -70.55038998171351 -33.38566173796826, -70.55009105383526 -33.38556026600382, -70.550181468676 -33.38537281416295, -70.55048039599964 -33.38547428592798))"
151600182500035,13132051002046,305814,V1313210017,AVENIDA PADRE HURTADO NORTE,AVENIDA,3,4,"[-70.55048039599964, -33.38547428592798]","POLYGON((-70.55048039599964 -33.38547428592798, -70.55038998171351 -33.38566173796826, -70.55009105383526 -33.38556026600382, -70.550181468676 -33.38537281416295, -70.55048039599964 -33.38547428592798))"
151600182500036,13132051002046,305811,V1313210017,AVENIDA PADRE HURTADO NORTE,AVENIDA,3,4,"[-70.55053939337313, -33.38535197927308]","POLYGON((-70.55053939337313 -33.38535197927308, -70.55048039599964 -33.38547428592798, -70.55018147228887 -33.38537280667295, -70.55024047002419 -33.385250500148175, -70.55053939337313 -33.38535197927308))"
151600182500036,13132051002046,308322,V1313210475,RINCONADA,CALLE,3,4,"[-70.55053939337313, -33.38535197927308]","POLYGON((-70.55053939337313 -33.38535197927308, -70.55048039599964 -33.38547428592798, -70.55018147228887 -33.38537280667295, -70.55024047002419 -33.385250500148175, -70.55053939337313 -33.38535197927308))"
151600182500036,13132051002046,305814,V1313210017,AVENIDA PADRE HURTADO NORTE,AVENIDA,3,4,"[-70.55053939337313, -33.38535197927308]","POLYGON((-70.55053939337313 -33.38535197927308, -70.55048039599964 -33.38547428592798, -70.55018147228887 -33.38537280667295, -70.55024047002419 -33.385250500148175, -70.55053939337313 -33.38535197927308))"
151600182500036,13132051002046,305786,V1313210017,AVENIDA PADRE HURTADO NORTE,AVENIDA,3,4,"[-70.55053939337313, -33.38535197927308]","POLYGON((-70.55053939337313 -33.38535197927308, -70.55048039599964 -33.38547428592798, -70.55018147228887 -33.38537280667295, -70.55024047002419 -33.385250500148175, -70.55053939337313 -33.38535197927308))"
151600182500037,13132051002046,305811,V1313210017,AVENIDA PADRE HURTADO NORTE,AVENIDA,3,4,"[-70.55061001672185, -33.38520634975067]","POLYGON((-70.55061001672185 -33.38520634975067, -70.55054025320159 -33.385351968529015, -70.55024104372771 -33.385251084592035, -70.55031080768022 -33.385105465967584, -70.55061001672185 -33.38520634975067))"
151600182500037,13132051002046,305786,V1313210017,AVENIDA PADRE HURTADO NORTE,AVENIDA,3,4,"[-70.55061001672185, -33.38520634975067]","POLYGON((-70.55061001672185 -33.38520634975067, -70.55054025320159 -33.385351968529015, -70.55024104372771 -33.385251084592035, -70.55031080768022 -33.385105465967584, -70.55061001672185 -33.38520634975067))"
151600182500038,13132051002046,305811,V1313210017,AVENIDA PADRE HURTADO NORTE,AVENIDA,3,4,"[-70.55067523509427, -33.38507115901497]","POLYGON((-70.55067523509427 -33.38507115901497, -70.55061087654886 -33.38520633900614, -70.550311408592 -33.38510599734972, -70.55037576753988 -33.38497081750054, -70.55067523509427 -33.38507115901497))"
151600182500038,13132051002046,305786,V1313210017,AVENIDA PADRE HURTADO NORTE,AVENIDA,3,4,"[-70.55067523509427, -33.38507115901497]","POLYGON((-70.55067523509427 -33.38507115901497, -70.55061087654886 -33.38520633900614, -70.550311408592 -33.38510599734972, -70.55037576753988 -33.38497081750054, -70.55067523509427 -33.38507115901497))"
151600182500039,13132051002046,305811,V1313210017,AVENIDA PADRE HURTADO NORTE,AVENIDA,3,4,"[-70.5507629882648, -33.384891315572226]","POLYGON((-70.5507629882648 -33.384891315572226, -70.55067620239812 -33.38507114692691, -70.55037729978736 -33.38496962684127, -70.55046408618595 -33.38478979567799, -70.5507629882648 -33.384891315572226))"
151600182500039,13132051002046,305786,V1313210017,AVENIDA PADRE HURTADO NORTE,AVENIDA,3,4,"[-70.5507629882648, -33.384891315572226]","POLYGON((-70.5507629882648 -33.384891315572226, -70.55067620239812 -33.38507114692691, -70.55037729978736 -33.38496962684127, -70.55046408618595 -33.38478979567799, -70.5507629882648 -33.384891315572226))"
151600182500040,13132051002046,305811,V1313210017,AVENIDA PADRE HURTADO NORTE,AVENIDA,3,4,"[-70.55089260571432, -33.38462328896039]","POLYGON((-70.55089260571432 -33.38462328896039, -70.55076384808864 -33.384891304826716, -70.55046475586508 -33.38479017982812, -70.55059351428528 -33.38452216424581, -70.55089260571432 -33.38462328896039))"
151600182500040,13132051002046,305786,V1313210017,AVENIDA PADRE HURTADO NORTE,AVENIDA,3,4,"[-70.55089260571432, -33.38462328896039]","POLYGON((-70.55089260571432 -33.38462328896039, -70.55076384808864 -33.384891304826716, -70.55046475586508 -33.38479017982812, -70.55059351428528 -33.38452216424581, -70.55089260571432 -33.38462328896039))"
151600182500042,13132051002046,305811,V1313210017,AVENIDA PADRE HURTADO NORTE,AVENIDA,3,4,"[-70.55096500380196, -33.384474751135926]","POLYGON((-70.55096500380196 -33.384474751135926, -70.55089346553548 -33.38462327821406, -70.55059448234495 -33.38452192848752, -70.55066602105116 -33.38437340156717, -70.55096500380196 -33.384474751135926))"
151600182500042,13132051002046,309107,V1313210653,PASAJE PADRE HURTADO NORTE,PASAJE,3,4,"[-70.55096500380196, -33.384474751135926]","POLYGON((-70.55096500380196 -33.384474751135926, -70.55089346553548 -33.38462327821406, -70.55059448234495 -33.38452192848752, -70.55066602105116 -33.38437340156717, -70.55096500380196 -33.384474751135926))"
151600182500042,13132051002046,305786,V1313210017,AVENIDA PADRE HURTADO NORTE,AVENIDA,3,4,"[-70.55096500380196, -33.384474751135926]","POLYGON((-70.55096500380196 -33.384474751135926, -70.55089346553548 -33.38462327821406, -70.55059448234495 -33.38452192848752, -70.55066602105116 -33.38437340156717, -70.55096500380196 -33.384474751135926))"
151600182500042,13132051002046,305822,V1313210017,AVENIDA PADRE HURTADO NORTE,AVENIDA,3,4,"[-70.55096500380196, -33.384474751135926]","POLYGON((-70.55096500380196 -33.384474751135926, -70.55089346553548 -33.38462327821406, -70.55059448234495 -33.38452192848752, -70.55066602105116 -33.38437340156717, -70.55096500380196 -33.384474751135926))"
151600184100020,13132051003044,306311,V1313210053,PRESIDENTE KENNEDY,AVENIDA,2,4,"[-70.55076386343964, -33.39043714255214]","POLYGON((-70.55076386343964 -33.39043714255214, -70.5509389926757 -33.39050358437271, -70.55080610083613 -33.39075007260143, -70.55063097119127 -33.39068363060713, -70.55076386343964 -33.39043714255214))"
151600184100020,13132051003044,305853,V1313210019,AVENIDA PRESIDENTE KENNEDY,AVENIDA,2,4,"[-70.55076386343964, -33.39043714255214]","POLYGON((-70.55076386343964 -33.39043714255214, -70.5509389926757 -33.39050358437271, -70.55080610083613 -33.39075007260143, -70.55063097119127 -33.39068363060713, -70.55076386343964 -33.39043714255214))"
151600184100021,13132051003044,306311,V1313210053,PRESIDENTE KENNEDY,AVENIDA,4,5,"[-70.55059846253081, -33.39037364519417]","POLYGON((-70.55059846253081 -33.39037364519417, -70.55076386343964 -33.39043714255214, -70.55062966356037 -33.39068313156107, -70.55046426226836 -33.39061963403723, -70.55059846253081 -33.39037364519417))"
151600184100021,13132051003044,305853,V1313210019,AVENIDA PRESIDENTE KENNEDY,AVENIDA,4,5,"[-70.55059846253081, -33.39037364519417]","POLYGON((-70.55059846253081 -33.39037364519417, -70.55076386343964 -33.39043714255214, -70.55062966356037 -33.39068313156107, -70.55046426226836 -33.39061963403723, -70.55059846253081 -33.39037364519417))"
151600184100022,13132051003044,306311,V1313210053,PRESIDENTE KENNEDY,AVENIDA,3,4,"[-70.55043923171091, -33.39031250550628]","POLYGON((-70.55043923171091 -33.39031250550628, -70.55059846253081 -33.39037364519417, -70.55046424280138 -33.39061962656318, -70.55030501161264 -33.39055848671558, -70.55043923171091 -33.39031250550628))"
151600184100022,13132051003044,305853,V1313210019,AVENIDA PRESIDENTE KENNEDY,AVENIDA,3,4,"[-70.55043923171091, -33.39031250550628]","POLYGON((-70.55043923171091 -33.39031250550628, -70.55059846253081 -33.39037364519417, -70.55046424280138 -33.39061962656318, -70.55030501161264 -33.39055848671558, -70.55043923171091 -33.39031250550628))"
151600184100023,13132051003044,306311,V1313210053,PRESIDENTE KENNEDY,AVENIDA,3,4,"[-70.55027027146132, -33.39024833069802]","POLYGON((-70.55027027146132 -33.39024833069802, -70.55043923171091 -33.39031250550628, -70.5503062140423 -33.390558945915764, -70.55013725339862 -33.390494770939725, -70.55027027146132 -33.39024833069802))"
151600184100023,13132051003044,306334,V1313210053,PRESIDENTE KENNEDY,AVENIDA,3,4,"[-70.55027027146132, -33.39024833069802]","POLYGON((-70.55027027146132 -33.39024833069802, -70.55043923171091 -33.39031250550628, -70.5503062140423 -33.390558945915764, -70.55013725339862 -33.390494770939725, -70.55027027146132 -33.39024833069802))"
151600184100023,13132051003044,305853,V1313210019,AVENIDA PRESIDENTE KENNEDY,AVENIDA,3,4,"[-70.55027027146132, -33.39024833069802]","POLYGON((-70.55027027146132 -33.39024833069802, -70.55043923171091 -33.39031250550628, -70.5503062140423 -33.390558945915764, -70.55013725339862 -33.390494770939725, -70.55027027146132 -33.39024833069802))"
151600184100023,13132051003044,306357,V1313210053,PRESIDENTE KENNEDY,AVENIDA,3,4,"[-70.55027027146132, -33.39024833069802]","POLYGON((-70.55027027146132 -33.39024833069802, -70.55043923171091 -33.39031250550628, -70.5503062140423 -33.390558945915764, -70.55013725339862 -33.390494770939725, -70.55027027146132 -33.39024833069802))"
151600184100024,13132051003044,306334,V1313210053,PRESIDENTE KENNEDY,AVENIDA,3,4,"[-70.55010129704604, -33.390183344166736]","POLYGON((-70.55010129704604 -33.390183344166736, -70.55027027146132 -33.39024833069802, -70.55013587154033 -33.390494242785934, -70.54996689673406 -33.39042925608491, -70.55010129704604 -33.390183344166736))"
151600184100024,13132051003044,305853,V1313210019,AVENIDA PRESIDENTE KENNEDY,AVENIDA,3,4,"[-70.55010129704604, -33.390183344166736]","POLYGON((-70.55010129704604 -33.390183344166736, -70.55027027146132 -33.39024833069802, -70.55013587154033 -33.390494242785934, -70.54996689673406 -33.39042925608491, -70.55010129704604 -33.390183344166736))"
151600184100024,13132051003044,306357,V1313210053,PRESIDENTE KENNEDY,AVENIDA,3,4,"[-70.55010129704604, -33.390183344166736]","POLYGON((-70.55010129704604 -33.390183344166736, -70.55027027146132 -33.39024833069802, -70.55013587154033 -33.390494242785934, -70.54996689673406 -33.39042925608491, -70.55010129704604 -33.390183344166736))"
151600184100026,13132051003044,306334,V1313210053,PRESIDENTE KENNEDY,AVENIDA,3,5,"[-70.5495683902094, -33.38997806583346]","POLYGON((-70.5495683902094 -33.38997806583346, -70.54994217438525 -33.39012220247614, -70.54980748061182 -33.39036800136293, -70.54943369557255 -33.390223864343845, -70.5495683902094 -33.38997806583346))"
151600184100026,13132051003044,305853,V1313210019,AVENIDA PRESIDENTE KENNEDY,AVENIDA,3,5,"[-70.5495683902094, -33.38997806583346]","POLYGON((-70.5495683902094 -33.38997806583346, -70.54994217438525 -33.39012220247614, -70.54980748061182 -33.39036800136293, -70.54943369557255 -33.390223864343845, -70.5495683902094 -33.38997806583346))"
151600184100026,13132051003044,306357,V1313210053,PRESIDENTE KENNEDY,AVENIDA,3,5,"[-70.5495683902094, -33.38997806583346]","POLYGON((-70.5495683902094 -33.38997806583346, -70.54994217438525 -33.39012220247614, -70.54980748061182 -33.39036800136293, -70.54943369557255 -33.390223864343845, -70.5495683902094 -33.38997806583346))"
151600184100028,13132051003044,306334,V1313210053,PRESIDENTE KENNEDY,AVENIDA,3,4,"[-70.54937982616539, -33.38990565721863]","POLYGON((-70.54937982616539 -33.38990565721863, -70.5495683902094 -33.38997806583346, -70.54943416258921 -33.390224044055465, -70.54924559810844 -33.39015163525146, -70.54937982616539 -33.38990565721863))"
151600184100028,13132051003044,305853,V1313210019,AVENIDA PRESIDENTE KENNEDY,AVENIDA,3,4,"[-70.54937982616539, -33.38990565721863]","POLYGON((-70.54937982616539 -33.38990565721863, -70.5495683902094 -33.38997806583346, -70.54943416258921 -33.390224044055465, -70.54924559810844 -33.39015163525146, -70.54937982616539 -33.38990565721863))"
151600184100028,13132051003044,306357,V1313210053,PRESIDENTE KENNEDY,AVENIDA,3,4,"[-70.54937982616539, -33.38990565721863]","POLYGON((-70.54937982616539 -33.38990565721863, -70.5495683902094 -33.38997806583346, -70.54943416258921 -33.390224044055465, -70.54924559810844 -33.39015163525146, -70.54937982616539 -33.38990565721863))"
151600184100029,13132051003044,306334,V1313210053,PRESIDENTE KENNEDY,AVENIDA,3,4,"[-70.54919210949984, -33.389832516250905]","POLYGON((-70.54919210949984 -33.389832516250905, -70.54937982616539 -33.38990565721863, -70.54924397652928 -33.39015100800189, -70.54905625943307 -33.39007786684331, -70.54919210949984 -33.389832516250905))"
151600184100029,13132051003044,305842,V1313210019,AVENIDA PRESIDENTE KENNEDY,AVENIDA,3,4,"[-70.54919210949984, -33.389832516250905]","POLYGON((-70.54919210949984 -33.389832516250905, -70.54937982616539 -33.38990565721863, -70.54924397652928 -33.39015100800189, -70.54905625943307 -33.39007786684331, -70.54919210949984 -33.389832516250905))"
151600184100029,13132051003044,305853,V1313210019,AVENIDA PRESIDENTE KENNEDY,AVENIDA,3,4,"[-70.54919210949984, -33.389832516250905]","POLYGON((-70.54919210949984 -33.389832516250905, -70.54937982616539 -33.38990565721863, -70.54924397652928 -33.39015100800189, -70.54905625943307 -33.39007786684331, -70.54919210949984 -33.389832516250905))"
151600184100029,13132051003044,306357,V1313210053,PRESIDENTE KENNEDY,AVENIDA,3,4,"[-70.54919210949984, -33.389832516250905]","POLYGON((-70.54919210949984 -33.389832516250905, -70.54937982616539 -33.38990565721863, -70.54924397652928 -33.39015100800189, -70.54905625943307 -33.39007786684331, -70.54919210949984 -33.389832516250905))"
151600184100030,13132051003044,305842,V1313210019,AVENIDA PRESIDENTE KENNEDY,AVENIDA,2,4,"[-70.5489926085958, -33.38975564415133]","POLYGON((-70.5489926085958 -33.38975564415133, -70.54919210949984 -33.389832516250905, -70.54905750060075 -33.39007834776658, -70.54885799923566 -33.39000147546625, -70.5489926085958 -33.38975564415133))"
151600184100030,13132051003044,306357,V1313210053,PRESIDENTE KENNEDY,AVENIDA,2,4,"[-70.5489926085958, -33.38975564415133]","POLYGON((-70.5489926085958 -33.38975564415133, -70.54919210949984 -33.389832516250905, -70.54905750060075 -33.39007834776658, -70.54885799923566 -33.39000147546625, -70.5489926085958 -33.38975564415133))"
151600184500003,13132051001018,306168,V1313210047,MANQUEHUE NORTE,AVENIDA,1,4,"[-70.57213657008909, -33.393477591827285]","POLYGON((-70.57213657008909 -33.393477591827285, -70.57215804312973 -33.39314760489513, -70.57248006171334 -33.39316234900034, -70.57245858989123 -33.393492335951976, -70.57213657008909 -33.393477591827285))"
151600184500003,13132051001018,306200,V1313210047,MANQUEHUE NORTE,AVENIDA,1,4,"[-70.57213657008909, -33.393477591827285]","POLYGON((-70.57213657008909 -33.393477591827285, -70.57215804312973 -33.39314760489513, -70.57248006171334 -33.39316234900034, -70.57245858989123 -33.393492335951976, -70.57213657008909 -33.393477591827285))"
151600184500003,13132051001018,306219,V1313210047,MANQUEHUE NORTE,AVENIDA,1,4,"[-70.57213657008909, -33.393477591827285]","POLYGON((-70.57213657008909 -33.393477591827285, -70.57215804312973 -33.39314760489513, -70.57248006171334 -33.39316234900034, -70.57245858989123 -33.393492335951976, -70.57213657008909 -33.393477591827285))"
151600185300018,13132051001002,306549,V1313210062,VITACURA,AVENIDA,5,5,"[-70.56977887295879, -33.389892212521005]","POLYGON((-70.56977887295879 -33.389892212521005, -70.5696153159944 -33.389800399422526, -70.56979466446244 -33.389575571422306, -70.56995822117456 -33.389667384294306, -70.56977887295879 -33.389892212521005))"
151600185300034,13132051001002,308123,V1313210423,NUESTRA SEÑORA DEL ROSARIO,CALLE,3,5,"[-70.56941859297494, -33.38968763184243]","POLYGON((-70.56941859297494 -33.38968763184243, -70.56922819128778 -33.38991459987671, -70.56896446261578 -33.38975891255809, -70.5691548646827 -33.38953194491301, -70.56941859297494 -33.38968763184243))"
151600185300034,13132051001002,306549,V1313210062,VITACURA,AVENIDA,4,5,"[-70.56961530302753, -33.389799678109156]","POLYGON((-70.56961530302753 -33.389799678109156, -70.56941859297494 -33.38968763184243, -70.56959974902281 -33.38946382607746, -70.5697964587797 -33.38957587206874, -70.56961530302753 -33.389799678109156))"
151600185300034,13132051001002,307492,V1313210293,ISLAS MARIANAS,CALLE,4,5,"[-70.56961530302753, -33.389799678109156]","POLYGON((-70.56961530302753 -33.389799678109156, -70.56941859297494 -33.38968763184243, -70.56959974902281 -33.38946382607746, -70.5697964587797 -33.38957587206874, -70.56961530302753 -33.389799678109156))"
151600187100005,13132051001003,308123,V1313210423,NUESTRA SEÑORA DEL ROSARIO,CALLE,2,5,"[-70.56896704046609, -33.389961641987774]","POLYGON((-70.56896704046609 -33.389961641987774, -70.5690439915451 -33.389876526603885, -70.56930094093742 -33.390039997096785, -70.5692239899781 -33.390125112634806, -70.56896704046609 -33.389961641987774))"
151600187100006,13132051001003,308123,V1313210423,NUESTRA SEÑORA DEL ROSARIO,CALLE,1,4,"[-70.5690439915451, -33.389876526603885]","POLYGON((-70.5690439915451 -33.389876526603885, -70.56927012920026 -33.38960410472433, -70.56953477345327 -33.389758694258795, -70.56930863626363 -33.390031116601826, -70.5690439915451 -33.389876526603885))"
151600187100006,13132051001003,306607,V1313210062,VITACURA,AVENIDA,4,4,"[-70.56927012920026, -33.38960410472433]","POLYGON((-70.56927012920026 -33.38960410472433, -70.56913695688058 -33.38952795955636, -70.56931858554576 -33.389304423662466, -70.56945175766667 -33.389380568643425, -70.56927012920026 -33.38960410472433))"
151600187100007,13132051001003,306538,V1313210062,VITACURA,AVENIDA,1,5,"[-70.56913695688058, -33.38952795955636]","POLYGON((-70.56913695688058 -33.38952795955636, -70.56898491754855 -33.38944285397894, -70.56916391297543 -33.38921782840935, -70.56931595207182 -33.38930293377669, -70.56913695688058 -33.38952795955636))"
151600187100007,13132051001003,306607,V1313210062,VITACURA,AVENIDA,1,5,"[-70.56913695688058, -33.38952795955636]","POLYGON((-70.56913695688058 -33.38952795955636, -70.56898491754855 -33.38944285397894, -70.56916391297543 -33.38921782840935, -70.56931595207182 -33.38930293377669, -70.56913695688058 -33.38952795955636))"
151600187100007,13132051001003,307489,V1313210292,ISLAS GALAPAGOS,CALLE,1,5,"[-70.56913695688058, -33.38952795955636]","POLYGON((-70.56913695688058 -33.38952795955636, -70.56898491754855 -33.38944285397894, -70.56916391297543 -33.38921782840935, -70.56931595207182 -33.38930293377669, -70.56913695688058 -33.38952795955636))"
151600187100008,13132051001003,306745,V1313210106,ARQUITECTO JAIME SANFUENTES,CALLE,2,4,"[-70.56880882354507, -33.3893412779974]","POLYGON((-70.56880882354507 -33.3893412779974, -70.5686479324238 -33.38954135773934, -70.56838058803741 -33.389390073590015, -70.56854147952141 -33.38918999418036, -70.56880882354507 -33.3893412779974))"
151600187100008,13132051001003,306538,V1313210062,VITACURA,AVENIDA,3,4,"[-70.56898490458704, -33.38944213266532]","POLYGON((-70.56898490458704 -33.38944213266532, -70.56880882354507 -33.3893412779974, -70.56899066725273 -33.389117865347394, -70.56916674803271 -33.38921871976773, -70.56898490458704 -33.38944213266532))"
151600187100009,13132051001004,306556,V1313210062,VITACURA,AVENIDA,4,5,"[-70.56853792596776, -33.389186789428365]","POLYGON((-70.56853792596776 -33.389186789428365, -70.56842078698952 -33.38911738500201, -70.5686068306633 -33.388896419399224, -70.56872396947836 -33.388965823656626, -70.56853792596776 -33.389186789428365))"
151600187100010,13132051001004,309185,V1313210683,VITACURA,PASAJE,3,4,"[-70.56828934880362, -33.38904193845084]","POLYGON((-70.56828934880362 -33.38904193845084, -70.56807655443039 -33.38932113418503, -70.56780485743164 -33.38917540977981, -70.56801765235733 -33.38889621449038, -70.56828934880362 -33.38904193845084))"
151600187100010,13132051001004,306556,V1313210062,VITACURA,AVENIDA,4,4,"[-70.56842078698952, -33.38911738500201]","POLYGON((-70.56842078698952 -33.38911738500201, -70.56828934880362 -33.38904193845084, -70.5684714582735 -33.388818678477065, -70.56860289626461 -33.38889412484311, -70.56842078698952 -33.38911738500201))"
151600187100011,13132051001004,309185,V1313210683,VITACURA,PASAJE,4,5,"[-70.56807655443039, -33.38932113418503]","POLYGON((-70.56807655443039 -33.38932113418503, -70.56800417155618 -33.38941520972464, -70.56773322364826 -33.38926850673511, -70.56780560670595 -33.38917443134649, -70.56807655443039 -33.38932113418503))"
151600187100012,13132051001004,309185,V1313210683,VITACURA,PASAJE,4,5,"[-70.56800417155618, -33.38941520972464]","POLYGON((-70.56800417155618 -33.38941520972464, -70.56793713738348 -33.389501822487595, -70.56766665947174 -33.38935451008862, -70.56773369381182 -33.38926789746531, -70.56800417155618 -33.38941520972464))"
151600187100018,13132051001004,309184,V1313210683,VITACURA,PASAJE,1,6,"[-70.56773232985292, -33.38963319416882]","POLYGON((-70.56773232985292 -33.38963319416882, -70.56778061832608 -33.38956233014434, -70.56806059037415 -33.38969658209282, -70.56801230206304 -33.38976744622035, -70.56773232985292 -33.38963319416882))"
151600187100018,13132051001004,309184,V1313210683,VITACURA,PASAJE,2,6,"[-70.56776271261512, -33.3896548153467]","POLYGON((-70.56776271261512 -33.3896548153467, -70.56773232985292 -33.38963319416882, -70.56794094595006 -33.38942690018239, -70.5679713286879 -33.38944852131048, -70.56776271261512 -33.3896548153467))"
151600187100018,13132051001004,309185,V1313210683,VITACURA,PASAJE,2,6,"[-70.56776271261512, -33.3896548153467]","POLYGON((-70.56776271261512 -33.3896548153467, -70.56773232985292 -33.38963319416882, -70.56794094595006 -33.38942690018239, -70.5679713286879 -33.38944852131048, -70.56776271261512 -33.3896548153467))"
151600187100018,13132051001004,309188,V1313210683,VITACURA,PASAJE,2,6,"[-70.56776271261512, -33.3896548153467]","POLYGON((-70.56776271261512 -33.3896548153467, -70.56773232985292 -33.38963319416882, -70.56794094595006 -33.38942690018239, -70.5679713286879 -33.38944852131048, -70.56776271261512 -33.3896548153467))"
151600187100018,13132051001004,309188,V1313210683,VITACURA,PASAJE,6,6,"[-70.56778061832608, -33.38956233014434]","POLYGON((-70.56778061832608 -33.38956233014434, -70.56760815327499 -33.389465215822405, -70.56778788484192 -33.389240603366844, -70.56796034962845 -33.38933771744939, -70.56778061832608 -33.38956233014434))"
151600187100019,13132051001004,309188,V1313210683,VITACURA,PASAJE,4,4,"[-70.56760814032486, -33.389464494508296]","POLYGON((-70.56760814032486 -33.389464494508296, -70.56751776937426 -33.389412968348346, -70.56769904661016 -33.3891892317537, -70.56778941742519 -33.38924075778701, -70.56760814032486 -33.389464494508296))"
151600187100020,13132051001004,309188,V1313210683,VITACURA,PASAJE,1,4,"[-70.5675177564249, -33.3894122470342]","POLYGON((-70.5675177564249 -33.3894122470342, -70.56743735652967 -33.38936519426677, -70.56762187036081 -33.38914332739378, -70.56770227014125 -33.38919038004631, -70.5675177564249 -33.3894122470342))"
151600187100026,13132051001004,309188,V1313210683,VITACURA,PASAJE,2,4,"[-70.56756159544032, -33.389345046691545]","POLYGON((-70.56756159544032 -33.389345046691545, -70.56766619712224 -33.38940478020242, -70.56748472505991 -33.38962840587884, -70.56738012322151 -33.38956867222121, -70.56756159544032 -33.389345046691545))"
151600187100027,13132051001004,309185,V1313210683,VITACURA,PASAJE,1,4,"[-70.56782983233448, -33.38950110417069]","POLYGON((-70.56782983233448 -33.38950110417069, -70.56791292612338 -33.38939282456762, -70.5681840834001 -33.389539255554446, -70.56810098982325 -33.38964753533095, -70.56782983233448 -33.38950110417069))"
151600187100027,13132051001004,309188,V1313210683,VITACURA,PASAJE,2,4,"[-70.56766621007282, -33.38940550151651]","POLYGON((-70.56766621007282 -33.38940550151651, -70.56782983233448 -33.38950110417069, -70.56764551818607 -33.38972308821715, -70.56748189569 -33.389627485329385, -70.56766621007282 -33.38940550151651))"
151600187100028,13132051001004,309185,V1313210683,VITACURA,PASAJE,2,5,"[-70.56791292612338, -33.38939282456762]","POLYGON((-70.56791292612338 -33.38939282456762, -70.56797553826586 -33.389311408226774, -70.56824652575037 -33.38945805989792, -70.56818391376682 -33.38953947636938, -70.56791292612338 -33.38939282456762))"
151600187100029,13132051001004,306595,V1313210062,VITACURA,AVENIDA,1,5,"[-70.56821788546961, -33.38900162727296]","POLYGON((-70.56821788546961 -33.38900162727296, -70.56821060218304 -33.38899116771395, -70.56848905872967 -33.38885471908159, -70.56849634203687 -33.38886517862383, -70.56821788546961 -33.38900162727296))"
151600187100029,13132051001004,309185,V1313210683,VITACURA,PASAJE,1,5,"[-70.56821788546961, -33.38900162727296]","POLYGON((-70.56821788546961 -33.38900162727296, -70.56821060218304 -33.38899116771395, -70.56848905872967 -33.38885471908159, -70.56849634203687 -33.38886517862383, -70.56821788546961 -33.38900162727296))"
151600187100029,13132051001004,306556,V1313210062,VITACURA,AVENIDA,1,5,"[-70.56821788546961, -33.38900162727296]","POLYGON((-70.56821788546961 -33.38900162727296, -70.56821060218304 -33.38899116771395, -70.56848905872967 -33.38885471908159, -70.56849634203687 -33.38886517862383, -70.56821788546961 -33.38900162727296))"
151600187100029,13132051001004,309185,V1313210683,VITACURA,PASAJE,2,5,"[-70.56797553826586, -33.389311408226774]","POLYGON((-70.56797553826586 -33.389311408226774, -70.56821788546961 -33.38900162727296, -70.56848749528004 -33.389150053816884, -70.56824514866474 -33.389459835274394, -70.56797553826586 -33.389311408226774))"
151600187100029,13132051001004,306595,V1313210062,VITACURA,AVENIDA,5,5,"[-70.56821060218304, -33.38899116771395]","POLYGON((-70.56821060218304 -33.38899116771395, -70.56810245374693 -33.3889314794802, -70.56827969924053 -33.38870548171609, -70.56838784750502 -33.38876516980204, -70.56821060218304 -33.38899116771395))"
151600187100030,13132051001004,306595,V1313210062,VITACURA,AVENIDA,1,6,"[-70.56810244079298, -33.388930758166204]","POLYGON((-70.56810244079298 -33.388930758166204, -70.56797011577538 -33.38885378933277, -70.5681538686745 -33.388631479165916, -70.56828619350087 -33.3887084478111, -70.56810244079298 -33.388930758166204))"
151600187100034,13132051001004,306942,V1313210164,CAMOENS,CALLE,6,8,"[-70.56684811104458, -33.38981454172783]","POLYGON((-70.56684811104458 -33.38981454172783, -70.5676500848064 -33.39024983411885, -70.56747489802515 -33.390476960397066, -70.56667292295626 -33.39004166692419, -70.56684811104458 -33.38981454172783))"
151600187100042,13132051001004,308711,V1313210541,WALTER SCOTT,CALLE,2,4,"[-70.56690088171626, -33.389172661932776]","POLYGON((-70.56690088171626 -33.389172661932776, -70.56678637669738 -33.38931587827446, -70.56651855374434 -33.38916519152095, -70.56663305902548 -33.389021975416085, -70.56690088171626 -33.389172661932776))"
151600187100043,13132051001004,308711,V1313210541,WALTER SCOTT,CALLE,3,5,"[-70.56703136281924, -33.38900913252848]","POLYGON((-70.56703136281924 -33.38900913252848, -70.56690088171626 -33.389172661932776, -70.56663289114324 -33.38902218560559, -70.56676337254672 -33.38885865647128, -70.56703136281924 -33.38900913252848))"
151600187100044,13132051001004,308711,V1313210541,WALTER SCOTT,CALLE,4,4,"[-70.5671494518494, -33.38886199275723]","POLYGON((-70.5671494518494 -33.38886199275723, -70.56703136281924 -33.38900913252848, -70.56676385700644 -33.38885805107506, -70.56688194630426 -33.38871091154784, -70.5671494518494 -33.38886199275723))"
151600187100045,13132051001004,308711,V1313210541,WALTER SCOTT,CALLE,4,5,"[-70.5672539569234, -33.38873071659964]","POLYGON((-70.5672539569234 -33.38873071659964, -70.5671494518494 -33.38886199275723, -70.56688127177962 -33.3887117554251, -70.56698577709581 -33.38858047948386, -70.5672539569234 -33.38873071659964))"
151600187100046,13132051001004,308711,V1313210541,WALTER SCOTT,CALLE,1,4,"[-70.56741585673636, -33.38852683811358]","POLYGON((-70.56741585673636 -33.38852683811358, -70.5672539569234 -33.38873071659964, -70.56698557271042 -33.38858073654387, -70.56714747290111 -33.388376858393165, -70.56741585673636 -33.38852683811358))"
151600187100046,13132051001004,306563,V1313210062,VITACURA,AVENIDA,2,4,"[-70.56772248353114, -33.388707572468604]","POLYGON((-70.56772248353114 -33.388707572468604, -70.56741585673636 -33.38852683811358, -70.56760125417294 -33.388305491220166, -70.56790788053604 -33.38848622513463, -70.56772248353114 -33.388707572468604))"
151600187100046,13132051001004,306635,V1313210062,VITACURA,AVENIDA,2,4,"[-70.56772248353114, -33.388707572468604]","POLYGON((-70.56772248353114 -33.388707572468604, -70.56741585673636 -33.38852683811358, -70.56760125417294 -33.388305491220166, -70.56790788053604 -33.38848622513463, -70.56772248353114 -33.388707572468604))"
151600187100053,13132051001004,306745,V1313210106,ARQUITECTO JAIME SANFUENTES,CALLE,2,5,"[-70.56805781795845, -33.390067739573226]","POLYGON((-70.56805781795845 -33.390067739573226, -70.56813920458342 -33.389966155065686, -70.5684068600583 -33.39011705386403, -70.5683254736187 -33.3902186385398, -70.56805781795845 -33.390067739573226))"
151600187100054,13132051001004,306745,V1313210106,ARQUITECTO JAIME SANFUENTES,CALLE,1,4,"[-70.56797649491223, -33.390166888238596]","POLYGON((-70.56797649491223 -33.390166888238596, -70.56805781795845 -33.390067739573226, -70.56832349321175 -33.390221081514404, -70.5682421703389 -33.39032023034695, -70.56797649491223 -33.390166888238596))"
151600187100055,13132051001004,306745,V1313210106,ARQUITECTO JAIME SANFUENTES,CALLE,1,4,"[-70.56789782315612, -33.390264019285915]","POLYGON((-70.56789782315612 -33.390264019285915, -70.56797649491223 -33.390166888238596, -70.56824323791432 -33.390318920551934, -70.56816456633204 -33.390416051761456, -70.56789782315612 -33.390264019285915))"
151600187100056,13132051001004,306745,V1313210106,ARQUITECTO JAIME SANFUENTES,CALLE,2,4,"[-70.56782526386154, -33.39035430919597]","POLYGON((-70.56782526386154 -33.39035430919597, -70.56789685418359 -33.39026394134562, -70.5681654420216 -33.39041367101227, -70.56809385186769 -33.390504039011, -70.56782526386154 -33.39035430919597))"
151600187100056,13132051001004,306942,V1313210164,CAMOENS,CALLE,3,4,"[-70.56765009775727, -33.39025055543284]","POLYGON((-70.56765009775727 -33.39025055543284, -70.56782526386154 -33.39035430919597, -70.56763925301821 -33.390575296124894, -70.56746408666979 -33.39047154210913, -70.56765009775727 -33.39025055543284))"
151600187100057,13132051001003,306745,V1313210106,ARQUITECTO JAIME SANFUENTES,CALLE,3,4,"[-70.5686479324238, -33.38954135773934]","POLYGON((-70.5686479324238 -33.38954135773934, -70.56857987801386 -33.38962500764253, -70.56831351366013 -33.38947251152303, -70.56838156821856 -33.38938886176002, -70.5686479324238 -33.38954135773934))"
151600187100058,13132051001003,306745,V1313210106,ARQUITECTO JAIME SANFUENTES,CALLE,1,4,"[-70.56857987801386, -33.38962500764253]","POLYGON((-70.56857987801386 -33.38962500764253, -70.5685084488077 -33.38971230755917, -70.56824256715012 -33.38955921948169, -70.56831399650963 -33.389471919711966, -70.56857987801386 -33.38962500764253))"
151600187100059,13132051001003,306745,V1313210106,ARQUITECTO JAIME SANFUENTES,CALLE,2,4,"[-70.5685084488077, -33.38971230755917]","POLYGON((-70.5685084488077 -33.38971230755917, -70.56841811141774 -33.38982428650051, -70.56815103617939 -33.389672667082415, -70.5682413737712 -33.389560688327514, -70.5685084488077 -33.38971230755917))"
151600187100060,13132051001003,306745,V1313210106,ARQUITECTO JAIME SANFUENTES,CALLE,2,4,"[-70.56841811141774, -33.38982428650051]","POLYGON((-70.56841811141774 -33.38982428650051, -70.56833765211118 -33.38992360484704, -70.56807092795748 -33.38977155076234, -70.56815138744172 -33.38967223258169, -70.56841811141774 -33.38982428650051))"
151600187100061,13132051001003,306745,V1313210106,ARQUITECTO JAIME SANFUENTES,CALLE,3,5,"[-70.56833765211118, -33.38992360484704]","POLYGON((-70.56833765211118 -33.38992360484704, -70.56825633275686 -33.39002293401335, -70.56799049987379 -33.3898697851532, -70.5680718194024 -33.38977045615413, -70.56833765211118 -33.38992360484704))"
151600187100062,13132051001003,306745,V1313210106,ARQUITECTO JAIME SANFUENTES,CALLE,3,5,"[-70.56825633275686, -33.39002293401335]","POLYGON((-70.56825633275686 -33.39002293401335, -70.56816861380524 -33.3901310919258, -70.56790198361583 -33.38997892111375, -70.56798970276054 -33.38987076338213, -70.56825633275686 -33.39002293401335))"
151600187100063,13132051001003,306745,V1313210106,ARQUITECTO JAIME SANFUENTES,CALLE,3,4,"[-70.56816861380524, -33.3901310919258]","POLYGON((-70.56816861380524 -33.3901310919258, -70.56808635262641 -33.390231875842474, -70.56782026162931 -33.390079041935216, -70.56790252298599 -33.38997825818784, -70.56816861380524 -33.3901310919258))"
151600187100064,13132051001003,306745,V1313210106,ARQUITECTO JAIME SANFUENTES,CALLE,4,4,"[-70.56808635262641, -33.390231875842474]","POLYGON((-70.56808635262641 -33.390231875842474, -70.56801306869733 -33.39032370815697, -70.56774508523402 -33.39017321869928, -70.56781836933182 -33.39008138653642, -70.56808635262641 -33.390231875842474))"
151600187100065,13132051001003,306943,V1313210164,CAMOENS,CALLE,1,4,"[-70.56793447680694, -33.39041930507781]","POLYGON((-70.56793447680694 -33.39041930507781, -70.56811057045199 -33.39052079208558, -70.56792795581832 -33.39074376353255, -70.56775186191423 -33.390642276275976, -70.56793447680694 -33.39041930507781))"
151600187100065,13132051001003,306745,V1313210106,ARQUITECTO JAIME SANFUENTES,CALLE,2,4,"[-70.56801220882707, -33.39032371902351]","POLYGON((-70.56801220882707 -33.39032371902351, -70.56793447680694 -33.39041930507781, -70.56766807307768 -33.39026685430236, -70.56774580526765 -33.39017126840818, -70.56801220882707 -33.39032371902351))"
151600187300013,13132051001005,308711,V1313210541,WALTER SCOTT,CALLE,1,4,"[-70.56719320823814, -33.388604503799804]","POLYGON((-70.56719320823814 -33.388604503799804, -70.56730762848365 -33.38846264093546, -70.56757471827743 -33.38861423788411, -70.5674602982877 -33.388756100984594, -70.56719320823814 -33.388604503799804))"
151600187300013,13132051001005,306609,V1313210062,VITACURA,AVENIDA,4,4,"[-70.56730762848365, -33.38846264093546]","POLYGON((-70.56730762848365 -33.38846264093546, -70.56709312006006 -33.38833494316039, -70.56727974801063 -33.388114325377444, -70.56749425613832 -33.38824202284201, -70.56730762848365 -33.38846264093546))"
151600187300013,13132051001005,306563,V1313210062,VITACURA,AVENIDA,4,4,"[-70.56730762848365, -33.38846264093546]","POLYGON((-70.56730762848365 -33.38846264093546, -70.56709312006006 -33.38833494316039, -70.56727974801063 -33.388114325377444, -70.56749425613832 -33.38824202284201, -70.56730762848365 -33.38846264093546))"
151600187300014,13132051001005,306609,V1313210062,VITACURA,AVENIDA,1,4,"[-70.56709312006006, -33.38833494316039]","POLYGON((-70.56709312006006 -33.38833494316039, -70.56694021425974 -33.38824326244994, -70.56712773203701 -33.38802317638693, -70.5672806376296 -33.388114856874886, -70.56709312006006 -33.38833494316039))"
151600187300014,13132051001005,306563,V1313210062,VITACURA,AVENIDA,1,4,"[-70.56709312006006, -33.38833494316039]","POLYGON((-70.56709312006006 -33.38833494316039, -70.56694021425974 -33.38824326244994, -70.56712773203701 -33.38802317638693, -70.5672806376296 -33.388114856874886, -70.56709312006006 -33.38833494316039))"
151600187300015,13132051001005,306609,V1313210062,VITACURA,AVENIDA,3,4,"[-70.56694021425974, -33.38824326244994]","POLYGON((-70.56694021425974 -33.38824326244994, -70.56676404410226 -33.38813717519082, -70.56695209790563 -33.3879174113332, -70.56712826782598 -33.38802349833513, -70.56694021425974 -33.38824326244994))"
151600187300015,13132051001005,306563,V1313210062,VITACURA,AVENIDA,3,4,"[-70.56694021425974, -33.38824326244994]","POLYGON((-70.56694021425974 -33.38824326244994, -70.56676404410226 -33.38813717519082, -70.56695209790563 -33.3879174113332, -70.56712826782598 -33.38802349833513, -70.56694021425974 -33.38824326244994))"
151600187300016,13132051001005,307035,V1313210180,CHARLES DICKENS,CALLE,3,6,"[-70.56656638930525, -33.38801999564657]","POLYGON((-70.56656638930525 -33.38801999564657, -70.56621057049266 -33.38846485962195, -70.5659427837443 -33.38831413074634, -70.56629860337088 -33.38786926750678, -70.56656638930525 -33.38801999564657))"
151600187300033,13132051001005,308711,V1313210541,WALTER SCOTT,CALLE,1,4,"[-70.56707166494684, -33.38875682776696]","POLYGON((-70.56707166494684 -33.38875682776696, -70.56719234838448 -33.38860451466017, -70.56746091639496 -33.38875426306234, -70.56734023324057 -33.38890657641923, -70.56707166494684 -33.38875682776696))"
151600188300015,13132051001006,307035,V1313210180,CHARLES DICKENS,CALLE,1,4,"[-70.56612480083646, -33.38837007583104]","POLYGON((-70.56612480083646 -33.38837007583104, -70.56621785507905 -33.38825364516601, -70.56648570621539 -33.38840429323409, -70.56639265218612 -33.38852072409158, -70.56612480083646 -33.38837007583104))"
151600188300016,13132051001006,306630,V1313210062,VITACURA,AVENIDA,1,4,"[-70.56627770934698, -33.3878446232481]","POLYGON((-70.56627770934698 -33.3878446232481, -70.56605600184498 -33.38771097211099, -70.56624418608142 -33.38749128730024, -70.5664658932857 -33.38762493811344, -70.56627770934698 -33.3878446232481))"
151600188300016,13132051001006,308514,V1313210503,SIN NOMBRE,CALLE,1,4,"[-70.56627770934698, -33.3878446232481]","POLYGON((-70.56627770934698 -33.3878446232481, -70.56605600184498 -33.38771097211099, -70.56624418608142 -33.38749128730024, -70.5664658932857 -33.38762493811344, -70.56627770934698 -33.3878446232481))"
151600188300016,13132051001006,306615,V1313210062,VITACURA,AVENIDA,1,4,"[-70.56627770934698, -33.3878446232481]","POLYGON((-70.56627770934698 -33.3878446232481, -70.56605600184498 -33.38771097211099, -70.56624418608142 -33.38749128730024, -70.5664658932857 -33.38762493811344, -70.56627770934698 -33.3878446232481))"
151600188300016,13132051001006,306533,V1313210062,VITACURA,AVENIDA,1,4,"[-70.56627770934698, -33.3878446232481]","POLYGON((-70.56627770934698 -33.3878446232481, -70.56605600184498 -33.38771097211099, -70.56624418608142 -33.38749128730024, -70.5664658932857 -33.38762493811344, -70.56627770934698 -33.3878446232481))"
151600188300017,13132051001006,306615,V1313210062,VITACURA,AVENIDA,1,4,"[-70.56646189824367, -33.38795430756523]","POLYGON((-70.56646189824367 -33.38795430756523, -70.56627770934698 -33.3878446232481, -70.5664643761562 -33.38762402911867, -70.56664856479902 -33.38773371316914, -70.56646189824367 -33.38795430756523))"
151600188300017,13132051001006,306533,V1313210062,VITACURA,AVENIDA,1,4,"[-70.56646189824367, -33.38795430756523]","POLYGON((-70.56646189824367 -33.38795430756523, -70.56627770934698 -33.3878446232481, -70.5664643761562 -33.38762402911867, -70.56664856479902 -33.38773371316914, -70.56646189824367 -33.38795430756523))"
151600188300017,13132051001006,307035,V1313210180,CHARLES DICKENS,CALLE,2,4,"[-70.56621871492966, -33.38825363431249]","POLYGON((-70.56621871492966 -33.38825363431249, -70.56646189824367 -33.38795430756523, -70.56672837476464 -33.38810666035074, -70.56648519198325 -33.38840598759904, -70.56621871492966 -33.38825363431249))"
151600188300018,13132051001006,306630,V1313210062,VITACURA,AVENIDA,5,5,"[-70.56605600184498, -33.38771097211099]","POLYGON((-70.56605600184498 -33.38771097211099, -70.56584146956918 -33.3875817392551, -70.5660295641962 -33.387362000584275, -70.5662440961835 -33.3874912331269, -70.56605600184498 -33.38771097211099))"
151600188300018,13132051001006,306533,V1313210062,VITACURA,AVENIDA,5,5,"[-70.56605600184498, -33.38771097211099]","POLYGON((-70.56605600184498 -33.38771097211099, -70.56584146956918 -33.3875817392551, -70.5660295641962 -33.387362000584275, -70.5662440961835 -33.3874912331269, -70.56605600184498 -33.38771097211099))"
151600189700001,13132051002001,307397,V1313210269,GERONIMO DE ALDERETE,CALLE,1,4,"[-70.56459774708591, -33.387425806400124]","POLYGON((-70.56459774708591 -33.387425806400124, -70.56463265299574 -33.3873399612557, -70.56493786296585 -33.38742729699056, -70.56490295732833 -33.387513142211965, -70.56459774708591 -33.387425806400124))"
151600189700001,13132051002001,307535,V1313210301,JONATHAN SWIFT,CALLE,2,4,"[-70.56436796034316, -33.38736304911586]","POLYGON((-70.56436796034316 -33.38736304911586, -70.56459774708591 -33.387425806400124, -70.564497918098 -33.387683041335286, -70.56426813073459 -33.38762028388626, -70.56436796034316 -33.38736304911586))"
151600189700002,13132051002001,307397,V1313210269,GERONIMO DE ALDERETE,CALLE,2,4,"[-70.56463265299574, -33.3873399612557]","POLYGON((-70.56463265299574 -33.3873399612557, -70.56467460091774 -33.38723914681137, -70.56497906331604 -33.38732829907365, -70.56493711571134 -33.38742911361055, -70.56463265299574 -33.3873399612557))"
151600189700008,13132051002001,306528,V1313210062,VITACURA,AVENIDA,4,4,"[-70.56429640632214, -33.386699379396184]","POLYGON((-70.56429640632214 -33.386699379396184, -70.5642025999296 -33.38665384622603, -70.56436410060354 -33.386419693431364, -70.5644579068186 -33.38646522648594, -70.56429640632214 -33.386699379396184))"
151600189700009,13132051002001,306528,V1313210062,VITACURA,AVENIDA,4,4,"[-70.5642025853939, -33.38665303474597]","POLYGON((-70.5642025853939 -33.38665303474597, -70.56410423750842 -33.38660602560766, -70.56426388113225 -33.38637097833016, -70.56436222882843 -33.38641798734884, -70.5642025853939 -33.38665303474597))"
151600189700010,13132051002001,306528,V1313210062,VITACURA,AVENIDA,4,4,"[-70.56410422458863, -33.38660530429201]","POLYGON((-70.56410422458863 -33.38660530429201, -70.56400228961738 -33.38655608566626, -70.56416315265933 -33.38632162424492, -70.56426508743655 -33.3863708427456, -70.56410422458863 -33.38660530429201))"
151600189700011,13132051002001,306528,V1313210062,VITACURA,AVENIDA,3,4,"[-70.56400227669846, -33.38655536435058]","POLYGON((-70.56400227669846 -33.38655536435058, -70.56390216737397 -33.38650603244426, -70.56406549794913 -33.38627277471731, -70.56416560708755 -33.3863221064987, -70.56400227669846 -33.38655536435058))"
151600189700012,13132051002001,306843,V1313210135,BARTOLOME SHARP,CALLE,3,4,"[-70.56380467873122, -33.38646496443043]","POLYGON((-70.56380467873122 -33.38646496443043, -70.5637009383685 -33.38674115513216, -70.56339337115163 -33.38665985309605, -70.56349711241208 -33.38638366262252, -70.56380467873122 -33.38646496443043))"
151600189700012,13132051002001,306528,V1313210062,VITACURA,AVENIDA,4,4,"[-70.56390216737397, -33.38650603244426]","POLYGON((-70.56390216737397 -33.38650603244426, -70.56380467873122 -33.38646496443043, -70.56394939021733 -33.38622320933404, -70.56404687864877 -33.38626427724156, -70.56390216737397 -33.38650603244426))"
151600189700013,13132051002001,307535,V1313210301,JONATHAN SWIFT,CALLE,4,4,"[-70.56425712667392, -33.387333242459285]","POLYGON((-70.56425712667392 -33.387333242459285, -70.56436796034316 -33.38736304911586, -70.56426951565331 -33.38762065922686, -70.56415868168334 -33.38759085249206, -70.56425712667392 -33.387333242459285))"
151600189700014,13132051002001,307535,V1313210301,JONATHAN SWIFT,CALLE,1,4,"[-70.56416768399434, -33.38730929861884]","POLYGON((-70.56416768399434 -33.38730929861884, -70.56425712667392 -33.387333242459285, -70.56415909090602 -33.38759096229298, -70.56406964798342 -33.3875670183897, -70.56416768399434 -33.38730929861884))"
151600189700015,13132051002001,307535,V1313210301,JONATHAN SWIFT,CALLE,3,4,"[-70.56407554143541, -33.38728466726685]","POLYGON((-70.56407554143541 -33.38728466726685, -70.56416768399434 -33.38730929861884, -70.56406977544556 -33.38756705248699, -70.56397763263618 -33.387542421070386, -70.56407554143541 -33.38728466726685))"
151600189700016,13132051002001,306841,V1313210135,BARTOLOME SHARP,CALLE,2,4,"[-70.56397453064208, -33.38725708134017]","POLYGON((-70.56397453064208 -33.38725708134017, -70.56407552851553 -33.38728394595127, -70.56397806123528 -33.38754181748771, -70.5638770630869 -33.38751495280614, -70.56397453064208 -33.38725708134017))"
151600189700016,13132051002001,307535,V1313210301,JONATHAN SWIFT,CALLE,2,4,"[-70.56397453064208, -33.38725708134017]","POLYGON((-70.56397453064208 -33.38725708134017, -70.56407552851553 -33.38728394595127, -70.56397806123528 -33.38754181748771, -70.5638770630869 -33.38751495280614, -70.56397453064208 -33.38725708134017))"
151600189700016,13132051002001,307539,V1313210301,JONATHAN SWIFT,CALLE,2,4,"[-70.56397453064208, -33.38725708134017]","POLYGON((-70.56397453064208 -33.38725708134017, -70.56407552851553 -33.38728394595127, -70.56397806123528 -33.38754181748771, -70.5638770630869 -33.38751495280614, -70.56397453064208 -33.38725708134017))"
151600189700017,13132051002001,307539,V1313210301,JONATHAN SWIFT,CALLE,3,4,"[-70.56387081837191, -33.387228717714684]","POLYGON((-70.56387081837191 -33.387228717714684, -70.56397453064208 -33.38725708134017, -70.5638745786093 -33.387514282660746, -70.56377086605912 -33.38748591896079, -70.56387081837191 -33.387228717714684))"
151600189700018,13132051002001,307539,V1313210301,JONATHAN SWIFT,CALLE,2,5,"[-70.56375912357058, -33.38719883127511]","POLYGON((-70.56375912357058 -33.38719883127511, -70.56387081837191 -33.387228717714684, -70.56377282541587 -33.387486449015746, -70.56366113031102 -33.38745656249777, -70.56375912357058 -33.38719883127511))"
151600189700019,13132051002001,307539,V1313210301,JONATHAN SWIFT,CALLE,2,4,"[-70.56354988511333, -33.38714284790615]","POLYGON((-70.56354988511333 -33.38714284790615, -70.56375912357058 -33.38719883127511, -70.56366113568791 -33.387456563936425, -70.56345189666206 -33.38740058042058, -70.56354988511333 -33.38714284790615))"
151600189700019,13132051002001,306843,V1313210135,BARTOLOME SHARP,CALLE,3,4,"[-70.56358117639162, -33.3870592130218]","POLYGON((-70.56358117639162 -33.3870592130218, -70.56354988511333 -33.38714284790615, -70.56324220771957 -33.38706183595248, -70.56327349927001 -33.38697820113696, -70.56358117639162 -33.3870592130218))"
151600189700020,13132051002001,306843,V1313210135,BARTOLOME SHARP,CALLE,3,4,"[-70.56361964570303, -33.386956188126106]","POLYGON((-70.56361964570303 -33.386956188126106, -70.56358117639162 -33.3870592130218, -70.56327344455508 -33.38697834752229, -70.5633119142019 -33.38687532271118, -70.56361964570303 -33.386956188126106))"
151600189700021,13132051002001,306843,V1313210135,BARTOLOME SHARP,CALLE,3,4,"[-70.56365721542072, -33.386856962317026]","POLYGON((-70.56365721542072 -33.386856962317026, -70.56362050715644 -33.386956267455425, -70.56331250080463 -33.38687614182579, -70.56334920939311 -33.38677683676807, -70.56365721542072 -33.386856962317026))"
151600189700022,13132051002001,306843,V1313210135,BARTOLOME SHARP,CALLE,3,4,"[-70.5637009383685, -33.38674115513216]","POLYGON((-70.5637009383685 -33.38674115513216, -70.56365807525863 -33.38685695148163, -70.56335010646515 -33.38677672527548, -70.56339296995294 -33.38666092902023, -70.5637009383685 -33.38674115513216))"
151600189900001,13132051002004,306840,V1313210135,BARTOLOME SHARP,CALLE,1,4,"[-70.56335050740701, -33.38738543205443]","POLYGON((-70.56335050740701 -33.38738543205443, -70.56338542813364 -33.38730635091508, -70.563687824376 -33.38740032265708, -70.56365290389276 -33.387479403873506, -70.56335050740701 -33.38738543205443))"
151600189900002,13132051002004,306840,V1313210135,BARTOLOME SHARP,CALLE,2,4,"[-70.56338542813364, -33.38730635091508]","POLYGON((-70.56338542813364 -33.38730635091508, -70.56342115375482 -33.38722419334075, -70.56372410374522 -33.38731690075058, -70.56368837837843 -33.38739905840379, -70.56338542813364 -33.38730635091508))"
151600189900003,13132051002004,306840,V1313210135,BARTOLOME SHARP,CALLE,1,4,"[-70.56342115375482, -33.38722419334075]","POLYGON((-70.56342115375482 -33.38722419334075, -70.5634550383012 -33.387147289673266, -70.56375751407178 -33.38724107985157, -70.5637236297623 -33.38731798359385, -70.56342115375482 -33.38722419334075))"
151600189900004,13132051002004,306843,V1313210135,BARTOLOME SHARP,CALLE,1,4,"[-70.5634550383012, -33.387147289673266]","POLYGON((-70.5634550383012 -33.387147289673266, -70.56349092734638 -33.38705024952514, -70.56379892108069 -33.38713041088477, -70.56376303235228 -33.38722745111178, -70.5634550383012 -33.387147289673266))"
151600189900004,13132051002004,307539,V1313210301,JONATHAN SWIFT,CALLE,1,4,"[-70.5634550383012, -33.387147289673266]","POLYGON((-70.5634550383012 -33.387147289673266, -70.56349092734638 -33.38705024952514, -70.56379892108069 -33.38713041088477, -70.56376303235228 -33.38722745111178, -70.5634550383012 -33.387147289673266))"
151600189900004,13132051002004,306840,V1313210135,BARTOLOME SHARP,CALLE,1,4,"[-70.5634550383012, -33.387147289673266]","POLYGON((-70.5634550383012 -33.387147289673266, -70.56349092734638 -33.38705024952514, -70.56379892108069 -33.38713041088477, -70.56376303235228 -33.38722745111178, -70.5634550383012 -33.387147289673266))"
151600189900005,13132051002004,306843,V1313210135,BARTOLOME SHARP,CALLE,1,4,"[-70.56349178718627, -33.38705023869086]","POLYGON((-70.56349178718627 -33.38705023869086, -70.56351949104982 -33.38697638898345, -70.563827094805 -33.38705759661017, -70.56379939118158 -33.38713144637854, -70.56349178718627 -33.38705023869086))"
151600189900006,13132051002004,306843,V1313210135,BARTOLOME SHARP,CALLE,1,4,"[-70.56351949104982, -33.38697638898345]","POLYGON((-70.56351949104982 -33.38697638898345, -70.56355345731173 -33.38688604672173, -70.56386099899674 -33.3869674187691, -70.5638270330284 -33.38705776110554, -70.56351949104982 -33.38697638898345))"
151600189900007,13132051002004,306843,V1313210135,BARTOLOME SHARP,CALLE,1,4,"[-70.56355345731173, -33.38688604672173]","POLYGON((-70.56355345731173 -33.38688604672173, -70.56358567546053 -33.386800145534856, -70.56389328428727 -33.3868813379676, -70.5638610664178 -33.38696723922534, -70.56355345731173 -33.38688604672173))"
151600189900008,13132051002004,306843,V1313210135,BARTOLOME SHARP,CALLE,1,4,"[-70.56358567546053, -33.386800145534856]","POLYGON((-70.56358567546053 -33.386800145534856, -70.56361780059983 -33.38671505717498, -70.56392522471155 -33.38679673967284, -70.56389309984843 -33.38688182810339, -70.56358567546053 -33.386800145534856))"
151600189900009,13132051002004,306544,V1313210062,VITACURA,AVENIDA,1,4,"[-70.56372328923368, -33.386434425449785]","POLYGON((-70.56372328923368 -33.386434425449785, -70.56359553775485 -33.38639031161676, -70.56371828288904 -33.38614015141662, -70.56384603405336 -33.38618426513381, -70.56372328923368 -33.386434425449785))"
151600189900009,13132051002004,307206,V1313210220,EL AROMO,CALLE,1,4,"[-70.56372328923368, -33.386434425449785]","POLYGON((-70.56372328923368 -33.386434425449785, -70.56359553775485 -33.38639031161676, -70.56371828288904 -33.38614015141662, -70.56384603405336 -33.38618426513381, -70.56372328923368 -33.386434425449785))"
151600189900009,13132051002004,306843,V1313210135,BARTOLOME SHARP,CALLE,2,4,"[-70.56361780059983, -33.38671505717498]","POLYGON((-70.56361780059983 -33.38671505717498, -70.56372328923368 -33.386434425449785, -70.56403083485519 -33.38651578274841, -70.56392534713332 -33.38679641470566, -70.56361780059983 -33.38671505717498))"
151600189900010,13132051002004,306544,V1313210062,VITACURA,AVENIDA,4,5,"[-70.56354538906155, -33.3863693893608]","POLYGON((-70.56354538906155 -33.3863693893608, -70.56346669937395 -33.38635153224944, -70.56355090487936 -33.386090394036586, -70.56362959434439 -33.38610825110161, -70.56354538906155 -33.3863693893608))"
151600189900010,13132051002004,306544,V1313210062,VITACURA,AVENIDA,5,5,"[-70.56359552483936, -33.3863895903009]","POLYGON((-70.56359552483936 -33.3863895903009, -70.56354538906155 -33.3863693893608, -70.56368500405863 -33.38612553427677, -70.56373513972405 -33.386145735164355, -70.56359552483936 -33.3863895903009))"
151600189900011,13132051002004,306544,V1313210062,VITACURA,AVENIDA,1,4,"[-70.56346669937395, -33.38635153224944]","POLYGON((-70.56346669937395 -33.38635153224944, -70.56337285126132 -33.38632764332034, -70.56346648408028 -33.386068774069464, -70.56356033193438 -33.38609266293606, -70.56346669937395 -33.38635153224944))"
151600189900011,13132051002004,307013,V1313210175,CARMEN FARIÑA,CALLE,1,4,"[-70.56346669937395, -33.38635153224944]","POLYGON((-70.56346669937395 -33.38635153224944, -70.56337285126132 -33.38632764332034, -70.56346648408028 -33.386068774069464, -70.56356033193438 -33.38609266293606, -70.56346669937395 -33.38635153224944))"
151600189900012,13132051002004,308105,V1313210420,NICOLAS GOGOL,CALLE,3,4,"[-70.56324414541685, -33.386296257204535]","POLYGON((-70.56324414541685 -33.386296257204535, -70.56313406023946 -33.386584431795896, -70.5628269696309 -33.38650187288048, -70.56293705574042 -33.38621369853147, -70.56324414541685 -33.386296257204535))"
151600189900012,13132051002004,306544,V1313210062,VITACURA,AVENIDA,4,4,"[-70.56337285126132, -33.38632764332034]","POLYGON((-70.56337285126132 -33.38632764332034, -70.56324414541685 -33.386296257204535, -70.56333415874717 -33.38603648598878, -70.5634628642333 -33.38606787202268, -70.56337285126132 -33.38632764332034))"
151600189900012,13132051002004,307013,V1313210175,CARMEN FARIÑA,CALLE,4,4,"[-70.56337285126132, -33.38632764332034]","POLYGON((-70.56337285126132 -33.38632764332034, -70.56324414541685 -33.386296257204535, -70.56333415874717 -33.38603648598878, -70.5634628642333 -33.38606787202268, -70.56337285126132 -33.38632764332034))"
151600189900013,13132051002004,306840,V1313210135,BARTOLOME SHARP,CALLE,2,4,"[-70.56327531729235, -33.38755709922753]","POLYGON((-70.56327531729235 -33.38755709922753, -70.56335050740701 -33.38738543205443, -70.5636531991859 -33.38747873242552, -70.56357800960129 -33.3876503997646, -70.56327531729235 -33.38755709922753))"
151600189900013,13132051002004,307536,V1313210301,JONATHAN SWIFT,CALLE,3,4,"[-70.56316105657908, -33.38752201386201]","POLYGON((-70.56316105657908 -33.38752201386201, -70.56327531729235 -33.38755709922753, -70.56316447091774 -33.387811139501125, -70.56305020990807 -33.387776054043286, -70.56316105657908 -33.38752201386201))"
151600189900014,13132051002004,307536,V1313210301,JONATHAN SWIFT,CALLE,2,4,"[-70.56303223120679, -33.38748404557366]","POLYGON((-70.56303223120679 -33.38748404557366, -70.56316105657908 -33.38752201386201, -70.56305416553977 -33.387777244217745, -70.56292533982813 -33.38773927582952, -70.56303223120679 -33.38748404557366))"
151600189900015,13132051002004,307536,V1313210301,JONATHAN SWIFT,CALLE,2,4,"[-70.56292220276363, -33.387451161292134]","POLYGON((-70.56292220276363 -33.387451161292134, -70.56303221829543 -33.387483324257744, -70.56292609585152 -33.387738780224616, -70.56281608002911 -33.38770661717437, -70.56292220276363 -33.387451161292134))"
151600189900016,13132051002004,307536,V1313210301,JONATHAN SWIFT,CALLE,3,4,"[-70.56281142203653, -33.3874182863864]","POLYGON((-70.56281142203653 -33.3874182863864, -70.56292220276363 -33.387451161292134, -70.56281465732825 -33.387706198116256, -70.56270387631007 -33.387673323124034, -70.56281142203653 -33.3874182863864))"
151600189900016,13132051002004,308108,V1313210420,NICOLAS GOGOL,CALLE,4,4,"[-70.56287485371489, -33.387256327172416]","POLYGON((-70.56287485371489 -33.387256327172416, -70.56281142203653 -33.3874182863864, -70.56250505666574 -33.387333844986856, -70.56256848886407 -33.38717188591263, -70.56287485371489 -33.387256327172416))"
151600189900017,13132051002004,308108,V1313210420,NICOLAS GOGOL,CALLE,3,4,"[-70.56290523161603, -33.38717568005232]","POLYGON((-70.56290523161603 -33.38717568005232, -70.56287485371489 -33.387256327172416, -70.5625673632526 -33.38717481601641, -70.56259774141567 -33.38709416896318, -70.56290523161603 -33.38717568005232))"
151600189900018,13132051002004,308108,V1313210420,NICOLAS GOGOL,CALLE,3,4,"[-70.56293656387408, -33.387094299425186]","POLYGON((-70.56293656387408 -33.387094299425186, -70.56290619893757 -33.38717566786827, -70.56259845038602 -33.38709484584391, -70.5626288155875 -33.38701347746762, -70.56293656387408 -33.387094299425186))"
151600189900019,13132051002004,308102,V1313210420,NICOLAS GOGOL,CALLE,3,4,"[-70.5629704636524, -33.38700621277213]","POLYGON((-70.5629704636524 -33.38700621277213, -70.56293753119469 -33.38709428724092, -70.56262983730615 -33.38701331965952, -70.56266277005051 -33.386925245263186, -70.5629704636524 -33.38700621277213))"
151600189900019,13132051002004,308108,V1313210420,NICOLAS GOGOL,CALLE,3,4,"[-70.5629704636524, -33.38700621277213]","POLYGON((-70.5629704636524 -33.38700621277213, -70.56293753119469 -33.38709428724092, -70.56262983730615 -33.38701331965952, -70.56266277005051 -33.386925245263186, -70.5629704636524 -33.38700621277213))"
151600189900020,13132051002004,308102,V1313210420,NICOLAS GOGOL,CALLE,3,4,"[-70.56300367878866, -33.386921922496505]","POLYGON((-70.56300367878866 -33.386921922496505, -70.56297143258585 -33.387006290752105, -70.56266435518319 -33.3869236933504, -70.56269660165884 -33.38683932516578, -70.56300367878866 -33.386921922496505))"
151600189900020,13132051002004,308105,V1313210420,NICOLAS GOGOL,CALLE,3,4,"[-70.56300367878866, -33.386921922496505]","POLYGON((-70.56300367878866 -33.386921922496505, -70.56297143258585 -33.387006290752105, -70.56266435518319 -33.3869236933504, -70.56269660165884 -33.38683932516578, -70.56300367878866 -33.386921922496505))"
151600189900020,13132051002004,308108,V1313210420,NICOLAS GOGOL,CALLE,3,4,"[-70.56300367878866, -33.386921922496505]","POLYGON((-70.56300367878866 -33.386921922496505, -70.56297143258585 -33.387006290752105, -70.56266435518319 -33.3869236933504, -70.56269660165884 -33.38683932516578, -70.56300367878866 -33.386921922496505))"
151600189900021,13132051002004,308105,V1313210420,NICOLAS GOGOL,CALLE,2,4,"[-70.56303408228804, -33.386842717979526]","POLYGON((-70.56303408228804 -33.386842717979526, -70.56300367878866 -33.386921922496505, -70.5626967257042 -33.3868390013194, -70.5627271294594 -33.38675979686936, -70.56303408228804 -33.386842717979526))"
151600189900022,13132051002004,308105,V1313210420,NICOLAS GOGOL,CALLE,3,4,"[-70.56306795444317, -33.3867530985056]","POLYGON((-70.56306795444317 -33.3867530985056, -70.56303408228804 -33.386842717979526, -70.56272668830267 -33.38676095503634, -70.56276056074857 -33.386671335636954, -70.56306795444317 -33.3867530985056))"
151600189900023,13132051002004,308105,V1313210420,NICOLAS GOGOL,CALLE,3,4,"[-70.56309931384943, -33.3866732506373]","POLYGON((-70.56309931384943 -33.3866732506373, -70.56306892175995 -33.38675308632042, -70.5627617313046 -33.38667078765642, -70.5627921236526 -33.38659095204021, -70.56309931384943 -33.3866732506373))"
151600189900024,13132051002004,308105,V1313210420,NICOLAS GOGOL,CALLE,3,4,"[-70.56313320040402, -33.38658444262756]","POLYGON((-70.56313320040402 -33.38658444262756, -70.56310017368575 -33.386673239805845, -70.56279233563268 -33.38659266282236, -70.56282536264037 -33.38650386571671, -70.56313320040402 -33.38658444262756))"
151600191700025,13132051002006,307376,V1313210262,GARCIA DE TORRES,CALLE,3,4,"[-70.56146576929828, -33.38609471982034]","POLYGON((-70.56146576929828 -33.38609471982034, -70.56147648885444 -33.38635152159923, -70.5611542123766 -33.38636098860933, -70.56114349376496 -33.38610418677543, -70.56146576929828 -33.38609471982034))"
151600191700025,13132051002006,307257,V1313210233,EL NOGAL,CALLE,4,4,"[-70.5616901939261, -33.386116425774674]","POLYGON((-70.5616901939261 -33.386116425774674, -70.56146576929828 -33.38609471982034, -70.56150270316297 -33.38582597586837, -70.5617271271036 -33.38584768177663, -70.5616901939261 -33.386116425774674))"
151600191700025,13132051002006,306575,V1313210062,VITACURA,AVENIDA,4,4,"[-70.5616901939261, -33.386116425774674]","POLYGON((-70.5616901939261 -33.386116425774674, -70.56146576929828 -33.38609471982034, -70.56150270316297 -33.38582597586837, -70.5617271271036 -33.38584768177663, -70.5616901939261 -33.386116425774674))"
151600191700025,13132051002006,306582,V1313210062,VITACURA,AVENIDA,4,4,"[-70.5616901939261, -33.386116425774674]","POLYGON((-70.5616901939261 -33.386116425774674, -70.56146576929828 -33.38609471982034, -70.56150270316297 -33.38582597586837, -70.5617271271036 -33.38584768177663, -70.5616901939261 -33.386116425774674))"
151600191700033,13132051002006,307378,V1313210262,GARCIA DE TORRES,CALLE,3,4,"[-70.56149714902554, -33.386869644166616]","POLYGON((-70.56149714902554 -33.386869644166616, -70.56150248338585 -33.38698158662425, -70.56118026440076 -33.38699239197818, -70.5611749304518 -33.386880449494896, -70.56149714902554 -33.386869644166616))"
151600191700034,13132051002006,307378,V1313210262,GARCIA DE TORRES,CALLE,2,4,"[-70.56149269977577, -33.386753091140676]","POLYGON((-70.56149269977577 -33.386753091140676, -70.56149799435377 -33.386868821865114, -70.56117575565804 -33.386879196222594, -70.56117046150545 -33.38676346547219, -70.56149269977577 -33.386753091140676))"
151600191700035,13132051002006,307378,V1313210262,GARCIA DE TORRES,CALLE,3,4,"[-70.56148725850122, -33.38662915543788]","POLYGON((-70.56148725850122 -33.38662915543788, -70.56149269977577 -33.386753091140676, -70.56117044277829 -33.38676304766831, -70.56116500195944 -33.38663911193828, -70.56148725850122 -33.38662915543788))"
151600191700035,13132051002006,307277,V1313210241,ELENA PINTO,CALLE,3,4,"[-70.56148725850122, -33.38662915543788]","POLYGON((-70.56148725850122 -33.38662915543788, -70.56149269977577 -33.386753091140676, -70.56117044277829 -33.38676304766831, -70.56116500195944 -33.38663911193828, -70.56148725850122 -33.38662915543788))"
151600191700035,13132051002006,307376,V1313210262,GARCIA DE TORRES,CALLE,3,4,"[-70.56148725850122, -33.38662915543788]","POLYGON((-70.56148725850122 -33.38662915543788, -70.56149269977577 -33.386753091140676, -70.56117044277829 -33.38676304766831, -70.56116500195944 -33.38663911193828, -70.56148725850122 -33.38662915543788))"
151600191700036,13132051002006,307376,V1313210262,GARCIA DE TORRES,CALLE,3,4,"[-70.5614819145132, -33.38649863501336]","POLYGON((-70.5614819145132 -33.38649863501336, -70.56148810543958 -33.38662842330104, -70.5611658882713 -33.38663923945553, -70.56115969782185 -33.38650945113808, -70.5614819145132 -33.38649863501336))"
151600191700037,13132051002006,307376,V1313210262,GARCIA DE TORRES,CALLE,2,4,"[-70.56147648885444, -33.38635152159923]","POLYGON((-70.56147648885444 -33.38635152159923, -70.56148275983813 -33.386497812712015, -70.56116049358886 -33.38650753427736, -70.56115422314315 -33.38636124313282, -70.56147648885444 -33.38635152159923))"
151600192500016,13132021005038,309100,V1313210649,PASAJE MANQUEHUE,PASAJE,3,4,"[-70.57263094953679, -33.39595654226509]","POLYGON((-70.57263094953679 -33.39595654226509, -70.57261044268765 -33.396071516937496, -70.57229148402307 -33.39603148919709, -70.57231199128742 -33.395916514564675, -70.57263094953679 -33.39595654226509))"
151600192500017,13132021005038,309100,V1313210649,PASAJE MANQUEHUE,PASAJE,3,4,"[-70.5726479096517, -33.3958655114496]","POLYGON((-70.5726479096517 -33.3958655114496, -70.57263180946059 -33.395956531364924, -70.57231279376859 -33.39591682705493, -70.57232889428855 -33.39582580717093, -70.5726479096517 -33.3958655114496))"
151600192500018,13132021005038,309099,V1313210649,PASAJE MANQUEHUE,PASAJE,3,4,"[-70.57266398354153, -33.395779001092016]","POLYGON((-70.57266398354153 -33.395779001092016, -70.5726479096517 -33.3958655114496, -70.57232924884562 -33.395823852029125, -70.57234532304709 -33.39573734170325, -70.57266398354153 -33.395779001092016))"
151600192500018,13132021005038,309100,V1313210649,PASAJE MANQUEHUE,PASAJE,3,4,"[-70.57266398354153, -33.395779001092016]","POLYGON((-70.57266398354153 -33.395779001092016, -70.5726479096517 -33.3958655114496, -70.57232924884562 -33.395823852029125, -70.57234532304709 -33.39573734170325, -70.57266398354153 -33.395779001092016))"
151600192500018,13132021005038,309101,V1313210649,PASAJE MANQUEHUE,PASAJE,3,4,"[-70.57266398354153, -33.395779001092016]","POLYGON((-70.57266398354153 -33.395779001092016, -70.5726479096517 -33.3958655114496, -70.57232924884562 -33.395823852029125, -70.57234532304709 -33.39573734170325, -70.57266398354153 -33.395779001092016))"
151600192500019,13132021005038,309099,V1313210649,PASAJE MANQUEHUE,PASAJE,3,4,"[-70.57268451625728, -33.395665469032835]","POLYGON((-70.57268451625728 -33.395665469032835, -70.57266398354153 -33.395779001092016, -70.57234512426525 -33.39573842597922, -70.57236565739066 -33.39562489396024, -70.57268451625728 -33.395665469032835))"
151600192500031,13132021005038,309101,V1313210649,PASAJE MANQUEHUE,PASAJE,1,4,"[-70.57197564577267, -33.39562818804737]","POLYGON((-70.57197564577267 -33.39562818804737, -70.5723690152882 -33.39569237483058, -70.57230743359878 -33.39595792010624, -70.57191406291534 -33.39589373316409, -70.57197564577267 -33.39562818804737))"
151600192500031,13132021005038,306184,V1313210047,MANQUEHUE NORTE,AVENIDA,2,4,"[-70.57200421545718, -33.3955071591188]","POLYGON((-70.57200421545718 -33.3955071591188, -70.57197564577267 -33.39562818804737, -70.57165928106384 -33.39557564228828, -70.57168785117597 -33.39545461341926, -70.57200421545718 -33.3955071591188))"
151600192500031,13132021005038,306163,V1313210047,MANQUEHUE NORTE,AVENIDA,2,4,"[-70.57200421545718, -33.3955071591188]","POLYGON((-70.57200421545718 -33.3955071591188, -70.57197564577267 -33.39562818804737, -70.57165928106384 -33.39557564228828, -70.57168785117597 -33.39545461341926, -70.57200421545718 -33.3955071591188))"
151600192500032,13132021005038,306184,V1313210047,MANQUEHUE NORTE,AVENIDA,3,4,"[-70.57203544860987, -33.395372839304414]","POLYGON((-70.57203544860987 -33.395372839304414, -70.57200421545718 -33.3955071591188, -70.57168767398373 -33.395455369695576, -70.5717189076117 -33.395321049946105, -70.57203544860987 -33.395372839304414))"
151600192500032,13132021005038,306163,V1313210047,MANQUEHUE NORTE,AVENIDA,3,4,"[-70.57203544860987, -33.395372839304414]","POLYGON((-70.57203544860987 -33.395372839304414, -70.57200421545718 -33.3955071591188, -70.57168767398373 -33.395455369695576, -70.5717189076117 -33.395321049946105, -70.57203544860987 -33.395372839304414))"
151600192500033,13132021005038,306184,V1313210047,MANQUEHUE NORTE,AVENIDA,3,4,"[-70.57206685573702, -33.39524221484354]","POLYGON((-70.57206685573702 -33.39524221484354, -70.57203641601798 -33.395372827046565, -70.57171990131806 -33.39532092472148, -70.57175034149915 -33.39519031258173, -70.57206685573702 -33.39524221484354))"
151600192500033,13132021005038,306163,V1313210047,MANQUEHUE NORTE,AVENIDA,3,4,"[-70.57206685573702, -33.39524221484354]","POLYGON((-70.57206685573702 -33.39524221484354, -70.57203641601798 -33.395372827046565, -70.57171990131806 -33.39532092472148, -70.57175034149915 -33.39519031258173, -70.57206685573702 -33.39524221484354))"
151600193100002,13132051001019,306209,V1313210047,MANQUEHUE NORTE,AVENIDA,1,4,"[-70.57164753631328, -33.39583859697491]","POLYGON((-70.57164753631328 -33.39583859697491, -70.57170555570148 -33.39568716358685, -70.5720125967848 -33.39576993367413, -70.5719545778863 -33.395921367189885, -70.57164753631328 -33.39583859697491))"
151600193100002,13132051001019,306184,V1313210047,MANQUEHUE NORTE,AVENIDA,1,4,"[-70.57164753631328, -33.39583859697491]","POLYGON((-70.57164753631328 -33.39583859697491, -70.57170555570148 -33.39568716358685, -70.5720125967848 -33.39576993367413, -70.5719545778863 -33.395921367189885, -70.57164753631328 -33.39583859697491))"
151600193100003,13132051001019,306209,V1313210047,MANQUEHUE NORTE,AVENIDA,1,4,"[-70.57170641562303, -33.39568715269317]","POLYGON((-70.57170641562303 -33.39568715269317, -70.57175924514081 -33.39552216715738, -70.57207071275496 -33.39559234020587, -70.57201788379457 -33.39575732585656, -70.57170641562303 -33.39568715269317))"
151600193100003,13132051001019,306184,V1313210047,MANQUEHUE NORTE,AVENIDA,1,4,"[-70.57170641562303, -33.39568715269317]","POLYGON((-70.57170641562303 -33.39568715269317, -70.57175924514081 -33.39552216715738, -70.57207071275496 -33.39559234020587, -70.57201788379457 -33.39575732585656, -70.57170641562303 -33.39568715269317))"
151600193100003,13132051001019,306163,V1313210047,MANQUEHUE NORTE,AVENIDA,1,4,"[-70.57170641562303, -33.39568715269317]","POLYGON((-70.57170641562303 -33.39568715269317, -70.57175924514081 -33.39552216715738, -70.57207071275496 -33.39559234020587, -70.57201788379457 -33.39575732585656, -70.57170641562303 -33.39568715269317))"
151600193100003,13132051001019,309101,V1313210649,PASAJE MANQUEHUE,PASAJE,1,4,"[-70.57170641562303, -33.39568715269317]","POLYGON((-70.57170641562303 -33.39568715269317, -70.57175924514081 -33.39552216715738, -70.57207071275496 -33.39559234020587, -70.57201788379457 -33.39575732585656, -70.57170641562303 -33.39568715269317))"
151600193100004,13132051001019,306184,V1313210047,MANQUEHUE NORTE,AVENIDA,2,4,"[-70.57175924514081, -33.39552216715738]","POLYGON((-70.57175924514081 -33.39552216715738, -70.57179230472312 -33.395381781894194, -70.57210869743483 -33.39543420584095, -70.57207563834865 -33.395574591173, -70.57175924514081 -33.39552216715738))"
151600193100004,13132051001019,306163,V1313210047,MANQUEHUE NORTE,AVENIDA,2,4,"[-70.57175924514081, -33.39552216715738]","POLYGON((-70.57175924514081 -33.39552216715738, -70.57179230472312 -33.395381781894194, -70.57210869743483 -33.39543420584095, -70.57207563834865 -33.395574591173, -70.57175924514081 -33.39552216715738))"
151600193100005,13132051001019,306184,V1313210047,MANQUEHUE NORTE,AVENIDA,1,4,"[-70.57179316464162, -33.39538177100001]","POLYGON((-70.57179316464162 -33.39538177100001, -70.57182183105935 -33.39522430631686, -70.57214064105811 -33.39526514297323, -70.57211197520833 -33.39542260771262, -70.57179316464162 -33.39538177100001))"
151600193100005,13132051001019,306163,V1313210047,MANQUEHUE NORTE,AVENIDA,1,4,"[-70.57179316464162, -33.39538177100001]","POLYGON((-70.57179316464162 -33.39538177100001, -70.57182183105935 -33.39522430631686, -70.57214064105811 -33.39526514297323, -70.57211197520833 -33.39542260771262, -70.57179316464162 -33.39538177100001))"
151600193100006,13132051001019,306184,V1313210047,MANQUEHUE NORTE,AVENIDA,1,4,"[-70.57182269097629, -33.39522429542251]","POLYGON((-70.57182269097629 -33.39522429542251, -70.57185667894355 -33.39502203176557, -70.57217602718488 -33.39505978910116, -70.57214203995032 -33.3952620528232, -70.57182269097629 -33.39522429542251))"
151600193100006,13132051001019,306163,V1313210047,MANQUEHUE NORTE,AVENIDA,1,4,"[-70.57182269097629, -33.39522429542251]","POLYGON((-70.57182269097629 -33.39522429542251, -70.57185667894355 -33.39502203176557, -70.57217602718488 -33.39505978910116, -70.57214203995032 -33.3952620528232, -70.57182269097629 -33.39522429542251))"
151600196900001,13132041001035,307836,V1313210350,LO BELTRAN,CALLE,1,4,"[-70.55642594677468, -33.38288152760591]","POLYGON((-70.55642594677468 -33.38288152760591, -70.55618453426332 -33.38285912314446, -70.55621998996496 -33.38259023863168, -70.55646140173629 -33.38261264304636, -70.55642594677468 -33.38288152760591))"
151600196900001,13132041001035,307865,V1313210351,LO GALLO,CALLE,2,4,"[-70.55641430023331, -33.38301821376209]","POLYGON((-70.55641430023331 -33.38301821376209, -70.55642594677468 -33.38288152760591, -70.5567475878081 -33.382900815802145, -70.55673594177017 -33.383037501973575, -70.55641430023331 -33.38301821376209))"
151600196900002,13132041001035,307865,V1313210351,LO GALLO,CALLE,1,4,"[-70.55640359629919, -33.38313540813451]","POLYGON((-70.55640359629919 -33.38313540813451, -70.55641344043022 -33.383018224546205, -70.55673510484611 -33.38303724232981, -70.55672526114675 -33.38315442593085, -70.55640359629919 -33.38313540813451))"
151600196900003,13132041001035,307865,V1313210351,LO GALLO,CALLE,1,5,"[-70.55638475847408, -33.3832727255903]","POLYGON((-70.55638475847408 -33.3832727255903, -70.55640359629919 -33.38313540813451, -70.5567239444396 -33.38316633784386, -70.55670510711563 -33.38330365533322, -70.55638475847408 -33.3832727255903))"
151600196900021,13132041001035,309015,V1313210619,LO GALLO,PASAJE,3,4,"[-70.5559503230436, -33.383434013342146]","POLYGON((-70.5559503230436 -33.383434013342146, -70.5559261693424 -33.38354452226225, -70.55560899329659 -33.383495730984734, -70.55563314739084 -33.38338522211431, -70.5559503230436 -33.383434013342146))"
151600196900022,13132041001035,309017,V1313210619,LO GALLO,PASAJE,2,5,"[-70.55592338672353, -33.38369606793897]","POLYGON((-70.55592338672353 -33.38369606793897, -70.55601821321093 -33.38370876738932, -70.55596737989968 -33.38397590968491, -70.55587255312633 -33.383963210204406, -70.55592338672353 -33.38369606793897))"
151600196900022,13132041001035,309017,V1313210619,LO GALLO,PASAJE,3,5,"[-70.55590015680654, -33.383671377967346]","POLYGON((-70.55590015680654 -33.383671377967346, -70.55592338672353 -33.38369606793897, -70.55567027004359 -33.38386367644688, -70.55564704014968 -33.383838986427726, -70.55590015680654 -33.383671377967346))"
151600196900022,13132041001035,309016,V1313210619,LO GALLO,PASAJE,3,5,"[-70.55590015680654, -33.383671377967346]","POLYGON((-70.55590015680654 -33.383671377967346, -70.55592338672353 -33.38369606793897, -70.55567027004359 -33.38386367644688, -70.55564704014968 -33.383838986427726, -70.55590015680654 -33.383671377967346))"
151600196900022,13132041001035,309015,V1313210619,LO GALLO,PASAJE,3,5,"[-70.55590015680654, -33.383671377967346]","POLYGON((-70.55590015680654 -33.383671377967346, -70.55592338672353 -33.38369606793897, -70.55567027004359 -33.38386367644688, -70.55564704014968 -33.383838986427726, -70.55590015680654 -33.383671377967346))"
151600196900022,13132041001035,309015,V1313210619,LO GALLO,PASAJE,4,5,"[-70.55592520205786, -33.38354453439072]","POLYGON((-70.55592520205786 -33.38354453439072, -70.55590015680654 -33.383671377967346, -70.55558202729823 -33.38362716847924, -70.55560707300432 -33.383500324952955, -70.55592520205786 -33.38354453439072))"
151600196900023,13132041001035,309017,V1313210619,LO GALLO,PASAJE,2,4,"[-70.55601821321093, -33.38370876738932]","POLYGON((-70.55601821321093 -33.38370876738932, -70.55614613454513 -33.38372664321401, -70.55609315142321 -33.38399349134064, -70.55596522970438 -33.38397561547308, -70.55601821321093 -33.38370876738932))"
151600196900024,13132041001035,307864,V1313210351,LO GALLO,CALLE,1,4,"[-70.55631333315029, -33.383752774245345]","POLYGON((-70.55631333315029 -33.383752774245345, -70.55634633533597 -33.38360797417288, -70.55666306221379 -33.38365877898706, -70.55663006054111 -33.38380357912798, -70.55631333315029 -33.383752774245345))"
151600196900024,13132041001035,309017,V1313210619,LO GALLO,PASAJE,2,4,"[-70.55614614739778, -33.38372736453274]","POLYGON((-70.55614614739778 -33.38372736453274, -70.55631333315029 -33.383752774245345, -70.5562558493929 -33.384018965919765, -70.55608866314104 -33.38399355614503, -70.55614614739778 -33.38372736453274))"
151600196900025,13132041001035,307864,V1313210351,LO GALLO,CALLE,2,5,"[-70.55634730262103, -33.38360796204109]","POLYGON((-70.55634730262103 -33.38360796204109, -70.55637050155036 -33.38350422889743, -70.55668743580179 -33.383554113529776, -70.55666423724064 -33.38365784672137, -70.55634730262103 -33.38360796204109))"
151600197100013,13132041001038,309014,V1313210619,LO GALLO,PASAJE,1,4,"[-70.5551125466011, -33.38448885760068]","POLYGON((-70.5551125466011 -33.38448885760068, -70.5551600146501 -33.38438960032363, -70.55545929455056 -33.38449032978804, -70.55541182679644 -33.384589587169785, -70.5551125466011 -33.38448885760068))"
151600197100014,13132041001038,309014,V1313210619,LO GALLO,PASAJE,2,4,"[-70.5551600146501, -33.38438960032363]","POLYGON((-70.5551600146501 -33.38438960032363, -70.55520014234813 -33.38430675850957, -70.55549888571588 -33.38440860212386, -70.55545875826246 -33.3844914440264, -70.5551600146501 -33.38438960032363))"
151600197100015,13132041001038,309014,V1313210619,LO GALLO,PASAJE,1,4,"[-70.55520014234813, -33.38430675850957]","POLYGON((-70.55520014234813 -33.38430675850957, -70.55526542183908 -33.38416940026309, -70.55556495919053 -33.38426958809345, -70.5554996801089 -33.38440694648393, -70.55520014234813 -33.38430675850957))"
151600197100015,13132041001038,308019,V1313210387,MAR JONICO,CALLE,4,4,"[-70.55526542183908, -33.38416940026309]","POLYGON((-70.55526542183908 -33.38416940026309, -70.55505259425753 -33.38411038101365, -70.55515380110407 -33.38385352537182, -70.55536662811362 -33.38391254446615, -70.55526542183908 -33.38416940026309))"
151600197100016,13132041001038,307866,V1313210351,LO GALLO,CALLE,3,8,"[-70.55609512299718, -33.385370543369795]","POLYGON((-70.55609512299718 -33.385370543369795, -70.55613889180803 -33.38506372633659, -70.556459076994 -33.38509587146569, -70.55641530930157 -33.38540268857816, -70.55609512299718 -33.385370543369795))"
151600197100016,13132041001038,306529,V1313210062,VITACURA,AVENIDA,5,8,"[-70.55510098771899, -33.38513166069694]","POLYGON((-70.55510098771899 -33.38513166069694, -70.55527081696597 -33.385190677639756, -70.55514740735103 -33.38544060805433, -70.5549775776874 -33.38538159095652, -70.55510098771899 -33.38513166069694))"
151600213300009,13132041006001,305811,V1313210017,AVENIDA PADRE HURTADO NORTE,AVENIDA,1,4,"[-70.55025331898311, -33.385115210414995]","POLYGON((-70.55025331898311 -33.385115210414995, -70.55032570574204 -33.3849659516112, -70.55062440101983 -33.38506790024903, -70.55055201470132 -33.385217159212424, -70.55025331898311 -33.385115210414995))"
151600213300009,13132041006001,305786,V1313210017,AVENIDA PADRE HURTADO NORTE,AVENIDA,1,4,"[-70.55025331898311, -33.385115210414995]","POLYGON((-70.55025331898311 -33.385115210414995, -70.55032570574204 -33.3849659516112, -70.55062440101983 -33.38506790024903, -70.55055201470132 -33.385217159212424, -70.55025331898311 -33.385115210414995))"
151600213300010,13132041006001,305811,V1313210017,AVENIDA PADRE HURTADO NORTE,AVENIDA,1,4,"[-70.55061090261978, -33.38438439198769]","POLYGON((-70.55061090261978 -33.38438439198769, -70.55068787151079 -33.38422686887621, -70.55098624436356 -33.38432947459526, -70.55090927593564 -33.38448699787639, -70.55061090261978 -33.38438439198769))"
151600213300010,13132041006001,305822,V1313210017,AVENIDA PADRE HURTADO NORTE,AVENIDA,1,4,"[-70.55061090261978, -33.38438439198769]","POLYGON((-70.55061090261978 -33.38438439198769, -70.55068787151079 -33.38422686887621, -70.55098624436356 -33.38432947459526, -70.55090927593564 -33.38448699787639, -70.55061090261978 -33.38438439198769))"
151600213300011,13132041006001,305811,V1313210017,AVENIDA PADRE HURTADO NORTE,AVENIDA,1,4,"[-70.55055541770517, -33.38449862832043]","POLYGON((-70.55055541770517 -33.38449862832043, -70.55061090261978 -33.38438439198769, -70.55090953186436 -33.384486472525104, -70.55085404728656 -33.38460070898018, -70.55055541770517 -33.38449862832043))"
151600213300011,13132041006001,309107,V1313210653,PASAJE PADRE HURTADO NORTE,PASAJE,1,4,"[-70.55055541770517, -33.38449862832043]","POLYGON((-70.55055541770517 -33.38449862832043, -70.55061090261978 -33.38438439198769, -70.55090953186436 -33.384486472525104, -70.55085404728656 -33.38460070898018, -70.55055541770517 -33.38449862832043))"
151600213300011,13132041006001,305822,V1313210017,AVENIDA PADRE HURTADO NORTE,AVENIDA,1,4,"[-70.55055541770517, -33.38449862832043]","POLYGON((-70.55055541770517 -33.38449862832043, -70.55061090261978 -33.38438439198769, -70.55090953186436 -33.384486472525104, -70.55085404728656 -33.38460070898018, -70.55055541770517 -33.38449862832043))"
151600213300011,13132041006001,309107,V1313210653,PASAJE PADRE HURTADO NORTE,PASAJE,2,4,"[-70.55026763196517, -33.38440752970546]","POLYGON((-70.55026763196517 -33.38440752970546, -70.55055541770517 -33.38449862832043, -70.55044157551774 -33.384751734620636, -70.55015378904056 -33.38466063576582, -70.55026763196517 -33.38440752970546))"
151600213300012,13132041006001,305811,V1313210017,AVENIDA PADRE HURTADO NORTE,AVENIDA,1,4,"[-70.55044904544276, -33.3847136058919]","POLYGON((-70.55044904544276 -33.3847136058919, -70.55052149559073 -33.38456795358658, -70.55081909294711 -33.38467213468672, -70.55074664322345 -33.38481778715163, -70.55044904544276 -33.3847136058919))"
151600213300012,13132041006001,305786,V1313210017,AVENIDA PADRE HURTADO NORTE,AVENIDA,1,4,"[-70.55044904544276, -33.3847136058919]","POLYGON((-70.55044904544276 -33.3847136058919, -70.55052149559073 -33.38456795358658, -70.55081909294711 -33.38467213468672, -70.55074664322345 -33.38481778715163, -70.55044904544276 -33.3847136058919))"
151600213300012,13132041006001,309107,V1313210653,PASAJE PADRE HURTADO NORTE,PASAJE,4,4,"[-70.55052149559073, -33.38456795358658]","POLYGON((-70.55052149559073 -33.38456795358658, -70.55021663377673 -33.38447174730732, -70.5503301685907 -33.38421854394085, -70.55063502962278 -33.38431474996681, -70.55052149559073 -33.38456795358658))"
151600213300013,13132041006001,305811,V1313210017,AVENIDA PADRE HURTADO NORTE,AVENIDA,1,4,"[-70.55038650133324, -33.38484199922406]","POLYGON((-70.55038650133324 -33.38484199922406, -70.55044904544276 -33.3847136058919, -70.55074755104786 -33.38481594296391, -70.55068500731636 -33.38494433643397, -70.55038650133324 -33.38484199922406))"
151600213300013,13132041006001,305786,V1313210017,AVENIDA PADRE HURTADO NORTE,AVENIDA,1,4,"[-70.55038650133324, -33.38484199922406]","POLYGON((-70.55038650133324 -33.38484199922406, -70.55044904544276 -33.3847136058919, -70.55074755104786 -33.38481594296391, -70.55068500731636 -33.38494433643397, -70.55038650133324 -33.38484199922406))"
151600213300014,13132041006001,305811,V1313210017,AVENIDA PADRE HURTADO NORTE,AVENIDA,1,4,"[-70.55032570574204, -33.3849659516112]","POLYGON((-70.55032570574204 -33.3849659516112, -70.55038650133324 -33.38484199922406, -70.55068471342013 -33.384944937697256, -70.55062391819264 -33.38506889021841, -70.55032570574204 -33.3849659516112))"
151600213300014,13132041006001,305786,V1313210017,AVENIDA PADRE HURTADO NORTE,AVENIDA,1,4,"[-70.55032570574204, -33.3849659516112]","POLYGON((-70.55032570574204 -33.3849659516112, -70.55038650133324 -33.38484199922406, -70.55068471342013 -33.384944937697256, -70.55062391819264 -33.38506889021841, -70.55032570574204 -33.3849659516112))"
151600213300024,13132041006001,309106,V1313210653,PASAJE PADRE HURTADO NORTE,PASAJE,3,5,"[-70.55022463508453, -33.38439562132761]","POLYGON((-70.55022463508453 -33.38439562132761, -70.55026763196517 -33.38440752970546, -70.5501665396684 -33.38466441771004, -70.55012354267215 -33.38465250930087, -70.55022463508453 -33.38439562132761))"
151600213300024,13132041006001,309105,V1313210653,PASAJE PADRE HURTADO NORTE,PASAJE,3,5,"[-70.55022463508453, -33.38439562132761]","POLYGON((-70.55022463508453 -33.38439562132761, -70.55026763196517 -33.38440752970546, -70.5501665396684 -33.38466441771004, -70.55012354267215 -33.38465250930087, -70.55022463508453 -33.38439562132761))"
151600213300024,13132041006001,309107,V1313210653,PASAJE PADRE HURTADO NORTE,PASAJE,3,5,"[-70.55022463508453, -33.38439562132761]","POLYGON((-70.55022463508453 -33.38439562132761, -70.55026763196517 -33.38440752970546, -70.5501665396684 -33.38466441771004, -70.55012354267215 -33.38465250930087, -70.55022463508453 -33.38439562132761))"
151600213300024,13132041006001,309108,V1313210653,PASAJE PADRE HURTADO NORTE,PASAJE,3,5,"[-70.55022463508453, -33.38439562132761]","POLYGON((-70.55022463508453 -33.38439562132761, -70.55026763196517 -33.38440752970546, -70.5501665396684 -33.38466441771004, -70.55012354267215 -33.38465250930087, -70.55022463508453 -33.38439562132761))"
151600213300024,13132041006001,309105,V1313210653,PASAJE PADRE HURTADO NORTE,PASAJE,4,5,"[-70.55012096720795, -33.38432693277359]","POLYGON((-70.55012096720795 -33.38432693277359, -70.55022463508453 -33.38439562132761, -70.55002476798504 -33.38460791785976, -70.54992109999992 -33.384539229143726, -70.55012096720795 -33.38432693277359))"
151600213300024,13132041006001,309107,V1313210653,PASAJE PADRE HURTADO NORTE,PASAJE,4,5,"[-70.55012096720795, -33.38432693277359]","POLYGON((-70.55012096720795 -33.38432693277359, -70.55022463508453 -33.38439562132761, -70.55002476798504 -33.38460791785976, -70.54992109999992 -33.384539229143726, -70.55012096720795 -33.38432693277359))"
151600213300024,13132041006001,309108,V1313210653,PASAJE PADRE HURTADO NORTE,PASAJE,4,5,"[-70.55012096720795, -33.38432693277359]","POLYGON((-70.55012096720795 -33.38432693277359, -70.55022463508453 -33.38439562132761, -70.55002476798504 -33.38460791785976, -70.54992109999992 -33.384539229143726, -70.55012096720795 -33.38432693277359))"
151600213300024,13132041006001,309109,V1313210653,PASAJE PADRE HURTADO NORTE,PASAJE,4,5,"[-70.55012096720795, -33.38432693277359]","POLYGON((-70.55012096720795 -33.38432693277359, -70.55022463508453 -33.38439562132761, -70.55002476798504 -33.38460791785976, -70.54992109999992 -33.384539229143726, -70.55012096720795 -33.38432693277359))"
151600213300039,13132041006002,309122,V1313210660,RINCONADA,PASAJE,1,4,"[-70.54891573842714, -33.38480995316179]","POLYGON((-70.54891573842714 -33.38480995316179, -70.54900877231061 -33.38463671867954, -70.54930278046307 -33.3847478415309, -70.54920974706263 -33.38492107621723, -70.54891573842714 -33.38480995316179))"
151600213300039,13132041006002,308329,V1313210475,RINCONADA,CALLE,2,4,"[-70.5487968673114, -33.38476291732134]","POLYGON((-70.5487968673114 -33.38476291732134, -70.54891573842714 -33.38480995316179, -70.54877817465409 -33.385054627985014, -70.54865930326851 -33.38500759202201, -70.5487968673114 -33.38476291732134))"
151600213300040,13132041006002,309122,V1313210660,RINCONADA,PASAJE,1,4,"[-70.54900963213268, -33.38463670794626]","POLYGON((-70.54900963213268 -33.38463670794626, -70.54906240088162 -33.3845389198679, -70.54935616968625 -33.3846504867119, -70.54930340120917 -33.384748274905974, -70.54900963213268 -33.38463670794626))"
151600213300041,13132041006002,309122,V1313210660,RINCONADA,PASAJE,1,4,"[-70.54906240088162, -33.3845389198679]","POLYGON((-70.54906240088162 -33.3845389198679, -70.54912677164647 -33.384422498983255, -70.5494193021104 -33.384536332082135, -70.54935493166413 -33.38465275310769, -70.54906240088162 -33.3845389198679))"
151600213300041,13132041006002,309122,V1313210660,RINCONADA,PASAJE,4,4,"[-70.54912677164647, -33.384422498983255]","POLYGON((-70.54912677164647 -33.384422498983255, -70.5489810146694 -33.3843627221116, -70.54912263842175 -33.38411968339732, -70.54926839507641 -33.38417946011377, -70.54912677164647 -33.384422498983255))"
151600213300042,13132041006002,309122,V1313210660,RINCONADA,PASAJE,4,4,"[-70.54898100187559, -33.38436200079049]","POLYGON((-70.54898100187559 -33.38436200079049, -70.548835245094 -33.38430222374121, -70.5489768691677 -33.384059185182196, -70.54912262562688 -33.384118962076236, -70.54898100187559 -33.38436200079049))"
151600213300043,13132041006002,309122,V1313210660,RINCONADA,PASAJE,3,4,"[-70.5487235645075, -33.38425446676918]","POLYGON((-70.5487235645075 -33.38425446676918, -70.54865640743579 -33.38438959054469, -70.54835877467065 -33.38428548208902, -70.5484259321361 -33.384150358461454, -70.5487235645075 -33.38425446676918))"
151600213300043,13132041006002,309122,V1313210660,RINCONADA,PASAJE,4,4,"[-70.54883523230143, -33.38430150242005]","POLYGON((-70.54883523230143 -33.38430150242005, -70.5487235645075 -33.38425446676918, -70.54886825668711 -33.38401270348433, -70.5489799242391 -33.38405973901342, -70.54883523230143 -33.38430150242005))"
151600213300044,13132041006002,309122,V1313210660,RINCONADA,PASAJE,3,4,"[-70.54865640743579, -33.38438959054469]","POLYGON((-70.54865640743579 -33.38438959054469, -70.54861002300999 -33.3844836913788, -70.54831202868749 -33.38438031273402, -70.54835841338868 -33.38428621200214, -70.54865640743579 -33.38438959054469))"
151600213300045,13132041006002,308320,V1313210475,RINCONADA,CALLE,3,4,"[-70.5486457344747, -33.384703116977434]","POLYGON((-70.5486457344747 -33.384703116977434, -70.5487968673114 -33.38476291732134, -70.54865930572356 -33.38500759299343, -70.5485081725438 -33.38494779249371, -70.5486457344747 -33.384703116977434))"
151600213300045,13132041006002,308037,V1313210396,MAS A TIERRA,CALLE,3,4,"[-70.5486457344747, -33.384703116977434]","POLYGON((-70.5486457344747 -33.384703116977434, -70.5487968673114 -33.38476291732134, -70.54865930572356 -33.38500759299343, -70.5485081725438 -33.38494779249371, -70.5486457344747 -33.384703116977434))"
151600213300045,13132041006002,308329,V1313210475,RINCONADA,CALLE,3,4,"[-70.5486457344747, -33.384703116977434]","POLYGON((-70.5486457344747 -33.384703116977434, -70.5487968673114 -33.38476291732134, -70.54865930572356 -33.38500759299343, -70.5485081725438 -33.38494779249371, -70.5486457344747 -33.384703116977434))"
151600213300046,13132041006002,308320,V1313210475,RINCONADA,CALLE,2,4,"[-70.54852318221715, -33.38465459366371]","POLYGON((-70.54852318221715 -33.38465459366371, -70.5486457344747 -33.384703116977434, -70.5485080993323 -33.38494776351584, -70.5483855467967 -33.38489924007568, -70.54852318221715 -33.38465459366371))"
151600213300046,13132041006002,309122,V1313210660,RINCONADA,PASAJE,3,4,"[-70.54861002300999, -33.3844836913788]","POLYGON((-70.54861002300999 -33.3844836913788, -70.54852318221715 -33.38465459366371, -70.54822654134585 -33.384548509715536, -70.54831338263085 -33.384377607621765, -70.54861002300999 -33.3844836913788))"
151600213300059,13132041006010,306522,V1313210062,VITACURA,AVENIDA,3,6,"[-70.54726350771777, -33.38241721168237]","POLYGON((-70.54726350771777 -33.38241721168237, -70.54705254972518 -33.38234183170198, -70.54717890845471 -33.382092941224734, -70.54738986593746 -33.382168321007384, -70.54726350771777 -33.38241721168237))"
151600213300059,13132041006010,308133,V1313210424,NUEVA LO MATTA,CALLE,3,6,"[-70.54726350771777, -33.38241721168237]","POLYGON((-70.54726350771777 -33.38241721168237, -70.54705254972518 -33.38234183170198, -70.54717890845471 -33.382092941224734, -70.54738986593746 -33.382168321007384, -70.54726350771777 -33.38241721168237))"
151600213300059,13132041006010,306541,V1313210062,VITACURA,AVENIDA,3,6,"[-70.54726350771777, -33.38241721168237]","POLYGON((-70.54726350771777 -33.38241721168237, -70.54705254972518 -33.38234183170198, -70.54717890845471 -33.382092941224734, -70.54738986593746 -33.382168321007384, -70.54726350771777 -33.38241721168237))"
151600213300060,13132041006010,306522,V1313210062,VITACURA,AVENIDA,4,4,"[-70.54705253694826, -33.38234111037999]","POLYGON((-70.54705253694826 -33.38234111037999, -70.54688980058589 -33.38228136226057, -70.54701908113525 -33.38203353015331, -70.54718181711029 -33.38209327811623, -70.54705253694826 -33.38234111037999))"
151600213300061,13132041006010,306522,V1313210062,VITACURA,AVENIDA,4,4,"[-70.54688978781036, -33.38228064093852]","POLYGON((-70.54688978781036 -33.38228064093852, -70.54673516657296 -33.38222385774741, -70.54686447469444 -33.38197603577848, -70.54701909556388 -33.382032818820825, -70.54688978781036 -33.38228064093852))"
151600213300166,13132041006001,308319,V1313210475,RINCONADA,CALLE,2,4,"[-70.54808783645557, -33.38448073767373]","POLYGON((-70.54808783645557 -33.38448073767373, -70.54824882893948 -33.38454492494938, -70.54811041184394 -33.38478926075044, -70.54794941899652 -33.38472507330765, -70.54808783645557 -33.38448073767373))"
151600213300167,13132041006001,308321,V1313210475,RINCONADA,CALLE,1,4,"[-70.54803510271742, -33.38424700443649]","POLYGON((-70.54803510271742 -33.38424700443649, -70.54795284177868 -33.384427679385375, -70.54765160050513 -33.38433115091227, -70.54773386199267 -33.38415047614508, -70.54803510271742 -33.38424700443649))"
151600213300167,13132041006001,309120,V1313210660,RINCONADA,PASAJE,1,4,"[-70.54803510271742, -33.38424700443649]","POLYGON((-70.54803510271742 -33.38424700443649, -70.54795284177868 -33.384427679385375, -70.54765160050513 -33.38433115091227, -70.54773386199267 -33.38415047614508, -70.54803510271742 -33.38424700443649))"
151600213300167,13132041006001,308319,V1313210475,RINCONADA,CALLE,4,4,"[-70.54795284177868, -33.384427679385375]","POLYGON((-70.54795284177868 -33.384427679385375, -70.54808783645557 -33.38448073767373, -70.54795102801772 -33.38472571026302, -70.547816033033 -33.38467265183633, -70.54795284177868 -33.384427679385375))"
151600213300168,13132041006001,309120,V1313210660,RINCONADA,PASAJE,3,4,"[-70.54807711944956, -33.38415512273824]","POLYGON((-70.54807711944956 -33.38415512273824, -70.54803596253602 -33.38424699371007, -70.54773410906543 -33.384151822127244, -70.54777526625993 -33.38405995124635, -70.54807711944956 -33.38415512273824))"
151600213300169,13132041006001,309120,V1313210660,RINCONADA,PASAJE,3,4,"[-70.54811562892034, -33.38407158181285]","POLYGON((-70.54811562892034 -33.38407158181285, -70.54807808674445 -33.38415511067072, -70.54777635597151 -33.38405966636741, -70.5478138984025 -33.38397613759247, -70.54811562892034 -33.38407158181285))"
151600213300170,13132041006001,309120,V1313210660,RINCONADA,PASAJE,2,4,"[-70.54814865142227, -33.383999923582195]","POLYGON((-70.54814865142227 -33.383999923582195, -70.5481164887372 -33.38407157108593, -70.54781471235515 -33.383976228972344, -70.54784687525914 -33.38390458153965, -70.54814865142227 -33.383999923582195))"
151600213300171,13132041006001,309120,V1313210660,RINCONADA,PASAJE,3,4,"[-70.5481898224953, -33.38390886406284]","POLYGON((-70.5481898224953 -33.38390886406284, -70.54814865142227 -33.383999923582195, -70.54784714580836 -33.383903981013766, -70.54788831715881 -33.38381292158536, -70.5481898224953 -33.38390886406284))"
151600213300172,13132041006001,309120,V1313210660,RINCONADA,PASAJE,1,4,"[-70.5482273884429, -33.383826687651734]","POLYGON((-70.5482273884429 -33.383826687651734, -70.5481906823105 -33.38390885333544, -70.54788872577318 -33.38381391478764, -70.54792543215713 -33.38373174918504, -70.5482273884429 -33.383826687651734))"
151600213300173,13132041006001,309120,V1313210660,RINCONADA,PASAJE,3,4,"[-70.54827915273536, -33.383714663171816]","POLYGON((-70.54827915273536 -33.383714663171816, -70.5482282482573 -33.38382667692411, -70.54792693780054 -33.38373030516217, -70.5479778426191 -33.383618291522296, -70.54827915273536 -33.383714663171816))"
151600213300174,13132041006001,309120,V1313210660,RINCONADA,PASAJE,2,4,"[-70.54815313147115, -33.38377963562581]","POLYGON((-70.54815313147115 -33.38377963562581, -70.54819867260954 -33.38368040492004, -70.54849960399362 -33.38377760627799, -70.54845406315559 -33.38387683708434, -70.54815313147115 -33.38377963562581))"
151600213300175,13132041006001,309120,V1313210660,RINCONADA,PASAJE,1,4,"[-70.54810479544331, -33.38388494358639]","POLYGON((-70.54810479544331 -33.38388494358639, -70.54815313147115 -33.38377963562581, -70.54845405860125 -33.383876847007365, -70.54840572289216 -33.383982155074676, -70.54810479544331 -33.38388494358639))"
151600213300176,13132041006001,309120,V1313210660,RINCONADA,PASAJE,2,4,"[-70.54807263276028, -33.38395659107987]","POLYGON((-70.54807263276028 -33.38395659107987, -70.54810479544331 -33.38388494358639, -70.54840657179362 -33.38398028499561, -70.54837440932954 -33.38405193256014, -70.54807263276028 -33.38395659107987))"
151600213300177,13132041006001,309120,V1313210660,RINCONADA,PASAJE,1,4,"[-70.54802790001912, -33.38405292573125]","POLYGON((-70.54802790001912 -33.38405292573125, -70.54807263276028 -33.38395659107987, -70.54837310601592 -33.38405478692161, -70.54832837356487 -33.384151121671756, -70.54802790001912 -33.38405292573125))"
151600213300178,13132041006001,309120,V1313210660,RINCONADA,PASAJE,1,4,"[-70.54799035776551, -33.384136454565]","POLYGON((-70.54799035776551 -33.384136454565, -70.54802790001912 -33.38405292573125, -70.54832963101838 -33.3841483694156, -70.54829208901987 -33.38423189833228, -70.54799035776551 -33.384136454565))"
151600213300179,13132041006001,309120,V1313210660,RINCONADA,PASAJE,2,4,"[-70.54795193165218, -33.38421864163648]","POLYGON((-70.54795193165218 -33.38421864163648, -70.54799035776551 -33.384136454565, -70.5482905585789 -33.38423523646585, -70.54825213271229 -33.38431742362216, -70.54795193165218 -33.38421864163648))"
151600215300001,13132041008006,308942,V1313210606,JOSE MIGUEL PERCEVAL,PASAJE,2,5,"[-70.53668396352359, -33.38280020012777]","POLYGON((-70.53668396352359 -33.38280020012777, -70.5367331593332 -33.382730779500584, -70.53701033717098 -33.382869026358016, -70.5369611415128 -33.38293844708954, -70.53668396352359 -33.38280020012777))"
151600215300002,13132041008006,308942,V1313210606,JOSE MIGUEL PERCEVAL,PASAJE,1,4,"[-70.53663484973113, -33.3828681767551]","POLYGON((-70.53663484973113 -33.3828681767551, -70.53668310371461 -33.38280021077515, -70.536960148011 -33.38293864621891, -70.53691189417546 -33.38300661230118, -70.53663484973113 -33.3828681767551))"
151600215300003,13132041008006,308942,V1313210606,JOSE MIGUEL PERCEVAL,PASAJE,1,5,"[-70.53654278892608, -33.383000265810445]","POLYGON((-70.53654278892608 -33.383000265810445, -70.53663388244526 -33.38286818873304, -70.53691299192272 -33.383003673367675, -70.53682189870106 -33.3831357506392, -70.53654278892608 -33.383000265810445))"
151600215300003,13132041008006,308942,V1313210606,JOSE MIGUEL PERCEVAL,PASAJE,2,5,"[-70.5364954176132, -33.383008427935835]","POLYGON((-70.5364954176132 -33.383008427935835, -70.53654278892608 -33.383000265810445, -70.53660766303815 -33.38326526109984, -70.5365602915896 -33.38327342325359, -70.5364954176132 -33.383008427935835))"
151600215300003,13132041008006,308945,V1313210606,JOSE MIGUEL PERCEVAL,PASAJE,2,5,"[-70.5364954176132, -33.383008427935835]","POLYGON((-70.5364954176132 -33.383008427935835, -70.53654278892608 -33.383000265810445, -70.53660766303815 -33.38326526109984, -70.5365602915896 -33.38327342325359, -70.5364954176132 -33.383008427935835))"
151600215300003,13132041008006,308944,V1313210606,JOSE MIGUEL PERCEVAL,PASAJE,2,5,"[-70.5364954176132, -33.383008427935835]","POLYGON((-70.5364954176132 -33.383008427935835, -70.53654278892608 -33.383000265810445, -70.53660766303815 -33.38326526109984, -70.5365602915896 -33.38327342325359, -70.5364954176132 -33.383008427935835))"
151600215300003,13132041008006,308944,V1313210606,JOSE MIGUEL PERCEVAL,PASAJE,3,5,"[-70.53644170604377, -33.38298005330172]","POLYGON((-70.53644170604377 -33.38298005330172, -70.5364954176132 -33.383008427935835, -70.53632359012434 -33.38323734896284, -70.5362698784639 -33.383208974257776, -70.53644170604377 -33.38298005330172))"
151600215300004,13132041008006,308944,V1313210606,JOSE MIGUEL PERCEVAL,PASAJE,2,4,"[-70.53635861464691, -33.38293761274071]","POLYGON((-70.53635861464691 -33.38293761274071, -70.53644169335418 -33.38297933197621, -70.53627607671103 -33.38321145237903, -70.53619299785302 -33.38316973303819, -70.53635861464691 -33.38293761274071))"
151600215300005,13132041008006,308944,V1313210606,JOSE MIGUEL PERCEVAL,PASAJE,2,4,"[-70.53627542695531, -33.38289580461195]","POLYGON((-70.53627542695531 -33.38289580461195, -70.53635860195801 -33.38293689141516, -70.53619498568202 -33.383170008098496, -70.53611181052533 -33.383128921191215, -70.53627542695531 -33.38289580461195))"
151600215300006,13132041008006,308944,V1313210606,JOSE MIGUEL PERCEVAL,PASAJE,2,5,"[-70.53620746046623, -33.382863728381295]","POLYGON((-70.53620746046623 -33.382863728381295, -70.53627541426712 -33.38289508328636, -70.53612001251315 -33.38313212288297, -70.53605205857666 -33.38310076789763, -70.53620746046623 -33.382863728381295))"
151600215300006,13132041008006,308944,V1313210606,JOSE MIGUEL PERCEVAL,PASAJE,3,5,"[-70.53619758472077, -33.382827866689816]","POLYGON((-70.53619758472077 -33.382827866689816, -70.53620746046623 -33.382863728381295, -70.53589327232649 -33.382924623701285, -70.53588339670115 -33.38288876198163, -70.53619758472077 -33.382827866689816))"
151600215300006,13132041008006,308943,V1313210606,JOSE MIGUEL PERCEVAL,PASAJE,3,5,"[-70.53619758472077, -33.382827866689816]","POLYGON((-70.53619758472077 -33.382827866689816, -70.53620746046623 -33.382863728381295, -70.53589327232649 -33.382924623701285, -70.53588339670115 -33.38288876198163, -70.53619758472077 -33.382827866689816))"
151600215300006,13132041008006,308946,V1313210606,JOSE MIGUEL PERCEVAL,PASAJE,3,5,"[-70.53619758472077, -33.382827866689816]","POLYGON((-70.53619758472077 -33.382827866689816, -70.53620746046623 -33.382863728381295, -70.53589327232649 -33.382924623701285, -70.53588339670115 -33.38288876198163, -70.53619758472077 -33.382827866689816))"
151600215300006,13132041008006,308943,V1313210606,JOSE MIGUEL PERCEVAL,PASAJE,4,5,"[-70.53629239781482, -33.38269944140662]","POLYGON((-70.53629239781482 -33.38269944140662, -70.53619758472077 -33.382827866689816, -70.53592344468804 -33.38268542046404, -70.53601825804766 -33.382556995380384, -70.53629239781482 -33.38269944140662))"
151600215300007,13132041008006,308943,V1313210606,JOSE MIGUEL PERCEVAL,PASAJE,3,4,"[-70.53634242673269, -33.382628477464486]","POLYGON((-70.53634242673269 -33.382628477464486, -70.53629239781482 -33.38269944140662, -70.53601484619388 -33.3825617240012, -70.53606487526751 -33.38249076016527, -70.53634242673269 -33.382628477464486))"
151600215300008,13132041008006,308943,V1313210606,JOSE MIGUEL PERCEVAL,PASAJE,3,5,"[-70.53639344981741, -33.382559034344666]","POLYGON((-70.53639344981741 -33.382559034344666, -70.53634242673269 -33.382628477464486, -70.53606792439444 -33.38248652402901, -70.53611894762373 -33.38241708101667, -70.53639344981741 -33.382559034344666))"
151600215300009,13132041008006,307967,V1313210375,LOS RODODENDROS,CALLE,3,5,"[-70.53682079790951, -33.38256122797836]","POLYGON((-70.53682079790951 -33.38256122797836, -70.53675637978507 -33.38252919828667, -70.53692078780455 -33.38229647461963, -70.53698520581067 -33.38232850423029, -70.53682079790951 -33.38256122797836))"
151600215300009,13132041008006,308942,V1313210606,JOSE MIGUEL PERCEVAL,PASAJE,4,5,"[-70.53683061875554, -33.38260006641372]","POLYGON((-70.53683061875554 -33.38260006641372, -70.53682079790951 -33.38256122797836, -70.53713624055968 -33.382505088067674, -70.53714606153767 -33.382543926474554, -70.53683061875554 -33.38260006641372))"
151600215300009,13132041008006,307973,V1313210375,LOS RODODENDROS,CALLE,4,5,"[-70.53683061875554, -33.38260006641372]","POLYGON((-70.53683061875554 -33.38260006641372, -70.53682079790951 -33.38256122797836, -70.53713624055968 -33.382505088067674, -70.53714606153767 -33.382543926474554, -70.53683061875554 -33.38260006641372))"
151600215300009,13132041008006,308942,V1313210606,JOSE MIGUEL PERCEVAL,PASAJE,5,5,"[-70.53673412661749, -33.38273076752193]","POLYGON((-70.53673412661749 -33.38273076752193, -70.53683061875554 -33.38260006641372, -70.53710475985358 -33.38274251068261, -70.53700826798581 -33.38287321199391, -70.53673412661749 -33.38273076752193))"
151600215300010,13132041008006,307967,V1313210375,LOS RODODENDROS,CALLE,4,4,"[-70.53675637978507, -33.38252919828667]","POLYGON((-70.53675637978507 -33.38252919828667, -70.53667424168573 -33.38248593445623, -70.53684570358801 -33.38225682137189, -70.53692784154754 -33.38230008509411, -70.53675637978507 -33.38252919828667))"
151600215300011,13132041008006,307967,V1313210375,LOS RODODENDROS,CALLE,2,4,"[-70.53667422899446, -33.38248521313074]","POLYGON((-70.53667422899446 -33.38248521313074, -70.53659370311115 -33.382441929280816, -70.53676766333903 -33.3822141455972, -70.53684818908931 -33.38225742933929, -70.53667422899446 -33.38248521313074))"
151600215300012,13132041008006,307967,V1313210375,LOS RODODENDROS,CALLE,1,5,"[-70.53659370311115, -33.382441929280816]","POLYGON((-70.53659370311115 -33.382441929280816, -70.53653743902797 -33.38240898683528, -70.53672198567548 -33.38218714416285, -70.53677824967855 -33.382220086527944, -70.53659370311115 -33.382441929280816))"
151600215300012,13132041008006,308943,V1313210606,JOSE MIGUEL PERCEVAL,PASAJE,4,5,"[-70.53649177654007, -33.38241649649849]","POLYGON((-70.53649177654007 -33.38241649649849, -70.53639344981741 -33.382559034344666, -70.53611435577004 -33.38242352929916, -70.5362126828137 -33.382280991662505, -70.53649177654007 -33.38241649649849))"
151600215300012,13132041008006,307974,V1313210375,LOS RODODENDROS,CALLE,5,5,"[-70.53653743902797, -33.38240898683528]","POLYGON((-70.53653743902797 -33.38240898683528, -70.53649177654007 -33.38241649649849, -70.53642974422404 -33.3821510227742, -70.53647540658028 -33.38214351313733, -70.53653743902797 -33.38240898683528))"
151600215300012,13132041008006,308943,V1313210606,JOSE MIGUEL PERCEVAL,PASAJE,5,5,"[-70.53653743902797, -33.38240898683528]","POLYGON((-70.53653743902797 -33.38240898683528, -70.53649177654007 -33.38241649649849, -70.53642974422404 -33.3821510227742, -70.53647540658028 -33.38214351313733, -70.53653743902797 -33.38240898683528))"
151600216300001,13132041008005,307980,V1313210377,LOS TRIBUNALES,CALLE,2,4,"[-70.5371881578812, -33.38257543641827]","POLYGON((-70.5371881578812 -33.38257543641827, -70.53726692291147 -33.38245758051844, -70.53754819233218 -33.38258988186618, -70.53746942757677 -33.38270773793471, -70.5371881578812 -33.38257543641827))"
151600216300002,13132041008005,307980,V1313210377,LOS TRIBUNALES,CALLE,2,4,"[-70.53726789019251, -33.382457568535685]","POLYGON((-70.53726789019251 -33.382457568535685, -70.5373527144597 -33.38233584973695, -70.5376310912605 -33.38247238862462, -70.5375462672642 -33.38259410760379, -70.53726789019251 -33.382457568535685))"
151600216300003,13132041008005,307980,V1313210377,LOS TRIBUNALES,CALLE,2,4,"[-70.53735368173936, -33.38233583775358]","POLYGON((-70.53735368173936 -33.38233583775358, -70.53744396434264 -33.382206656075674, -70.53772213768153 -33.382343485903206, -70.5376318553648 -33.382472667773065, -70.53735368173936 -33.38233583775358))"
151600216300004,13132041008005,307737,V1313210332,LAS HUALTATAS,CALLE,1,4,"[-70.53752626110497, -33.38208794459155]","POLYGON((-70.53752626110497 -33.38208794459155, -70.53728576109741 -33.381952128953436, -70.53746582565464 -33.38172770946778, -70.53770632529573 -33.38186352477127, -70.53752626110497 -33.38208794459155))"
151600216300004,13132041008005,307685,V1313210332,LAS HUALTATAS,CALLE,1,4,"[-70.53752626110497, -33.38208794459155]","POLYGON((-70.53752626110497 -33.38208794459155, -70.53728576109741 -33.381952128953436, -70.53746582565464 -33.38172770946778, -70.53770632529573 -33.38186352477127, -70.53752626110497 -33.38208794459155))"
151600216300004,13132041008005,307980,V1313210377,LOS TRIBUNALES,CALLE,1,4,"[-70.53752626110497, -33.38208794459155]","POLYGON((-70.53752626110497 -33.38208794459155, -70.53728576109741 -33.381952128953436, -70.53746582565464 -33.38172770946778, -70.53770632529573 -33.38186352477127, -70.53752626110497 -33.38208794459155))"
151600216300004,13132041008005,307980,V1313210377,LOS TRIBUNALES,CALLE,2,4,"[-70.53744482414548, -33.38220664542319]","POLYGON((-70.53744482414548 -33.38220664542319, -70.53752626110497 -33.38208794459155, -70.5378057356424 -33.38222289475204, -70.53772429895191 -33.38234159575739, -70.53744482414548 -33.38220664542319))"
151600216300005,13132041008005,307685,V1313210332,LAS HUALTATAS,CALLE,4,4,"[-70.53728574840133, -33.38195140762807]","POLYGON((-70.53728574840133 -33.38195140762807, -70.53714620684835 -33.381871518481475, -70.53732796921419 -33.38164806446279, -70.53746751055972 -33.38172795341318, -70.53728574840133 -33.38195140762807))"
151600216300006,13132041008005,307685,V1313210332,LAS HUALTATAS,CALLE,4,4,"[-70.53714619256661, -33.38187070699038]","POLYGON((-70.53714619256661 -33.38187070699038, -70.53701305892601 -33.38179452609816, -70.53719475648981 -33.38157103506392, -70.53732788993231 -33.381647215769014, -70.53714619256661 -33.38187070699038))"
151600216300008,13132041008005,307967,V1313210375,LOS RODODENDROS,CALLE,2,4,"[-70.53679664760276, -33.38237394157778]","POLYGON((-70.53679664760276 -33.38237394157778, -70.53693879881823 -33.3824493797011, -70.53676641287407 -33.382678004425706, -70.53662426141926 -33.38260256611395, -70.53679664760276 -33.38237394157778))"
151600216300009,13132041008005,307967,V1313210375,LOS RODODENDROS,CALLE,2,4,"[-70.53666970501195, -33.38230751386004]","POLYGON((-70.53666970501195 -33.38230751386004, -70.53679663491052 -33.382373220252305, -70.53662730416313 -33.382603446300145, -70.53650037404321 -33.382537739742936, -70.53666970501195 -33.38230751386004))"
151600216300010,13132041008005,307685,V1313210332,LAS HUALTATAS,CALLE,3,4,"[-70.53701304623226, -33.381793804772705]","POLYGON((-70.53701304623226 -33.381793804772705, -70.53691106747229 -33.38173482402286, -70.53709409064282 -33.381512095647, -70.53719606925405 -33.38157107625234, -70.53701304623226 -33.381793804772705))"
151600216300011,13132041008005,307685,V1313210332,LAS HUALTATAS,CALLE,4,4,"[-70.53691106747229, -33.38173482402286]","POLYGON((-70.53691106747229 -33.38173482402286, -70.5368252897924 -33.38168628441768, -70.53700560635635 -33.381462007643, -70.53709138390599 -33.38151054712863, -70.53691106747229 -33.38173482402286))"
151600216300012,13132041008005,307685,V1313210332,LAS HUALTATAS,CALLE,2,5,"[-70.53682527710025, -33.381685563092134]","POLYGON((-70.53682527710025 -33.381685563092134, -70.53673404487327 -33.381632491520364, -70.536917785639 -33.381410179480405, -70.53700901773438 -33.381463250922344, -70.53682527710025 -33.381685563092134))"
151600216300013,13132041008005,307685,V1313210332,LAS HUALTATAS,CALLE,5,5,"[-70.53673404487327, -33.381632491520364]","POLYGON((-70.53673404487327 -33.381632491520364, -70.53665087533467 -33.38158554282855, -70.53683088830661 -33.38136109456346, -70.53691405771839 -33.381408043139565, -70.53673404487327 -33.381632491520364))"
151600216300014,13132041008005,307967,V1313210375,LOS RODODENDROS,CALLE,1,4,"[-70.53657409109665, -33.38225593940922]","POLYGON((-70.53657409109665 -33.38225593940922, -70.53666969073439 -33.382306702368844, -70.53649723419383 -33.38253528950168, -70.53640163439526 -33.38248452641527, -70.53657409109665 -33.38225593940922))"
151600216300015,13132041008005,307967,V1313210375,LOS RODODENDROS,CALLE,3,4,"[-70.53650063227491, -33.382217167437794]","POLYGON((-70.53650063227491 -33.382217167437794, -70.53657407840632 -33.38225521808366, -70.53640464927463 -33.38248539309042, -70.53633120301528 -33.38244734234907, -70.53650063227491 -33.382217167437794))"
151600216300015,13132041008005,307974,V1313210375,LOS RODODENDROS,CALLE,3,4,"[-70.53650063227491, -33.382217167437794]","POLYGON((-70.53650063227491 -33.382217167437794, -70.53657407840632 -33.38225521808366, -70.53640464927463 -33.38248539309042, -70.53633120301528 -33.38244734234907, -70.53650063227491 -33.382217167437794))"
151600216300015,13132041008005,308943,V1313210606,JOSE MIGUEL PERCEVAL,PASAJE,3,4,"[-70.53650063227491, -33.382217167437794]","POLYGON((-70.53650063227491 -33.382217167437794, -70.53657407840632 -33.38225521808366, -70.53640464927463 -33.38248539309042, -70.53633120301528 -33.38244734234907, -70.53650063227491 -33.382217167437794))"
151600216300016,13132041008005,307974,V1313210375,LOS RODODENDROS,CALLE,2,4,"[-70.53640417144135, -33.382166324821135]","POLYGON((-70.53640417144135 -33.382166324821135, -70.53650061799898 -33.38221635594651, -70.5363310307367 -33.38244644894678, -70.53623458401135 -33.38239641769584, -70.53640417144135 -33.382166324821135))"
151600216300018,13132041008005,307974,V1313210375,LOS RODODENDROS,CALLE,5,7,"[-70.53610458544551, -33.38200815095081]","POLYGON((-70.53610458544551 -33.38200815095081, -70.53640415875245 -33.38216560349551, -70.536232962067 -33.382394856080104, -70.53593338824864 -33.3822374031413, -70.53610458544551 -33.38200815095081))"
151600216300018,13132041008005,306488,V1313210060,TABANCURA,AVENIDA,6,7,"[-70.53623160092783, -33.381828191994046]","POLYGON((-70.53623160092783 -33.381828191994046, -70.53610458544551 -33.38200815095081, -70.53582711952413 -33.381870315121944, -70.53595413540089 -33.38169035643477, -70.53623160092783 -33.381828191994046))"
151600216300018,13132041008005,306490,V1313210060,TABANCURA,AVENIDA,6,7,"[-70.53623160092783, -33.381828191994046]","POLYGON((-70.53623160092783 -33.381828191994046, -70.53610458544551 -33.38200815095081, -70.53582711952413 -33.381870315121944, -70.53595413540089 -33.38169035643477, -70.53623160092783 -33.381828191994046))"
151600216300020,13132041008005,306488,V1313210060,TABANCURA,AVENIDA,5,7,"[-70.53629327365988, -33.38174085056093]","POLYGON((-70.53629327365988 -33.38174085056093, -70.53623160092783 -33.381828191994046, -70.53595416712068 -33.381690311503306, -70.53601584004407 -33.38160297020107, -70.53629327365988 -33.38174085056093))"
151600216300020,13132041008005,306490,V1313210060,TABANCURA,AVENIDA,5,7,"[-70.53629327365988, -33.38174085056093]","POLYGON((-70.53629327365988 -33.38174085056093, -70.53623160092783 -33.381828191994046, -70.53595416712068 -33.381690311503306, -70.53601584004407 -33.38160297020107, -70.53629327365988 -33.38174085056093))"
151600216300021,13132041008005,306488,V1313210060,TABANCURA,AVENIDA,5,6,"[-70.53636565968458, -33.38163921736122]","POLYGON((-70.53636565968458 -33.38163921736122, -70.53629327365988 -33.38174085056093, -70.5360164651657 -33.38160208871683, -70.53608885141068 -33.38150045567049, -70.53636565968458 -33.38163921736122))"
151600216300021,13132041008005,306490,V1313210060,TABANCURA,AVENIDA,5,6,"[-70.53636565968458, -33.38163921736122]","POLYGON((-70.53636565968458 -33.38163921736122, -70.53629327365988 -33.38174085056093, -70.5360164651657 -33.38160208871683, -70.53608885141068 -33.38150045567049, -70.53636565968458 -33.38163921736122))"
151600216300022,13132041008005,306488,V1313210060,TABANCURA,AVENIDA,3,4,"[-70.536425653799, -33.38155424146553]","POLYGON((-70.536425653799 -33.38155424146553, -70.53636565968458 -33.38163921736122, -70.53608821669377 -33.38150135074696, -70.53614821099437 -33.3814163749786, -70.536425653799 -33.38155424146553))"
151600216300022,13132041008005,306490,V1313210060,TABANCURA,AVENIDA,3,4,"[-70.536425653799, -33.38155424146553]","POLYGON((-70.536425653799 -33.38155424146553, -70.53636565968458 -33.38163921736122, -70.53608821669377 -33.38150135074696, -70.53614821099437 -33.3814163749786, -70.536425653799 -33.38155424146553))"
151600216300023,13132041008005,306488,V1313210060,TABANCURA,AVENIDA,3,4,"[-70.53647664925872, -33.38148326550263]","POLYGON((-70.53647664925872 -33.38148326550263, -70.536425653799 -33.38155424146553, -70.53614948683327 -33.38141458367397, -70.53620048244514 -33.38134360781896, -70.53647664925872 -33.38148326550263))"
151600216300023,13132041008005,306490,V1313210060,TABANCURA,AVENIDA,3,4,"[-70.53647664925872, -33.38148326550263]","POLYGON((-70.53647664925872 -33.38148326550263, -70.536425653799 -33.38155424146553, -70.53614948683327 -33.38141458367397, -70.53620048244514 -33.38134360781896, -70.53647664925872 -33.38148326550263))"
151600216300023,13132041008005,307685,V1313210332,LAS HUALTATAS,CALLE,4,4,"[-70.53665086264402, -33.381584821502926]","POLYGON((-70.53665086264402 -33.381584821502926, -70.53647664925872 -33.38148326550263, -70.53666064977018 -33.38126110487049, -70.53683486290522 -33.38136266062248, -70.53665086264402 -33.381584821502926))"
151600216500001,13132041002019,307624,V1313210314,LA LLAVERIA,CALLE,1,4,"[-70.54430500162736, -33.38153399546784]","POLYGON((-70.54430500162736 -33.38153399546784, -70.54441680618466 -33.38134592065338, -70.54470536772543 -33.381466656906284, -70.54459356365635 -33.38165473196384, -70.54430500162736 -33.38153399546784))"
151600216500001,13132041002019,306617,V1313210062,VITACURA,AVENIDA,4,4,"[-70.54441680618466, -33.38134592065338]","POLYGON((-70.54441680618466 -33.38134592065338, -70.54420674063681 -33.38126601536879, -70.54433989597865 -33.38101963171968, -70.54454996103718 -33.38109953679542, -70.54441680618466 -33.38134592065338))"
151600216500010,13132041002019,309041,V1313210631,LOS TEMPLARIOS,PASAJE,5,8,"[-70.54313734246452, -33.381508659189244]","POLYGON((-70.54313734246452 -33.381508659189244, -70.54311230925771 -33.38154594642714, -70.54283135168399 -33.381413185530285, -70.54285638497734 -33.38137589834595, -70.54313734246452 -33.381508659189244))"
151600216500010,13132041002019,309039,V1313210630,LOS ROMANOS,PASAJE,5,8,"[-70.54313734246452, -33.381508659189244]","POLYGON((-70.54313734246452 -33.381508659189244, -70.54311230925771 -33.38154594642714, -70.54283135168399 -33.381413185530285, -70.54285638497734 -33.38137589834595, -70.54313734246452 -33.381508659189244))"
151600216500010,13132041002019,309039,V1313210630,LOS ROMANOS,PASAJE,6,8,"[-70.54310608159683, -33.38148550957393]","POLYGON((-70.54310608159683 -33.38148550957393, -70.54313734246452 -33.381508659189244, -70.54292395134613 -33.38171147602596, -70.542892690458 -33.38168832635806, -70.54310608159683 -33.38148550957393))"
151600216500011,13132041002019,309041,V1313210631,LOS TEMPLARIOS,PASAJE,4,7,"[-70.5430712988394, -33.38146988911882]","POLYGON((-70.5430712988394 -33.38146988911882, -70.54310606885292 -33.38148478825049, -70.54295939340243 -33.3817257078185, -70.54292462331463 -33.38171080864829, -70.5430712988394 -33.38146988911882))"
151600216500011,13132041002019,309039,V1313210630,LOS ROMANOS,PASAJE,4,7,"[-70.5430712988394, -33.38146988911882]","POLYGON((-70.5430712988394 -33.38146988911882, -70.54310606885292 -33.38148478825049, -70.54295939340243 -33.3817257078185, -70.54292462331463 -33.38171080864829, -70.5430712988394 -33.38146988911882))"
151600216500011,13132041002019,309041,V1313210631,LOS TEMPLARIOS,PASAJE,6,7,"[-70.54293619409283, -33.38144667790244]","POLYGON((-70.54293619409283 -33.38144667790244, -70.54303907833416 -33.38150194478492, -70.54286519900069 -33.38172977053768, -70.5427623145892 -33.38167450351751, -70.54293619409283 -33.38144667790244))"
151600216500012,13132041002019,309041,V1313210631,LOS TEMPLARIOS,PASAJE,4,5,"[-70.5427921998438, -33.38137054813241]","POLYGON((-70.5427921998438 -33.38137054813241, -70.54293619409283 -33.38144667790244, -70.5427642741309 -33.3816755478128, -70.54262027963804 -33.38159941785249, -70.5427921998438 -33.38137054813241))"
151600216500013,13132041002019,309041,V1313210631,LOS TEMPLARIOS,PASAJE,1,4,"[-70.54265101290495, -33.38129510477387]","POLYGON((-70.54265101290495 -33.38129510477387, -70.5427922945766 -33.381369825472696, -70.54262033357155 -33.381598673617816, -70.54247905166079 -33.38152395273222, -70.54265101290495 -33.38129510477387))"
151600216500021,13132041002019,306617,V1313210062,VITACURA,AVENIDA,4,5,"[-70.54420672788392, -33.381265294045704]","POLYGON((-70.54420672788392 -33.381265294045704, -70.54384643884786 -33.38112782533387, -70.54397993311277 -33.38088157084354, -70.54434022131123 -33.38101903919613, -70.54420672788392 -33.381265294045704))"
151600216500024,13132041002019,307624,V1313210314,LA LLAVERIA,CALLE,2,4,"[-70.54425592990117, -33.38161613357393]","POLYGON((-70.54425592990117 -33.38161613357393, -70.54430414183393 -33.381534006167655, -70.54459342063284 -33.38165352933339, -70.54454520891537 -33.38173565684464, -70.54425592990117 -33.38161613357393))"
151600216500025,13132041002019,307624,V1313210314,LA LLAVERIA,CALLE,1,4,"[-70.54420848295393, -33.381698972924276]","POLYGON((-70.54420848295393 -33.381698972924276, -70.54425592990117 -33.38161613357393, -70.54454657553502 -33.38173330010906, -70.54449912880895 -33.38181613956296, -70.54420848295393 -33.381698972924276))"
151600216500025,13132041002019,308966,V1313210609,LA LLAVERIA,PASAJE,2,4,"[-70.54401805924624, -33.38162955495413]","POLYGON((-70.54401805924624 -33.38162955495413, -70.54420848295393 -33.381698972924276, -70.54407997400195 -33.38194708742236, -70.54388954983921 -33.38187766927026, -70.54401805924624 -33.38162955495413))"
151600216500026,13132041002019,308966,V1313210609,LA LLAVERIA,PASAJE,2,4,"[-70.54390001423687, -33.3815862917835]","POLYGON((-70.54390001423687 -33.3815862917835, -70.54401805924624 -33.38162955495413, -70.54388897213089 -33.381877458105805, -70.54377092684028 -33.3818341948218, -70.54390001423687 -33.3815862917835))"
151600216500027,13132041002019,308966,V1313210609,LA LLAVERIA,PASAJE,3,4,"[-70.54379453037816, -33.38154819315999]","POLYGON((-70.54379453037816 -33.38154819315999, -70.54390001423687 -33.3815862917835, -70.54377250549435 -33.38183476919219, -70.54366702138226 -33.38179667046877, -70.54379453037816 -33.38154819315999))"
151600216500028,13132041002019,308966,V1313210609,LA LLAVERIA,PASAJE,2,4,"[-70.54366220337761, -33.38149969631964]","POLYGON((-70.54366220337761 -33.38149969631964, -70.54379453037816 -33.38154819315999, -70.54366544493188 -33.38179609690416, -70.54353311761608 -33.38174759993674, -70.54366220337761 -33.38149969631964))"
151600217100009,13132041008015,308965,V1313210609,LA LLAVERIA,PASAJE,2,5,"[-70.5414457314119, -33.38630670479495]","POLYGON((-70.5414457314119 -33.38630670479495, -70.541350079147 -33.3862716385435, -70.54147920952674 -33.38602374879123, -70.5415748615638 -33.386058814950786, -70.5414457314119 -33.38630670479495))"
151600217100009,13132041008015,307610,V1313210314,LA LLAVERIA,CALLE,3,5,"[-70.54147079226661, -33.386350043111534]","POLYGON((-70.54147079226661 -33.386350043111534, -70.5414457314119 -33.38630670479495, -70.54173587025295 -33.38618863073684, -70.541760931213 -33.386231968992455, -70.54147079226661 -33.386350043111534))"
151600217100009,13132041008015,307621,V1313210314,LA LLAVERIA,CALLE,3,5,"[-70.54147079226661, -33.386350043111534]","POLYGON((-70.54147079226661 -33.386350043111534, -70.5414457314119 -33.38630670479495, -70.54173587025295 -33.38618863073684, -70.541760931213 -33.386231968992455, -70.54147079226661 -33.386350043111534))"
151600217100009,13132041008015,308965,V1313210609,LA LLAVERIA,PASAJE,3,5,"[-70.54147079226661, -33.386350043111534]","POLYGON((-70.54147079226661 -33.386350043111534, -70.5414457314119 -33.38630670479495, -70.54173587025295 -33.38618863073684, -70.541760931213 -33.386231968992455, -70.54147079226661 -33.386350043111534))"
151600217100009,13132041008015,307610,V1313210314,LA LLAVERIA,CALLE,4,5,"[-70.54138773506888, -33.38649257545476]","POLYGON((-70.54138773506888 -33.38649257545476, -70.54147079226661 -33.386350043111534, -70.54176050472272 -33.38646885261209, -70.5416774479008 -33.38661138513633, -70.54138773506888 -33.38649257545476))"
151600217100010,13132041008015,308965,V1313210609,LA LLAVERIA,PASAJE,4,4,"[-70.54135006641528, -33.38627091722002]","POLYGON((-70.54135006641528 -33.38627091722002, -70.54123391111342 -33.386225373518556, -70.54137045415219 -33.385980295216754, -70.54148660918878 -33.38602583879942, -70.54135006641528 -33.38627091722002))"
151600217100011,13132041008015,308965,V1313210609,LA LLAVERIA,PASAJE,4,4,"[-70.54123389679135, -33.386224562029604]","POLYGON((-70.54123389679135 -33.386224562029604, -70.54111763412827 -33.3861790195504, -70.54125407052506 -33.38593389947001, -70.54137033292245 -33.38597944183042, -70.54123389679135 -33.386224562029604))"
151600217100012,13132041008015,308965,V1313210609,LA LLAVERIA,PASAJE,4,4,"[-70.54111762139853, -33.38617829822684]","POLYGON((-70.54111762139853 -33.38617829822684, -70.54100049901422 -33.386132766313054, -70.5411360855483 -33.38588731459937, -70.5412532076636 -33.385932846394304, -70.54111762139853 -33.38617829822684))"
151600217100013,13132041008015,308965,V1313210609,LA LLAVERIA,PASAJE,4,4,"[-70.54100048628545, -33.38613204498943]","POLYGON((-70.54100048628545 -33.38613204498943, -70.54088433134034 -33.38608650094913, -70.54102087517482 -33.38584142300486, -70.54113702985468 -33.38588696692636, -70.54100048628545 -33.38613204498943))"
151600217100014,13132041008015,308965,V1313210609,LA LLAVERIA,PASAJE,4,4,"[-70.54088431702158, -33.38608568946002]","POLYGON((-70.54088431702158 -33.38608568946002, -70.5407671948762 -33.386040157318256, -70.5409027819434 -33.385794705841334, -70.54101990381979 -33.38584023786425, -70.54088431702158 -33.38608568946002))"
151600217100015,13132041008015,308969,V1313210609,LA LLAVERIA,PASAJE,4,4,"[-70.5407671821494, -33.38603943599454]","POLYGON((-70.5407671821494 -33.38603943599454, -70.54065091996242 -33.38599389306256, -70.54078735742236 -33.385748773459106, -70.54090361934367 -33.38579431627228, -70.5407671821494 -33.38603943599454))"
151600217100015,13132041008015,308965,V1313210609,LA LLAVERIA,PASAJE,4,4,"[-70.5407671821494, -33.38603943599454]","POLYGON((-70.5407671821494 -33.38603943599454, -70.54065091996242 -33.38599389306256, -70.54078735742236 -33.385748773459106, -70.54090361934367 -33.38579431627228, -70.5407671821494 -33.38603943599454))"
151600217100015,13132041008015,308958,V1313210609,LA LLAVERIA,PASAJE,4,4,"[-70.5407671821494, -33.38603943599454]","POLYGON((-70.5407671821494 -33.38603943599454, -70.54065091996242 -33.38599389306256, -70.54078735742236 -33.385748773459106, -70.54090361934367 -33.38579431627228, -70.5407671821494 -33.38603943599454))"
151600217100016,13132041008015,308958,V1313210609,LA LLAVERIA,PASAJE,4,4,"[-70.54065090882733, -33.38599326190428]","POLYGON((-70.54065090882733 -33.38599326190428, -70.54053378533004 -33.38594763936897, -70.54066959232775 -33.385702273505764, -70.54078671555638 -33.385747895922016, -70.54065090882733 -33.38599326190428))"
151600217100017,13132041008015,308958,V1313210609,LA LLAVERIA,PASAJE,1,5,"[-70.54053377260522, -33.38594691804518]","POLYGON((-70.54053377260522 -33.38594691804518, -70.54043370260032 -33.38590514202711, -70.54057737052578 -33.385662947326196, -70.54067744031236 -33.38570472323593, -70.54053377260522 -33.38594691804518))"
151600217100148,13132041008015,305839,V1313210019,AVENIDA PRESIDENTE KENNEDY,AVENIDA,2,4,"[-70.54005645564459, -33.38624549409832]","POLYGON((-70.54005645564459 -33.38624549409832, -70.5401288089813 -33.38627616090998, -70.53998338762132 -33.38651761847161, -70.53991103412866 -33.38648695158056, -70.54005645564459 -33.38624549409832))"
151600217100149,13132041008015,305839,V1313210019,AVENIDA PRESIDENTE KENNEDY,AVENIDA,3,4,"[-70.53997954843972, -33.38621262912924]","POLYGON((-70.53997954843972 -33.38621262912924, -70.54005645564459 -33.38624549409832, -70.5399100842693 -33.38648654733079, -70.53983317689978 -33.3864536822767, -70.53997954843972 -33.38621262912924))"
151600217100150,13132041008015,305839,V1313210019,AVENIDA PRESIDENTE KENNEDY,AVENIDA,2,4,"[-70.53990262857157, -33.38617904278671]","POLYGON((-70.53990262857157 -33.38617904278671, -70.53997953571934 -33.38621190780531, -70.53983316418059 -33.3864529609528, -70.53975625686816 -33.38642009584919, -70.53990262857157 -33.38617904278671))"
151600217100150,13132041008015,308881,V1313210580,CREPUSCULO,PASAJE,4,4,"[-70.54008597468572, -33.386035717632815]","POLYGON((-70.54008597468572 -33.386035717632815, -70.54000812578045 -33.38600430732914, -70.54014789652732 -33.385760512926, -70.54022574525834 -33.38579192314795, -70.54008597468572 -33.386035717632815))"
151600217100151,13132041008015,305839,V1313210019,AVENIDA PRESIDENTE KENNEDY,AVENIDA,2,4,"[-70.53981954105988, -33.38614318811573]","POLYGON((-70.53981954105988 -33.38614318811573, -70.53990262857157 -33.38617904278671, -70.53975511967668 -33.386419607505715, -70.53967203198859 -33.38638375274212, -70.53981954105988 -33.38614318811573))"
151600217100152,13132041008015,305839,V1313210019,AVENIDA PRESIDENTE KENNEDY,AVENIDA,2,4,"[-70.53974349546, -33.38611040249014]","POLYGON((-70.53974349546 -33.38611040249014, -70.53981954105988 -33.38614318811573, -70.53967213983526 -33.38638379925966, -70.53959609407379 -33.38635101354936, -70.53974349546 -33.38611040249014))"
151600217100153,13132041008015,305839,V1313210019,AVENIDA PRESIDENTE KENNEDY,AVENIDA,2,4,"[-70.5396665884861, -33.386077537319565]","POLYGON((-70.5396665884861 -33.386077537319565, -70.53974349546 -33.38611040249014, -70.53959712341694 -33.38635145537675, -70.53952021627839 -33.38631859012118, -70.5396665884861 -33.386077537319565))"
151600217100154,13132041008015,305839,V1313210019,AVENIDA PRESIDENTE KENNEDY,AVENIDA,3,5,"[-70.5395905414084, -33.38604466143106]","POLYGON((-70.5395905414084 -33.38604466143106, -70.5396665884861 -33.386077537319565, -70.5395188689733 -33.38631801102199, -70.53944282173438 -33.38628513504855, -70.5395905414084 -33.38604466143106))"
151600217100155,13132041008015,305839,V1313210019,AVENIDA PRESIDENTE KENNEDY,AVENIDA,3,4,"[-70.53951363454713, -33.386011796161995]","POLYGON((-70.53951363454713 -33.386011796161995, -70.5395905414084 -33.38604466143106, -70.5394441690384 -33.38628571414857, -70.53936726201249 -33.386252848794506, -70.53951363454713 -33.386011796161995))"
151600217100156,13132041008015,305839,V1313210019,AVENIDA PRESIDENTE KENNEDY,AVENIDA,2,4,"[-70.53943769665085, -33.38597900900821]","POLYGON((-70.53943769665085 -33.38597900900821, -70.53951372931064 -33.38601107350439, -70.5393688912219 -33.386252777548144, -70.53929285839757 -33.38622071296891, -70.53943769665085 -33.38597900900821))"
151600217100157,13132041008015,305839,V1313210019,AVENIDA PRESIDENTE KENNEDY,AVENIDA,2,4,"[-70.53936089738195, -33.38594614230742]","POLYGON((-70.53936089738195 -33.38594614230742, -70.53943768393506 -33.385978287684054, -70.53929369419724 -33.38622034816969, -70.53921690747698 -33.38618820270972, -70.53936089738195 -33.38594614230742))"
151600217100158,13132041008015,305839,V1313210019,AVENIDA PRESIDENTE KENNEDY,AVENIDA,2,4,"[-70.53928397797515, -33.385912555566286]","POLYGON((-70.53928397797515 -33.385912555566286, -70.53936089738195 -33.38594614230742, -70.53921201049864 -33.38618610875328, -70.53913509093016 -33.38615252192552, -70.53928397797515 -33.385912555566286))"
151600217100159,13132041008015,305839,V1313210019,AVENIDA PRESIDENTE KENNEDY,AVENIDA,4,4,"[-70.53920793117821, -33.385879679434154]","POLYGON((-70.53920793117821 -33.385879679434154, -70.53928397797515 -33.385912555566286, -70.53913625765063 -33.38615302884151, -70.53906021069247 -33.38612015262447, -70.53920793117821 -33.385879679434154))"
151600217100160,13132041008015,305839,V1313210019,AVENIDA PRESIDENTE KENNEDY,AVENIDA,2,4,"[-70.53913113366808, -33.38584690275116]","POLYGON((-70.53913113366808 -33.38584690275116, -70.53920793117821 -33.385879679434154, -70.53906170756609 -33.38612079560734, -70.53898490989138 -33.38608801883955, -70.53913113366808 -33.38584690275116))"
151600217100161,13132041008015,305839,V1313210019,AVENIDA PRESIDENTE KENNEDY,AVENIDA,2,4,"[-70.53905237297622, -33.385812527034524]","POLYGON((-70.53905237297622 -33.385812527034524, -70.53913113366808 -33.38584690275116, -70.53898229824821 -33.38608689161638, -70.53890353739075 -33.38605251581107, -70.53905237297622 -33.385812527034524))"
151600217100162,13132041008015,305839,V1313210019,AVENIDA PRESIDENTE KENNEDY,AVENIDA,1,5,"[-70.53886643527699, -33.385735650444]","POLYGON((-70.53886643527699 -33.385735650444, -70.53905237297622 -33.385812527034524, -70.53890981546131 -33.386055183312585, -70.5387238773534 -33.385978306522496, -70.53886643527699 -33.385735650444))"
151600217100162,13132041008015,305839,V1313210019,AVENIDA PRESIDENTE KENNEDY,AVENIDA,2,5,"[-70.53884406810363, -33.38568037371445]","POLYGON((-70.53884406810363 -33.38568037371445, -70.53886643527699 -33.385735650444, -70.53856107468485 -33.385822608284585, -70.53853870767809 -33.38576733149583, -70.53884406810363 -33.38568037371445))"
151600217100162,13132041008015,307580,V1313210308,LA AURORA,CALLE,3,5,"[-70.53894768131676, -33.38555724845017]","POLYGON((-70.53894768131676 -33.38555724845017, -70.53884406810363 -33.38568037371445, -70.53858062807747 -33.385524353240385, -70.53868424149489 -33.38540122818781, -70.53894768131676 -33.38555724845017))"
151600217100164,13132041008015,307580,V1313210308,LA AURORA,CALLE,3,4,"[-70.53899864625389, -33.385496733355794]","POLYGON((-70.53899864625389 -33.385496733355794, -70.53894768131676 -33.38555724845017, -70.53868431030806 -33.38540114644826, -70.53873527534543 -33.38534063145798, -70.53899864625389 -33.385496733355794))"
151600217100165,13132041008015,307580,V1313210308,LA AURORA,CALLE,3,4,"[-70.53907025060815, -33.3854056600042]","POLYGON((-70.53907025060815 -33.3854056600042, -70.53899864625389 -33.385496733355794, -70.53872945498154 -33.3853477826264, -70.5388010595071 -33.38525670942354, -70.53907025060815 -33.3854056600042))"
151600217100165,13132041008015,308879,V1313210580,CREPUSCULO,PASAJE,4,4,"[-70.53925624179446, -33.38548560193638]","POLYGON((-70.53925624179446 -33.38548560193638, -70.53907025060815 -33.3854056600042, -70.5392172931688 -33.385164895078276, -70.5394032839589 -33.385244836803814, -70.53925624179446 -33.38548560193638))"
151600217100166,13132041008015,308879,V1313210580,CREPUSCULO,PASAJE,4,4,"[-70.53933129392638, -33.38551695723602]","POLYGON((-70.53933129392638 -33.38551695723602, -70.5392562545085 -33.38548632326065, -70.53939735865501 -33.38524307026975, -70.53947239790637 -33.385273704165506, -70.53933129392638 -33.38551695723602))"
151600217100167,13132041008015,308879,V1313210580,CREPUSCULO,PASAJE,4,4,"[-70.53940733885575, -33.3855497431366]","POLYGON((-70.53940733885575 -33.3855497431366, -70.53933130664107 -33.38551767856027, -70.53947614369905 -33.385275974564756, -70.5395521757492 -33.38530803905801, -70.53940733885575 -33.3855497431366))"
151600217100168,13132041008015,308879,V1313210580,CREPUSCULO,PASAJE,4,4,"[-70.53948510351132, -33.385582507653645]","POLYGON((-70.53948510351132 -33.385582507653645, -70.53940735316051 -33.38555055462633, -70.53954921927081 -33.38530761371315, -70.53962696944994 -33.38533956665746, -70.53948510351132 -33.385582507653645))"
151600217100169,13132041008015,308879,V1313210580,CREPUSCULO,PASAJE,4,4,"[-70.53956115014229, -33.38561538362182]","POLYGON((-70.53956115014229 -33.38561538362182, -70.53948511781682 -33.385583319143336, -70.53962995454322 -33.385341614979836, -70.53970598670416 -33.38537367937526, -70.53956115014229 -33.38561538362182))"
151600217100170,13132041008015,308879,V1313210580,CREPUSCULO,PASAJE,1,4,"[-70.53963805666496, -33.38564824887297]","POLYGON((-70.53963805666496 -33.38564824887297, -70.53956116285893 -33.385616104945996, -70.53970498493184 -33.385373974741334, -70.53978187857031 -33.38540611858497, -70.53963805666496 -33.38564824887297))"
151600217100171,13132041008015,308879,V1313210580,CREPUSCULO,PASAJE,4,4,"[-70.53971398321056, -33.38568040475329]","POLYGON((-70.53971398321056 -33.38568040475329, -70.53963806938225 -33.38564897019706, -70.53978080035736 -33.38540638602263, -70.53985671401901 -33.38543782049725, -70.53971398321056 -33.38568040475329))"
151600217100172,13132041008015,308879,V1313210580,CREPUSCULO,PASAJE,1,4,"[-70.53981948066563, -33.38572518031101]","POLYGON((-70.53981948066563 -33.38572518031101, -70.53971399592848 -33.38568112607739, -70.53985770960792 -33.385438950555184, -70.539963194115 -33.385483004674576, -70.53981948066563 -33.38572518031101))"
151600217100196,13132041008016,308879,V1313210580,CREPUSCULO,PASAJE,1,5,"[-70.53916773693938, -33.38534970838137]","POLYGON((-70.53916773693938 -33.38534970838137, -70.53928746488667 -33.38539070048026, -70.53916561420148 -33.385641170262815, -70.53904588595833 -33.38560017805611, -70.53916773693938 -33.38534970838137))"
151600217100196,13132041008016,308879,V1313210580,CREPUSCULO,PASAJE,2,5,"[-70.5391489168097, -33.38533100292037]","POLYGON((-70.5391489168097 -33.38533100292037, -70.53916773693938 -33.38534970838137, -70.53892131040031 -33.38552419945548, -70.53890249028277 -33.385505493957176, -70.5391489168097 -33.38533100292037))"
151600217100196,13132041008016,307575,V1313210308,LA AURORA,CALLE,3,5,"[-70.53926696873889, -33.385185422544374]","POLYGON((-70.53926696873889 -33.385185422544374, -70.5391489168097 -33.38533100292037, -70.5388822908576 -33.38517884022133, -70.53900034304631 -33.38503326008877, -70.53926696873889 -33.385185422544374))"
151600217100197,13132041008016,308879,V1313210580,CREPUSCULO,PASAJE,2,5,"[-70.53928746488667, -33.38539070048026]","POLYGON((-70.53928746488667 -33.38539070048026, -70.53936794752612 -33.38541910246637, -70.53924290879297 -33.38566846401118, -70.53916242595771 -33.38564006195049, -70.53928746488667 -33.38539070048026))"
151600217100198,13132041008016,308879,V1313210580,CREPUSCULO,PASAJE,4,4,"[-70.53936794752612, -33.38541910246637]","POLYGON((-70.53936794752612 -33.38541910246637, -70.53944400926235 -33.385446747578605, -70.5393158127392 -33.38569497812374, -70.5392397508209 -33.38566733293899, -70.53936794752612 -33.38541910246637))"
151600217100199,13132041008016,308879,V1313210580,CREPUSCULO,PASAJE,2,4,"[-70.53944400926235, -33.385446747578605]","POLYGON((-70.53944400926235 -33.385446747578605, -70.53952535183517 -33.38547513879217, -70.53940147883517 -33.38572490947601, -70.53932013606331 -33.38569651818785, -70.53944400926235 -33.385446747578605))"
151600217100200,13132041008016,308879,V1313210580,CREPUSCULO,PASAJE,4,4,"[-70.53952535183517, -33.38547513879217]","POLYGON((-70.53952535183517 -33.38547513879217, -70.53960400588696 -33.38550347312389, -70.53947676637185 -33.385752049971494, -70.53939811213085 -33.385723715565426, -70.53952535183517 -33.38547513879217))"
151600217100201,13132041008016,308879,V1313210580,CREPUSCULO,PASAJE,4,4,"[-70.53960400588696, -33.38550347312389]","POLYGON((-70.53960400588696 -33.38550347312389, -70.53968092760127 -33.385531107417876, -70.53955398276939 -33.38577979028245, -70.53947706086974 -33.385752155915945, -70.53960400588696 -33.38550347312389))"
151600217100202,13132041008016,308879,V1313210580,CREPUSCULO,PASAJE,4,4,"[-70.53968092760127, -33.385531107417876]","POLYGON((-70.53968092760127 -33.385531107417876, -70.53976130301027 -33.385559510474415, -70.5396361182182 -33.38580882046803, -70.5395557426138 -33.38578041733691, -70.53968092760127 -33.385531107417876))"
151600217100203,13132041008016,308879,V1313210580,CREPUSCULO,PASAJE,2,4,"[-70.53976130301027, -33.385559510474415]","POLYGON((-70.53976130301027 -33.385559510474415, -70.53984276439279 -33.38558853129825, -70.5397167168535 -33.38583753518206, -70.5396352552738 -33.38580851428204, -70.53976130301027 -33.385559510474415))"
151600217100204,13132041008016,308879,V1313210580,CREPUSCULO,PASAJE,4,4,"[-70.53984276439279, -33.38558853129825]","POLYGON((-70.53984276439279 -33.38558853129825, -70.53992054608806 -33.38561615476891, -70.5397948318945 -33.385865277228135, -70.53971705001062 -33.385837653684945, -70.53984276439279 -33.38558853129825))"
151600217100205,13132041008016,308879,V1313210580,CREPUSCULO,PASAJE,2,4,"[-70.53992054608806, -33.38561615476891]","POLYGON((-70.53992054608806 -33.38561615476891, -70.53999292682782 -33.385642312070246, -70.53986534577248 -33.38589076571616, -70.53979296485889 -33.38586460834622, -70.53992054608806 -33.38561615476891))"
151600217100206,13132041008016,308879,V1313210580,CREPUSCULO,PASAJE,2,4,"[-70.53999292682782, -33.385642312070246]","POLYGON((-70.53999292682782 -33.385642312070246, -70.54007514230601 -33.38567141356498, -70.53994978093054 -33.38592066112804, -70.53986756525265 -33.38589155955689, -70.53999292682782 -33.385642312070246))"
151600217100207,13132041008016,308879,V1313210580,CREPUSCULO,PASAJE,3,4,"[-70.54007514230601, -33.38567141356498]","POLYGON((-70.54007514230601 -33.38567141356498, -70.54015746531671 -33.385700513669484, -70.540032247992 -33.38594981219277, -70.53994992478117 -33.385920712011846, -70.54007514230601 -33.38567141356498))"
151600217100208,13132041008016,308880,V1313210580,CREPUSCULO,PASAJE,1,5,"[-70.54024415687488, -33.38572739504754]","POLYGON((-70.54024415687488 -33.38572739504754, -70.54035950614677 -33.38558103554105, -70.54062850203624 -33.38573023512381, -70.54051315303855 -33.385876594869764, -70.54024415687488 -33.38572739504754))"
151600217100208,13132041008016,308880,V1313210580,CREPUSCULO,PASAJE,2,5,"[-70.54022631209004, -33.385727436177206]","POLYGON((-70.54022631209004 -33.385727436177206, -70.54024415687488 -33.38572739504754, -70.54024504289883 -33.38599792009491, -70.5402271980587 -33.38599796122628, -70.54022631209004 -33.385727436177206))"
151600217100208,13132041008016,308879,V1313210580,CREPUSCULO,PASAJE,3,5,"[-70.54015746531671, -33.385700513669484]","POLYGON((-70.54015746531671 -33.385700513669484, -70.54022631209004 -33.385727436177206, -70.54009006845358 -33.385972631683664, -70.54002122152275 -33.38594570910571, -70.54015746531671 -33.385700513669484))"
151600217100208,13132041008016,308881,V1313210580,CREPUSCULO,PASAJE,3,5,"[-70.54015746531671, -33.385700513669484]","POLYGON((-70.54015746531671 -33.385700513669484, -70.54022631209004 -33.385727436177206, -70.54009006845358 -33.385972631683664, -70.54002122152275 -33.38594570910571, -70.54015746531671 -33.385700513669484))"
151600217100208,13132041008016,308880,V1313210580,CREPUSCULO,PASAJE,3,5,"[-70.54015746531671, -33.385700513669484]","POLYGON((-70.54015746531671 -33.385700513669484, -70.54022631209004 -33.385727436177206, -70.54009006845358 -33.385972631683664, -70.54002122152275 -33.38594570910571, -70.54015746531671 -33.385700513669484))"
151600217300055,13132041002015,306553,V1313210062,VITACURA,AVENIDA,3,4,"[-70.53971133813926, -33.379530162246304]","POLYGON((-70.53971133813926 -33.379530162246304, -70.53952714218269 -33.37946598088655, -70.53965081990455 -33.37921614496509, -70.53983501541008 -33.37928032615623, -70.53971133813926 -33.379530162246304))"
151600217300056,13132041002015,308857,V1313210564,ARQUITECTO ENRIQUE AGUIRRE HERRERA,PASAJE,3,4,"[-70.53941714886219, -33.379427934397384]","POLYGON((-70.53941714886219 -33.379427934397384, -70.53932240925391 -33.379596673929896, -70.53903070078279 -33.379481393005115, -70.53912544084783 -33.37931265367975, -70.53941714886219 -33.379427934397384))"
151600217300056,13132041002015,306553,V1313210062,VITACURA,AVENIDA,4,4,"[-70.53952714218269, -33.37946598088655]","POLYGON((-70.53952714218269 -33.37946598088655, -70.53941714886219 -33.379427934397384, -70.53954005544793 -33.379177830767595, -70.53965004849807 -33.37921587715677, -70.53952714218269 -33.37946598088655))"
151600217300074,13132041002014,306487,V1313210060,TABANCURA,AVENIDA,2,4,"[-70.53758159210096, -33.37991839185307]","POLYGON((-70.53758159210096 -33.37991839185307, -70.53752182103455 -33.37999759366629, -70.53724938318504 -33.37985287909444, -70.53730915441018 -33.37977367740645, -70.53758159210096 -33.37991839185307))"
151600217300074,13132041002014,306507,V1313210060,TABANCURA,AVENIDA,2,4,"[-70.53758159210096, -33.37991839185307]","POLYGON((-70.53758159210096 -33.37991839185307, -70.53752182103455 -33.37999759366629, -70.53724938318504 -33.37985287909444, -70.53730915441018 -33.37977367740645, -70.53758159210096 -33.37991839185307))"
151600217300074,13132041002014,309170,V1313210674,TABANCURA,PASAJE,2,4,"[-70.53758159210096, -33.37991839185307]","POLYGON((-70.53758159210096 -33.37991839185307, -70.53752182103455 -33.37999759366629, -70.53724938318504 -33.37985287909444, -70.53730915441018 -33.37977367740645, -70.53758159210096 -33.37991839185307))"
151600217300075,13132041002014,306487,V1313210060,TABANCURA,AVENIDA,2,4,"[-70.53752182103455, -33.37999759366629]","POLYGON((-70.53752182103455 -33.37999759366629, -70.53746719699404 -33.38006996778257, -70.53719476685995 -33.37992524268106, -70.53724939104549 -33.37985286867923, -70.53752182103455 -33.37999759366629))"
151600217300075,13132041002014,306507,V1313210060,TABANCURA,AVENIDA,2,4,"[-70.53752182103455, -33.37999759366629]","POLYGON((-70.53752182103455 -33.37999759366629, -70.53746719699404 -33.38006996778257, -70.53719476685995 -33.37992524268106, -70.53724939104549 -33.37985286867923, -70.53752182103455 -33.37999759366629))"
151600217300075,13132041002014,309170,V1313210674,TABANCURA,PASAJE,2,4,"[-70.53752182103455, -33.37999759366629]","POLYGON((-70.53752182103455 -33.37999759366629, -70.53746719699404 -33.38006996778257, -70.53719476685995 -33.37992524268106, -70.53724939104549 -33.37985286867923, -70.53752182103455 -33.37999759366629))"
151600217300076,13132041002014,306487,V1313210060,TABANCURA,AVENIDA,4,5,"[-70.53746719699404, -33.38006996778257]","POLYGON((-70.53746719699404 -33.38006996778257, -70.5374028143588 -33.380155900389816, -70.53712981362216 -33.380011933717704, -70.53719419643144 -33.37992600124555, -70.53746719699404 -33.38006996778257))"
151600217300076,13132041002014,306500,V1313210060,TABANCURA,AVENIDA,4,5,"[-70.53746719699404, -33.38006996778257]","POLYGON((-70.53746719699404 -33.38006996778257, -70.5374028143588 -33.380155900389816, -70.53712981362216 -33.380011933717704, -70.53719419643144 -33.37992600124555, -70.53746719699404 -33.38006996778257))"
151600217300076,13132041002014,306507,V1313210060,TABANCURA,AVENIDA,4,5,"[-70.53746719699404, -33.38006996778257]","POLYGON((-70.53746719699404 -33.38006996778257, -70.5374028143588 -33.380155900389816, -70.53712981362216 -33.380011933717704, -70.53719419643144 -33.37992600124555, -70.53746719699404 -33.38006996778257))"
151600217300076,13132041002014,309170,V1313210674,TABANCURA,PASAJE,4,5,"[-70.53746719699404, -33.38006996778257]","POLYGON((-70.53746719699404 -33.38006996778257, -70.5374028143588 -33.380155900389816, -70.53712981362216 -33.380011933717704, -70.53719419643144 -33.37992600124555, -70.53746719699404 -33.38006996778257))"
151600217300077,13132041002014,306500,V1313210060,TABANCURA,AVENIDA,4,5,"[-70.5374028143588, -33.380155900389816]","POLYGON((-70.5374028143588 -33.380155900389816, -70.5373509066582 -33.38022382172204, -70.53707945679746 -33.38007780526505, -70.53713136463163 -33.38000988404129, -70.5374028143588 -33.380155900389816))"
151600217300077,13132041002014,306507,V1313210060,TABANCURA,AVENIDA,4,5,"[-70.5374028143588, -33.380155900389816]","POLYGON((-70.5374028143588 -33.380155900389816, -70.5373509066582 -33.38022382172204, -70.53707945679746 -33.38007780526505, -70.53713136463163 -33.38000988404129, -70.5374028143588 -33.380155900389816))"
151600217300078,13132041002014,306500,V1313210060,TABANCURA,AVENIDA,1,4,"[-70.5373509066582, -33.38022382172204]","POLYGON((-70.5373509066582 -33.38022382172204, -70.53729812207565 -33.38029689446096, -70.53702235663835 -33.38015668495841, -70.53707514137645 -33.380083612331035, -70.5373509066582 -33.38022382172204))"
151600217300078,13132041002014,306507,V1313210060,TABANCURA,AVENIDA,1,4,"[-70.5373509066582, -33.38022382172204]","POLYGON((-70.5373509066582 -33.38022382172204, -70.53729812207565 -33.38029689446096, -70.53702235663835 -33.38015668495841, -70.53707514137645 -33.380083612331035, -70.5373509066582 -33.38022382172204))"
151600217300078,13132041002014,307928,V1313210365,LOS DRAGONES,CALLE,4,4,"[-70.53729812207565, -33.38029689446096]","POLYGON((-70.53729812207565 -33.38029689446096, -70.53752528192128 -33.380420159331095, -70.53735015838875 -33.38064731279448, -70.53712299817332 -33.38052404761789, -70.53729812207565 -33.38029689446096))"
151600217300099,13132041002015,308857,V1313210564,ARQUITECTO ENRIQUE AGUIRRE HERRERA,PASAJE,3,4,"[-70.53932240925391, -33.379596673929896]","POLYGON((-70.53932240925391 -33.379596673929896, -70.53927413851443 -33.37968177632725, -70.53898297368455 -33.37956553155628, -70.53903124465276 -33.3794804292644, -70.53932240925391 -33.379596673929896))"
151600217300100,13132041002015,308857,V1313210564,ARQUITECTO ENRIQUE AGUIRRE HERRERA,PASAJE,3,4,"[-70.53927317126504, -33.37968178832473]","POLYGON((-70.53927317126504 -33.37968178832473, -70.53921236920094 -33.379787788758144, -70.53892181152901 -33.37967047892538, -70.53898261387573 -33.37956447862466, -70.53927317126504 -33.37968178832473))"
151600218300010,13132041002027,308931,V1313210602,JACAREPAGUA,PASAJE,2,4,"[-70.53735454958019, -33.381163688258155]","POLYGON((-70.53735454958019 -33.381163688258155, -70.53745910557423 -33.38102711491241, -70.53773042172267 -33.38117330995334, -70.53762586599655 -33.381309883517496, -70.53735454958019 -33.381163688258155))"
151600218300010,13132041002027,309028,V1313210624,LOS COMANCHES,PASAJE,2,4,"[-70.53735454958019, -33.381163688258155]","POLYGON((-70.53735454958019 -33.381163688258155, -70.53745910557423 -33.38102711491241, -70.53773042172267 -33.38117330995334, -70.53762586599655 -33.381309883517496, -70.53735454958019 -33.381163688258155))"
151600218300010,13132041002027,309029,V1313210624,LOS COMANCHES,PASAJE,2,4,"[-70.53735454958019, -33.381163688258155]","POLYGON((-70.53735454958019 -33.381163688258155, -70.53745910557423 -33.38102711491241, -70.53773042172267 -33.38117330995334, -70.53762586599655 -33.381309883517496, -70.53735454958019 -33.381163688258155))"
151600218300011,13132041002027,309028,V1313210624,LOS COMANCHES,PASAJE,2,5,"[-70.53746007283934, -33.38102710292864]","POLYGON((-70.53746007283934 -33.38102710292864, -70.53752974083086 -33.38093605442943, -70.53780109713831 -33.38108219662078, -70.53773142932555 -33.38117324526554, -70.53746007283934 -33.38102710292864))"
151600218300012,13132041002027,309028,V1313210624,LOS COMANCHES,PASAJE,1,4,"[-70.53752974083086, -33.38093605442943]","POLYGON((-70.53752974083086 -33.38093605442943, -70.53762632194181 -33.38081058236579, -70.53789720490346 -33.380957340812365, -70.53780062403659 -33.381082813077526, -70.53752974083086 -33.38093605442943))"
151600218300013,13132041002027,307928,V1313210365,LOS DRAGONES,CALLE,4,4,"[-70.5377104558413, -33.38069861189714]","POLYGON((-70.5377104558413 -33.38069861189714, -70.53748959670858 -33.38057914729462, -70.53766432729729 -33.38035178103193, -70.53788518606868 -33.38047124533724, -70.5377104558413 -33.38069861189714))"
151600218300014,13132041002027,307685,V1313210332,LAS HUALTATAS,CALLE,3,5,"[-70.5365355415647, -33.38132344935701]","POLYGON((-70.5365355415647 -33.38132344935701, -70.53678681510142 -33.38146688903073, -70.53660541413977 -33.38169054950617, -70.53635414022753 -33.381547109479925, -70.5365355415647 -33.38132344935701))"
151600218300015,13132041002027,306498,V1313210060,TABANCURA,AVENIDA,3,4,"[-70.53685655888982, -33.38088523166963]","POLYGON((-70.53685655888982 -33.38088523166963, -70.53677243797955 -33.38099801308381, -70.53649908857524 -33.38085450921366, -70.5365832097154 -33.380741727976165, -70.53685655888982 -33.38088523166963))"
151600218300015,13132041002027,306493,V1313210060,TABANCURA,AVENIDA,3,4,"[-70.53685655888982, -33.38088523166963]","POLYGON((-70.53685655888982 -33.38088523166963, -70.53677243797955 -33.38099801308381, -70.53649908857524 -33.38085450921366, -70.5365832097154 -33.380741727976165, -70.53685655888982 -33.38088523166963))"
151600218300015,13132041002027,306511,V1313210060,TABANCURA,AVENIDA,3,4,"[-70.53685655888982, -33.38088523166963]","POLYGON((-70.53685655888982 -33.38088523166963, -70.53677243797955 -33.38099801308381, -70.53649908857524 -33.38085450921366, -70.5365832097154 -33.380741727976165, -70.53685655888982 -33.38088523166963))"
151600218300015,13132041002027,309171,V1313210675,TABANCURA INTERIOR,PASAJE,3,4,"[-70.53685655888982, -33.38088523166963]","POLYGON((-70.53685655888982 -33.38088523166963, -70.53677243797955 -33.38099801308381, -70.53649908857524 -33.38085450921366, -70.5365832097154 -33.380741727976165, -70.53685655888982 -33.38088523166963))"
151600218300015,13132041002027,306494,V1313210060,TABANCURA,AVENIDA,3,4,"[-70.53685655888982, -33.38088523166963]","POLYGON((-70.53685655888982 -33.38088523166963, -70.53677243797955 -33.38099801308381, -70.53649908857524 -33.38085450921366, -70.5365832097154 -33.380741727976165, -70.53685655888982 -33.38088523166963))"
151600218300015,13132041002027,306499,V1313210060,TABANCURA,AVENIDA,3,4,"[-70.53685655888982, -33.38088523166963]","POLYGON((-70.53685655888982 -33.38088523166963, -70.53677243797955 -33.38099801308381, -70.53649908857524 -33.38085450921366, -70.5365832097154 -33.380741727976165, -70.53685655888982 -33.38088523166963))"
151600218300016,13132041002027,306494,V1313210060,TABANCURA,AVENIDA,3,5,"[-70.53700315715253, -33.38068816476029]","POLYGON((-70.53700315715253 -33.38068816476029, -70.53685655888982 -33.38088523166963, -70.53658300643762 -33.38074200087196, -70.53672960510353 -33.380544934270674, -70.53700315715253 -33.38068816476029))"
151600218300016,13132041002027,306499,V1313210060,TABANCURA,AVENIDA,3,5,"[-70.53700315715253, -33.38068816476029]","POLYGON((-70.53700315715253 -33.38068816476029, -70.53685655888982 -33.38088523166963, -70.53658300643762 -33.38074200087196, -70.53672960510353 -33.380544934270674, -70.53700315715253 -33.38068816476029))"
151600218300018,13132041002027,306494,V1313210060,TABANCURA,AVENIDA,4,5,"[-70.537111330342, -33.38054334003029]","POLYGON((-70.537111330342 -33.38054334003029, -70.53700315715253 -33.38068816476029, -70.53672991725799 -33.38054451550466, -70.53683809074207 -33.3803996910018, -70.537111330342 -33.38054334003029))"
151600218300018,13132041002027,306499,V1313210060,TABANCURA,AVENIDA,4,5,"[-70.537111330342, -33.38054334003029]","POLYGON((-70.537111330342 -33.38054334003029, -70.53700315715253 -33.38068816476029, -70.53672991725799 -33.38054451550466, -70.53683809074207 -33.3803996910018, -70.537111330342 -33.38054334003029))"
151600218300019,13132041002027,306494,V1313210060,TABANCURA,AVENIDA,3,4,"[-70.53720525021626, -33.38041934421332]","POLYGON((-70.53720525021626 -33.38041934421332, -70.537111330342 -33.38054334003029, -70.53683917715003 -33.38039824665031, -70.53693309727146 -33.38027425102998, -70.53720525021626 -33.38041934421332))"
151600218300019,13132041002027,306499,V1313210060,TABANCURA,AVENIDA,3,4,"[-70.53720525021626, -33.38041934421332]","POLYGON((-70.53720525021626 -33.38041934421332, -70.537111330342 -33.38054334003029, -70.53683917715003 -33.38039824665031, -70.53693309727146 -33.38027425102998, -70.53720525021626 -33.38041934421332))"
151600218300019,13132041002027,307928,V1313210365,LOS DRAGONES,CALLE,4,4,"[-70.53748958401148, -33.3805784259692]","POLYGON((-70.53748958401148 -33.3805784259692, -70.53720525021626 -33.38041934421332, -70.53738415635394 -33.380194275284815, -70.53766848970885 -33.3803533566479, -70.53748958401148 -33.3805784259692))"
151600218900001,13132041008014,307621,V1313210314,LA LLAVERIA,CALLE,1,4,"[-70.54152624238624, -33.386257455542484]","POLYGON((-70.54152624238624 -33.386257455542484, -70.54163085190348 -33.38607524441389, -70.5419213866688 -33.386192630630696, -70.54181677763728 -33.38637484198761, -70.54152624238624 -33.386257455542484))"
151600218900001,13132041008014,308965,V1313210609,LA LLAVERIA,PASAJE,2,4,"[-70.54139221752614, -33.38620446824214]","POLYGON((-70.54139221752614 -33.38620446824214, -70.54152624238624 -33.386257455542484, -70.54138876898581 -33.38650216768535, -70.54125474382134 -33.386449180246885, -70.54139221752614 -33.38620446824214))"
151600218900002,13132041008014,307621,V1313210314,LA LLAVERIA,CALLE,1,5,"[-70.54171850690653, -33.38592525959956]","POLYGON((-70.54171850690653 -33.38592525959956, -70.54169530269725 -33.38587747918773, -70.5419939432002 -33.3857754099475, -70.54201714754123 -33.38582319030031, -70.54171850690653 -33.38592525959956))"
151600218900002,13132041008014,308613,V1313210521,TUPUNGATO,CALLE,1,5,"[-70.54171850690653, -33.38592525959956]","POLYGON((-70.54171850690653 -33.38592525959956, -70.54169530269725 -33.38587747918773, -70.5419939432002 -33.3857754099475, -70.54201714754123 -33.38582319030031, -70.54171850690653 -33.38592525959956))"
151600218900002,13132041008014,307619,V1313210314,LA LLAVERIA,CALLE,1,5,"[-70.54171850690653, -33.38592525959956]","POLYGON((-70.54171850690653 -33.38592525959956, -70.54169530269725 -33.38587747918773, -70.5419939432002 -33.3857754099475, -70.54201714754123 -33.38582319030031, -70.54171850690653 -33.38592525959956))"
151600218900002,13132041008014,308599,V1313210521,TUPUNGATO,CALLE,1,5,"[-70.54171850690653, -33.38592525959956]","POLYGON((-70.54171850690653 -33.38592525959956, -70.54169530269725 -33.38587747918773, -70.5419939432002 -33.3857754099475, -70.54201714754123 -33.38582319030031, -70.54171850690653 -33.38592525959956))"
151600218900002,13132041008014,307621,V1313210314,LA LLAVERIA,CALLE,2,5,"[-70.54163085190348, -33.38607524441389]","POLYGON((-70.54163085190348 -33.38607524441389, -70.54171850690653 -33.38592525959956, -70.54200805448407 -33.38604434917694, -70.54192039987558 -33.38619433418222, -70.54163085190348 -33.38607524441389))"
151600218900002,13132041008014,308599,V1313210521,TUPUNGATO,CALLE,5,5,"[-70.54169530269725, -33.38587747918773]","POLYGON((-70.54169530269725 -33.38587747918773, -70.54159874876024 -33.38584612191591, -70.54171516800038 -33.38559384068306, -70.54181172169281 -33.3856251978723, -70.54169530269725 -33.38587747918773))"
151600218900003,13132041008014,308599,V1313210521,TUPUNGATO,CALLE,2,4,"[-70.54159873602667, -33.38584540059247]","POLYGON((-70.54159873602667 -33.38584540059247, -70.5414788846492 -33.38580360062249, -70.54160267711296 -33.385553802003834, -70.54172252819703 -33.38559560186399, -70.54159873602667 -33.38584540059247))"
151600218900004,13132041008014,308599,V1313210521,TUPUNGATO,CALLE,4,4,"[-70.5414788846492, -33.38580360062249]","POLYGON((-70.5414788846492 -33.38580360062249, -70.54136000069833 -33.385761788517485, -70.54148468120248 -33.38551230092922, -70.54160356486358 -33.38555411292441, -70.5414788846492 -33.38580360062249))"
151600218900005,13132041008014,308599,V1313210521,TUPUNGATO,CALLE,2,4,"[-70.54136000069833, -33.385761788517485]","POLYGON((-70.54136000069833 -33.385761788517485, -70.5412411168575 -33.385719976294986, -70.54136579765144 -33.38547048881655, -70.54148468120249 -33.38551230092923, -70.54136000069833 -33.385761788517485))"
151600218900006,13132041008014,308599,V1313210521,TUPUNGATO,CALLE,4,4,"[-70.54124110253565, -33.38571916480596]","POLYGON((-70.54124110253565 -33.38571916480596, -70.5411221256473 -33.385678165289875, -70.54124465418 -33.38542792851166, -70.5413636307753 -33.38546892791997, -70.54124110253565 -33.38571916480596))"
151600218900007,13132041008014,308965,V1313210609,LA LLAVERIA,PASAJE,2,4,"[-70.5412750806511, -33.38615812510398]","POLYGON((-70.5412750806511 -33.38615812510398, -70.5413922032026 -33.386203656753246, -70.541256616945 -33.38644910872822, -70.5411394941245 -33.386403576960106, -70.5412750806511 -33.38615812510398))"
151600218900008,13132041008014,308965,V1313210609,LA LLAVERIA,PASAJE,2,4,"[-70.5411587925979, -33.386111140013874]","POLYGON((-70.5411587925979 -33.386111140013874, -70.5412750806511 -33.38615812510398, -70.54113515081302 -33.386401855403435, -70.54101886249977 -33.386354870191106, -70.5411587925979 -33.386111140013874))"
151600218900009,13132041008014,308965,V1313210609,LA LLAVERIA,PASAJE,3,4,"[-70.54104165596502, -33.38606479664744]","POLYGON((-70.54104165596502 -33.38606479664744, -70.5411587925979 -33.386111140013874, -70.54102123967743 -33.386355820657585, -70.54090410277867 -33.38630947717036, -70.54104165596502 -33.38606479664744))"
151600218900010,13132041008014,308965,V1313210609,LA LLAVERIA,PASAJE,2,4,"[-70.54092548836282, -33.386018531319614]","POLYGON((-70.54092548836282 -33.386018531319614, -70.54104165596502 -33.38606479664744, -70.54090335694194 -33.38630918111142, -70.54078718907728 -33.38626291566308, -70.54092548836282 -33.386018531319614))"
151600218900011,13132041008014,308965,V1313210609,LA LLAVERIA,PASAJE,2,5,"[-70.54082442284691, -33.385981277244966]","POLYGON((-70.54082442284691 -33.385981277244966, -70.54092548836282 -33.386018531319614, -70.54079576407723 -33.38626620279916, -70.54069469832135 -33.38622894862692, -70.54082442284691 -33.385981277244966))"
151600218900011,13132041008014,308965,V1313210609,LA LLAVERIA,PASAJE,3,5,"[-70.54081818640066, -33.385944649302445]","POLYGON((-70.54081818640066 -33.385944649302445, -70.54082442284691 -33.385981277244966, -70.54050518798736 -33.38601952948227, -70.540498951671 -33.38598290152016, -70.54081818640066 -33.385944649302445))"
151600218900011,13132041008014,308969,V1313210609,LA LLAVERIA,PASAJE,4,5,"[-70.54089856820573, -33.385802781841846]","POLYGON((-70.54089856820573 -33.385802781841846, -70.54081818640066 -33.385944649302445, -70.54052693917512 -33.38582851346194, -70.54060732136193 -33.38568664617698, -70.54089856820573 -33.385802781841846))"
151600218900012,13132041008014,308969,V1313210609,LA LLAVERIA,PASAJE,2,5,"[-70.54097204155511, -33.38566541919905]","POLYGON((-70.54097204155511 -33.38566541919905, -70.54089953711313 -33.38580285999522, -70.54060465008507 -33.38569337978967, -70.5406771549144 -33.38555593915281, -70.54097204155511 -33.38566541919905))"
151600218900012,13132041008014,308969,V1313210609,LA LLAVERIA,PASAJE,3,5,"[-70.54103184817113, -33.385643032022756]","POLYGON((-70.54103184817113 -33.385643032022756, -70.54097204155511 -33.38566541919905, -70.54084064008903 -33.385418371049084, -70.54090044657468 -33.38539598393917, -70.54103184817113 -33.385643032022756))"
151600218900012,13132041008014,308608,V1313210521,TUPUNGATO,CALLE,3,5,"[-70.54103184817113, -33.385643032022756]","POLYGON((-70.54103184817113 -33.385643032022756, -70.54097204155511 -33.38566541919905, -70.54084064008903 -33.385418371049084, -70.54090044657468 -33.38539598393917, -70.54103184817113 -33.385643032022756))"
151600218900012,13132041008014,308596,V1313210521,TUPUNGATO,CALLE,3,5,"[-70.54103184817113, -33.385643032022756]","POLYGON((-70.54103184817113 -33.385643032022756, -70.54097204155511 -33.38566541919905, -70.54084064008903 -33.385418371049084, -70.54090044657468 -33.38539598393917, -70.54103184817113 -33.385643032022756))"
151600218900012,13132041008014,308841,V1313210557,ALCOY,PASAJE,3,5,"[-70.54103184817113, -33.385643032022756]","POLYGON((-70.54103184817113 -33.385643032022756, -70.54097204155511 -33.38566541919905, -70.54084064008903 -33.385418371049084, -70.54090044657468 -33.38539598393917, -70.54103184817113 -33.385643032022756))"
151600218900012,13132041008014,308599,V1313210521,TUPUNGATO,CALLE,4,5,"[-70.54112221880601, -33.38567735246596]","POLYGON((-70.54112221880601 -33.38567735246596, -70.54103184817113 -33.385643032022756, -70.54116483901302 -33.38539658317244, -70.54125520943717 -33.38543090352591, -70.54112221880601 -33.38567735246596))"
151600219300021,13132041008007,308609,V1313210521,TUPUNGATO,CALLE,3,5,"[-70.53578806756059, -33.38321009072604]","POLYGON((-70.53578806756059 -33.38321009072604, -70.53588114195678 -33.38325781922852, -70.53571296385503 -33.38348864009341, -70.53561988929447 -33.38344091147088, -70.53578806756059 -33.38321009072604))"
151600219300022,13132041008007,308609,V1313210521,TUPUNGATO,CALLE,3,4,"[-70.53572112185081, -33.383174935296445]","POLYGON((-70.53572112185081 -33.383174935296445, -70.53578816076741 -33.38320927790445, -70.53562010717364 -33.38344016254802, -70.53555306813848 -33.38340581985361, -70.53572112185081 -33.383174935296445))"
151600219300023,13132041008007,308609,V1313210521,TUPUNGATO,CALLE,3,5,"[-70.53565319780691, -33.38313916063931]","POLYGON((-70.53565319780691 -33.38313916063931, -70.53572110916704 -33.3831742139707, -70.53555213038587 -33.38340462283899, -70.53548421890684 -33.38336956941953, -70.53565319780691 -33.38313916063931))"
151600219300024,13132041008007,308609,V1313210521,TUPUNGATO,CALLE,2,4,"[-70.53557442945868, -33.383098018831674]","POLYGON((-70.53557442945868 -33.383098018831674, -70.53565318353834 -33.38313834914782, -70.53548517182952 -33.383369255191134, -70.53540641761052 -33.38332892477352, -70.53557442945868 -33.383098018831674))"
151600219300025,13132041008007,308609,V1313210521,TUPUNGATO,CALLE,1,4,"[-70.53540008988466, -33.3830077361004]","POLYGON((-70.53540008988466 -33.3830077361004, -70.53557441677619 -33.38309729750586, -70.53540601124666 -33.38332800151617, -70.53523168404801 -33.383238439885524, -70.53540008988466 -33.3830077361004))"
151600219300025,13132041008007,306496,V1313210060,TABANCURA,AVENIDA,2,4,"[-70.53550643158002, -33.38285626167646]","POLYGON((-70.53550643158002 -33.38285626167646, -70.53540008988466 -33.3830077361004, -70.53512223650819 -33.382870446074214, -70.53522857853771 -33.382718971876194, -70.53550643158002 -33.38285626167646))"
151600219300025,13132041008007,306488,V1313210060,TABANCURA,AVENIDA,2,4,"[-70.53550643158002, -33.38285626167646]","POLYGON((-70.53550643158002 -33.38285626167646, -70.53540008988466 -33.3830077361004, -70.53512223650819 -33.382870446074214, -70.53522857853771 -33.382718971876194, -70.53550643158002 -33.38285626167646))"
151600219300042,13132041008007,308946,V1313210606,JOSE MIGUEL PERCEVAL,PASAJE,1,4,"[-70.53602685428201, -33.38294280198854]","POLYGON((-70.53602685428201 -33.38294280198854, -70.53607416845989 -33.3828763810217, -70.53635097132562 -33.38301515640185, -70.53630365729168 -33.38308157746893, -70.53602685428201 -33.38294280198854))"
151600219300043,13132041008007,308944,V1313210606,JOSE MIGUEL PERCEVAL,PASAJE,2,4,"[-70.53607513574612, -33.382876369048134]","POLYGON((-70.53607513574612 -33.382876369048134, -70.53612253036911 -33.38280841391685, -70.53640085287262 -33.382945033055165, -70.53635345840073 -33.38301298828724, -70.53607513574612 -33.382876369048134))"
151600219300043,13132041008007,308943,V1313210606,JOSE MIGUEL PERCEVAL,PASAJE,2,4,"[-70.53607513574612, -33.382876369048134]","POLYGON((-70.53607513574612 -33.382876369048134, -70.53612253036911 -33.38280841391685, -70.53640085287262 -33.382945033055165, -70.53635345840073 -33.38301298828724, -70.53607513574612 -33.382876369048134))"
151600219300043,13132041008007,308946,V1313210606,JOSE MIGUEL PERCEVAL,PASAJE,2,4,"[-70.53607513574612, -33.382876369048134]","POLYGON((-70.53607513574612 -33.382876369048134, -70.53612253036911 -33.38280841391685, -70.53640085287262 -33.382945033055165, -70.53635345840073 -33.38301298828724, -70.53607513574612 -33.382876369048134))"
151600219300044,13132041008007,308943,V1313210606,JOSE MIGUEL PERCEVAL,PASAJE,2,4,"[-70.5361233901784, -33.38280840327335]","POLYGON((-70.5361233901784 -33.38280840327335, -70.53616985709132 -33.382742714241964, -70.53644716632057 -33.382880775673506, -70.53640069955124 -33.38294646480352, -70.5361233901784 -33.38280840327335))"
151600219300045,13132041008007,308943,V1313210606,JOSE MIGUEL PERCEVAL,PASAJE,3,5,"[-70.53617082437601, -33.382742702267684]","POLYGON((-70.53617082437601 -33.382742702267684, -70.53621999361015 -33.38267174901566, -70.53649876905806 -33.3828077159858, -70.53644959998289 -33.38287866934251, -70.53617082437601 -33.382742702267684))"
151600219300046,13132041008007,308943,V1313210606,JOSE MIGUEL PERCEVAL,PASAJE,2,4,"[-70.53622085341806, -33.38267173837153]","POLYGON((-70.53622085341806 -33.38267173837153, -70.53626647306835 -33.38260678127644, -70.53654429926786 -33.38274410861765, -70.53649867976078 -33.38280906580965, -70.53622085341806 -33.38267173837153))"
151600219300047,13132041008007,308943,V1313210606,JOSE MIGUEL PERCEVAL,PASAJE,3,5,"[-70.53626733446158, -33.38260686079772]","POLYGON((-70.53626733446158 -33.38260686079772, -70.53631201213891 -33.38254335831342, -70.53658971026171 -33.38268086756578, -70.53654503272413 -33.382744370144955, -70.53626733446158 -33.38260686079772))"
151600219300048,13132041008007,308943,V1313210606,JOSE MIGUEL PERCEVAL,PASAJE,2,5,"[-70.5363128719455, -33.38254334766868]","POLYGON((-70.5363128719455 -33.38254334766868, -70.5363728651117 -33.38245828162552, -70.53665038989782 -33.38259603656154, -70.53659039691827 -33.382681102732064, -70.5363128719455 -33.38254334766868))"
151600219300049,13132041008007,308943,V1313210606,JOSE MIGUEL PERCEVAL,PASAJE,1,4,"[-70.53637372491741, -33.382458270980386]","POLYGON((-70.53637372491741 -33.382458270980386, -70.53644259047508 -33.382364256893204, -70.53671732354442 -33.38250589523441, -70.53664845818325 -33.382599909466734, -70.53637372491741 -33.382458270980386))"
151600219300049,13132041008007,307974,V1313210375,LOS RODODENDROS,CALLE,4,4,"[-70.53644259047508, -33.382364256893204]","POLYGON((-70.53644259047508 -33.382364256893204, -70.53626283495286 -33.3822716074084, -70.53643163353202 -33.382041106757185, -70.53661138873892 -33.38213375600921, -70.53644259047508 -33.382364256893204))"
151600219300050,13132041008007,306496,V1313210060,TABANCURA,AVENIDA,4,5,"[-70.53555297951705, -33.38278903871525]","POLYGON((-70.53555297951705 -33.38278903871525, -70.53550643158002 -33.38285626167646, -70.53522760146927 -33.38272037321976, -70.53527414955703 -33.382653150357676, -70.53555297951705 -33.38278903871525))"
151600219300050,13132041008007,306488,V1313210060,TABANCURA,AVENIDA,4,5,"[-70.53555297951705, -33.38278903871525]","POLYGON((-70.53555297951705 -33.38278903871525, -70.53550643158002 -33.38285626167646, -70.53522760146927 -33.38272037321976, -70.53527414955703 -33.382653150357676, -70.53555297951705 -33.38278903871525))"
151600219300051,13132041008007,306496,V1313210060,TABANCURA,AVENIDA,2,4,"[-70.53559681068602, -33.38272626843816]","POLYGON((-70.53559681068602 -33.38272626843816, -70.53555297951705 -33.38278903871525, -70.53527474342728 -33.382652296310695, -70.53531857473563 -33.38258952612679, -70.53559681068602 -33.38272626843816))"
151600219300051,13132041008007,306488,V1313210060,TABANCURA,AVENIDA,2,4,"[-70.53559681068602, -33.38272626843816]","POLYGON((-70.53559681068602 -33.38272626843816, -70.53555297951705 -33.38278903871525, -70.53527474342728 -33.382652296310695, -70.53531857473563 -33.38258952612679, -70.53559681068602 -33.38272626843816))"
151600219300052,13132041008007,306496,V1313210060,TABANCURA,AVENIDA,3,4,"[-70.53564419292914, -33.382657592153876]","POLYGON((-70.53564419292914 -33.382657592153876, -70.53559681068602 -33.38272626843816, -70.53531772670522 -33.38259074788871, -70.53536510910298 -33.3825220717054, -70.53564419292914 -33.382657592153876))"
151600219300052,13132041008007,306488,V1313210060,TABANCURA,AVENIDA,3,4,"[-70.53564419292914, -33.382657592153876]","POLYGON((-70.53564419292914 -33.382657592153876, -70.53559681068602 -33.38272626843816, -70.53531772670522 -33.38259074788871, -70.53536510910298 -33.3825220717054, -70.53564419292914 -33.382657592153876))"
151600219300053,13132041008007,306496,V1313210060,TABANCURA,AVENIDA,3,4,"[-70.5356995609463, -33.38257844570978]","POLYGON((-70.5356995609463 -33.38257844570978, -70.53564419292914 -33.382657592153876, -70.53536608825222 -33.382520662340376, -70.53542145644474 -33.38244151601398, -70.5356995609463 -33.38257844570978))"
151600219300053,13132041008007,306488,V1313210060,TABANCURA,AVENIDA,3,4,"[-70.5356995609463, -33.38257844570978]","POLYGON((-70.5356995609463 -33.38257844570978, -70.53564419292914 -33.382657592153876, -70.53536608825222 -33.382520662340376, -70.53542145644474 -33.38244151601398, -70.5356995609463 -33.38257844570978))"
151600219300054,13132041008007,306496,V1313210060,TABANCURA,AVENIDA,4,5,"[-70.53574698266787, -33.382512023532435]","POLYGON((-70.53574698266787 -33.382512023532435, -70.5356995609463 -33.38257844570978, -70.53542292450895 -33.38243943877522, -70.53547034637405 -33.382373016698324, -70.53574698266787 -33.382512023532435))"
151600219300054,13132041008007,306488,V1313210060,TABANCURA,AVENIDA,4,5,"[-70.53574698266787, -33.382512023532435]","POLYGON((-70.53574698266787 -33.382512023532435, -70.5356995609463 -33.38257844570978, -70.53542292450895 -33.38243943877522, -70.53547034637405 -33.382373016698324, -70.53574698266787 -33.382512023532435))"
151600219300055,13132041008007,306496,V1313210060,TABANCURA,AVENIDA,3,4,"[-70.53578904038295, -33.382452341439034]","POLYGON((-70.53578904038295 -33.382452341439034, -70.53574698266787 -33.382512023532435, -70.53546940164492 -33.3823743485873, -70.53551145949106 -33.382314666583184, -70.53578904038295 -33.382452341439034))"
151600219300055,13132041008007,306488,V1313210060,TABANCURA,AVENIDA,3,4,"[-70.53578904038295, -33.382452341439034]","POLYGON((-70.53578904038295 -33.382452341439034, -70.53574698266787 -33.382512023532435, -70.53546940164492 -33.3823743485873, -70.53551145949106 -33.382314666583184, -70.53578904038295 -33.382452341439034))"
151600219300056,13132041008007,306496,V1313210060,TABANCURA,AVENIDA,3,4,"[-70.53584716287145, -33.38237090620742]","POLYGON((-70.53584716287145 -33.38237090620742, -70.53578904038295 -33.382452341439034, -70.53551238222082 -33.38231336551059, -70.53557050488536 -33.382231930402114, -70.53584716287145 -33.38237090620742))"
151600219300056,13132041008007,306488,V1313210060,TABANCURA,AVENIDA,3,4,"[-70.53584716287145, -33.38237090620742]","POLYGON((-70.53584716287145 -33.38237090620742, -70.53578904038295 -33.382452341439034, -70.53551238222082 -33.38231336551059, -70.53557050488536 -33.382231930402114, -70.53584716287145 -33.38237090620742))"
151600219300057,13132041008007,306496,V1313210060,TABANCURA,AVENIDA,4,5,"[-70.53589361709221, -33.38230449594993]","POLYGON((-70.53589361709221 -33.38230449594993, -70.53584716287145 -33.38237090620742, -70.53556905319168 -33.38223398488034, -70.53561550755957 -33.38216757472161, -70.53589361709221 -33.38230449594993))"
151600219300057,13132041008007,306488,V1313210060,TABANCURA,AVENIDA,4,5,"[-70.53589361709221, -33.38230449594993]","POLYGON((-70.53589361709221 -33.38230449594993, -70.53584716287145 -33.38237090620742, -70.53556905319168 -33.38223398488034, -70.53561550755957 -33.38216757472161, -70.53589361709221 -33.38230449594993))"
151600219300058,13132041008007,306496,V1313210060,TABANCURA,AVENIDA,4,5,"[-70.53594995194693, -33.38222533743066]","POLYGON((-70.53594995194693 -33.38222533743066, -70.53589361709221 -33.38230449594993, -70.53561674935351 -33.382165814752845, -70.53567308437997 -33.38208665635297, -70.53594995194693 -33.38222533743066))"
151600219300058,13132041008007,306488,V1313210060,TABANCURA,AVENIDA,4,5,"[-70.53594995194693, -33.38222533743066]","POLYGON((-70.53594995194693 -33.38222533743066, -70.53589361709221 -33.38230449594993, -70.53561674935351 -33.382165814752845, -70.53567308437997 -33.38208665635297, -70.53594995194693 -33.38222533743066))"
151600219300059,13132041008007,306496,V1313210060,TABANCURA,AVENIDA,3,4,"[-70.5360116109594, -33.38213718463537]","POLYGON((-70.5360116109594 -33.38213718463537, -70.53594995194693 -33.38222533743066, -70.53567183803537 -33.382088422831195, -70.53573349724319 -33.38200027016698, -70.5360116109594 -33.38213718463537))"
151600219300059,13132041008007,306488,V1313210060,TABANCURA,AVENIDA,3,4,"[-70.5360116109594, -33.38213718463537]","POLYGON((-70.5360116109594 -33.38213718463537, -70.53594995194693 -33.38222533743066, -70.53567183803537 -33.382088422831195, -70.53573349724319 -33.38200027016698, -70.5360116109594 -33.38213718463537))"
151600219300059,13132041008007,307974,V1313210375,LOS RODODENDROS,CALLE,4,4,"[-70.53626292974057, -33.38227088475219]","POLYGON((-70.53626292974057 -33.38227088475219, -70.5360116109594 -33.38213718463537, -70.53618429809033 -33.38190872041317, -70.53643561644988 -33.38204242019617, -70.53626292974057 -33.38227088475219))"
151600219500001,13132041008018,308609,V1313210521,TUPUNGATO,CALLE,2,4,"[-70.53656231213088, -33.383767771712385]","POLYGON((-70.53656231213088 -33.383767771712385, -70.53646316258204 -33.38371696247512, -70.53663125830242 -33.38348609924029, -70.53673040767599 -33.383536908349726, -70.53656231213088 -33.383767771712385))"
151600219500001,13132041008018,307979,V1313210377,LOS TRIBUNALES,CALLE,3,4,"[-70.53645872760295, -33.383917048423186]","POLYGON((-70.53645872760295 -33.383917048423186, -70.53656231213088 -33.383767771712385, -70.53684099761472 -33.38390387338036, -70.53673741342072 -33.38405315031167, -70.53645872760295 -33.383917048423186))"
151600219500002,13132041008018,308609,V1313210521,TUPUNGATO,CALLE,4,4,"[-70.5364631498919, -33.3837162411497]","POLYGON((-70.5364631498919 -33.3837162411497, -70.53638448971466 -33.38367518872084, -70.53655482475457 -33.38344548360825, -70.53663348479617 -33.3834865359342, -70.5364631498919 -33.3837162411497))"
151600219500003,13132041008018,308609,V1313210521,TUPUNGATO,CALLE,2,4,"[-70.53638447702521, -33.38367446739538]","POLYGON((-70.53638447702521 -33.38367446739538, -70.53630582961016 -33.38363413623972, -70.53647401080254 -33.38340331688285, -70.53655265807869 -33.383443647937064, -70.53638447702521 -33.38367446739538))"
151600219500004,13132041008018,308609,V1313210521,TUPUNGATO,CALLE,2,4,"[-70.53630581533527, -33.38363332474854]","POLYGON((-70.53630581533527 -33.38363332474854, -70.53623518949824 -33.383596772204015, -70.53640449852799 -33.38336653391264, -70.5364751242418 -33.383403086365405, -70.53630581533527 -33.38363332474854))"
151600219500005,13132041008018,308609,V1313210521,TUPUNGATO,CALLE,2,4,"[-70.53623518949824, -33.383596772204015]","POLYGON((-70.53623518949824 -33.383596772204015, -70.53615197426062 -33.38355343119624, -70.53632205790795 -33.38332359511196, -70.53640527300168 -33.38336693601104, -70.53623518949824 -33.383596772204015))"
151600219500006,13132041008018,308609,V1313210521,TUPUNGATO,CALLE,4,4,"[-70.53615206905022, -33.3835527085402]","POLYGON((-70.53615206905022 -33.3835527085402, -70.53608590223249 -33.38351907682445, -70.53625299928285 -33.38328770404942, -70.53631916598235 -33.38332133568042, -70.53615206905022 -33.3835527085402))"
151600219500007,13132041008018,308609,V1313210521,TUPUNGATO,CALLE,4,4,"[-70.53608588954555, -33.38351835549887]","POLYGON((-70.53608588954555 -33.38351835549887, -70.53599920823258 -33.38347352414059, -70.53616843286044 -33.383243242276436, -70.53625511402207 -33.383288073522145, -70.53608588954555 -33.38351835549887))"
151600219500008,13132041008018,308609,V1313210521,TUPUNGATO,CALLE,4,4,"[-70.5359991955464, -33.383472802814985]","POLYGON((-70.5359991955464 -33.383472802814985, -70.5359303165512 -33.383437761619916, -70.53609752123818 -33.3832064436394, -70.53616640011043 -33.38324148474619, -70.5359991955464 -33.383472802814985))"
151600219500009,13132041008018,308609,V1313210521,TUPUNGATO,CALLE,4,4,"[-70.5359303022799, -33.383436950128576]","POLYGON((-70.5359303022799 -33.383436950128576, -70.5358417829185 -33.383391510110094, -70.53601008852657 -33.38316075477037, -70.53609860773183 -33.38320619467458, -70.5359303022799 -33.383436950128576))"
151600219500010,13132041008018,308609,V1313210521,TUPUNGATO,CALLE,5,5,"[-70.53584177023365, -33.383390788784425]","POLYGON((-70.53584177023365 -33.383390788784425, -70.53576312331616 -33.38335045726844, -70.53593130545728 -33.38311963861171, -70.53600995223589 -33.38315997002626, -70.53584177023365 -33.383390788784425))"
151600219500011,13132041008018,308609,V1313210521,TUPUNGATO,CALLE,4,4,"[-70.53576311063198, -33.38334973594274]","POLYGON((-70.53576311063198 -33.38334973594274, -70.5356835897032 -33.38330860352368, -70.53585282688047 -33.38307832827692, -70.53593234767042 -33.383119460592695, -70.53576311063198 -33.38334973594274))"
151600219500012,13132041008018,308609,V1313210521,TUPUNGATO,CALLE,4,4,"[-70.5356835770197, -33.38330788219793]","POLYGON((-70.5356835770197 -33.38330788219793, -70.5356029829831 -33.38326685319121, -70.53577027046143 -33.38303557747048, -70.53585086435432 -33.383076606373876, -70.5356835770197 -33.38330788219793))"
151600219500013,13132041008018,308609,V1313210521,TUPUNGATO,CALLE,3,4,"[-70.53560307619168, -33.383266040369726]","POLYGON((-70.53560307619168 -33.383266040369726, -70.53552083044804 -33.38322277711407, -70.53569213222693 -33.38299357888941, -70.53577437783031 -33.38303684203678, -70.53560307619168 -33.383266040369726))"
151600219500014,13132041008018,308609,V1313210521,TUPUNGATO,CALLE,4,4,"[-70.53552083044804, -33.38322277711407]","POLYGON((-70.53552083044804 -33.38322277711407, -70.53545552392825 -33.38318913440683, -70.53562426156195 -33.38295860138637, -70.5356895679671 -33.382992244009074, -70.53552083044804 -33.38322277711407))"
151600219500015,13132041008018,306510,V1313210060,TABANCURA,AVENIDA,2,4,"[-70.53528298444095, -33.38309729608868]","POLYGON((-70.53528298444095 -33.38309729608868, -70.53517122445234 -33.38325857737556, -70.53489244457612 -33.383122614493836, -70.53500420492605 -33.38296133344493, -70.53528298444095 -33.38309729608868))"
151600219500015,13132041008018,306488,V1313210060,TABANCURA,AVENIDA,2,4,"[-70.53528298444095, -33.38309729608868]","POLYGON((-70.53528298444095 -33.38309729608868, -70.53517122445234 -33.38325857737556, -70.53489244457612 -33.383122614493836, -70.53500420492605 -33.38296133344493, -70.53528298444095 -33.38309729608868))"
151600219500015,13132041008018,306512,V1313210060,TABANCURA,AVENIDA,2,4,"[-70.53528298444095, -33.38309729608868]","POLYGON((-70.53528298444095 -33.38309729608868, -70.53517122445234 -33.38325857737556, -70.53489244457612 -33.383122614493836, -70.53500420492605 -33.38296133344493, -70.53528298444095 -33.38309729608868))"
151600219500015,13132041008018,306359,V1313210054,PRESIDENTE KENNEDY LATERAL,AVENIDA,2,4,"[-70.53528298444095, -33.38309729608868]","POLYGON((-70.53528298444095 -33.38309729608868, -70.53517122445234 -33.38325857737556, -70.53489244457612 -33.383122614493836, -70.53500420492605 -33.38296133344493, -70.53528298444095 -33.38309729608868))"
151600219500015,13132041008018,308609,V1313210521,TUPUNGATO,CALLE,3,4,"[-70.53545551124671, -33.383188413081015]","POLYGON((-70.53545551124671 -33.383188413081015, -70.53528298444095 -33.38309729608868, -70.53545477790944 -33.382868357123485, -70.53562730442268 -33.382959473887965, -70.53545551124671 -33.383188413081015))"
151600220100003,13132041001031,308016,V1313210387,MAR JONICO,CALLE,2,5,"[-70.55745864665107, -33.38437998039742]","POLYGON((-70.55745864665107 -33.38437998039742, -70.5574960979783 -33.38437022128173, -70.55759175310152 -33.384628569810715, -70.55755430167656 -33.38463832895779, -70.55745864665107 -33.38437998039742))"
151600220100003,13132041001031,308016,V1313210387,MAR JONICO,CALLE,3,5,"[-70.55735480245366, -33.38436802653605]","POLYGON((-70.55735480245366 -33.38436802653605, -70.55745864665107 -33.38437998039742, -70.55741480981965 -33.38464799365789, -70.55731096530643 -33.38463603976942, -70.55735480245366 -33.38436802653605))"
151600220100004,13132041001031,308016,V1313210387,MAR JONICO,CALLE,2,4,"[-70.55721630245804, -33.38435380194782]","POLYGON((-70.55721630245804 -33.38435380194782, -70.55735478798283 -33.38436721505305, -70.55731780412268 -33.38463595454311, -70.55717931817388 -33.38462254140936, -70.55721630245804 -33.38435380194782))"
151600220100005,13132041001031,308016,V1313210387,MAR JONICO,CALLE,2,5,"[-70.55707768216361, -33.38433885723391]","POLYGON((-70.55707768216361 -33.38433885723391, -70.55721628959621 -33.384353080629545, -70.55717713754817 -33.384621603889656, -70.55703852969204 -33.38460738046303, -70.55707768216361 -33.38433885723391))"
151600220100006,13132041001031,308016,V1313210387,MAR JONICO,CALLE,2,4,"[-70.55693918385427, -33.38432472249834]","POLYGON((-70.55693918385427 -33.38432472249834, -70.55707777677993 -33.38433813456694, -70.55704082404355 -33.3846068770953, -70.55690223069355 -33.38459346499818, -70.55693918385427 -33.38432472249834))"
151600220100007,13132041001031,308016,V1313210387,MAR JONICO,CALLE,2,4,"[-70.55679970382525, -33.38430978825914]","POLYGON((-70.55679970382525 -33.38430978825914, -70.55693916938733 -33.38432391101517, -70.55690052612684 -33.384592486165616, -70.5567610601384 -33.38457836337901, -70.55679970382525 -33.38430978825914))"
151600220100008,13132041001031,308016,V1313210387,MAR JONICO,CALLE,2,4,"[-70.55666108365314, -33.38429484307554]","POLYGON((-70.55666108365314 -33.38429484307554, -70.55679970382525 -33.38430978825914, -70.55675860020646 -33.38457810622511, -70.5566199796116 -33.384563161008344, -70.55666108365314 -33.38429484307554))"
151600220100009,13132041001031,308016,V1313210387,MAR JONICO,CALLE,2,6,"[-70.55652873735968, -33.38428207366295]","POLYGON((-70.55652873735968 -33.38428207366295, -70.55666108365314 -33.38429484307554, -70.55662423957145 -33.38456359614075, -70.55649189287274 -33.384550826701066, -70.55652873735968 -33.38428207366295))"
151600220100009,13132041001031,308016,V1313210387,MAR JONICO,CALLE,3,6,"[-70.55649739189877, -33.38426046171354]","POLYGON((-70.55649739189877 -33.38426046171354, -70.55652873735968 -33.38428207366295, -70.55632399044029 -33.38449107090528, -70.55629264495074 -33.38446945890553, -70.55649739189877 -33.38426046171354))"
151600220100009,13132041001031,307856,V1313210351,LO GALLO,CALLE,3,6,"[-70.55649739189877, -33.38426046171354]","POLYGON((-70.55649739189877 -33.38426046171354, -70.55652873735968 -33.38428207366295, -70.55632399044029 -33.38449107090528, -70.55629264495074 -33.38446945890553, -70.55649739189877 -33.38426046171354))"
151600220100009,13132041001031,307862,V1313210351,LO GALLO,CALLE,4,6,"[-70.55649212939989, -33.38423058631199]","POLYGON((-70.55649212939989 -33.38423058631199, -70.55649739189877 -33.38426046171354, -70.55617838924428 -33.38430000856398, -70.55617312685106 -33.384270133146, -70.55649212939989 -33.38423058631199))"
151600220100009,13132041001031,307862,V1313210351,LO GALLO,CALLE,5,6,"[-70.55651533762583, -33.38406706039572]","POLYGON((-70.55651533762583 -33.38406706039572, -70.55649212939989 -33.38423058631199, -70.55617192447596 -33.38419860222126, -70.55619513329808 -33.38403507634693, -70.55651533762583 -33.38406706039572))"
151600220100014,13132041001031,308355,V1313210486,SAMOTRACIA,CALLE,1,4,"[-70.55764182970499, -33.3839581406804]","POLYGON((-70.55764182970499 -33.3839581406804, -70.55753996077031 -33.383948416794794, -70.55757641646494 -33.38367962653809, -70.55767828508759 -33.383689350403124, -70.55764182970499 -33.3839581406804))"
151600220100014,13132041001031,308393,V1313210502,SIERRA ESMERALDA,CALLE,1,4,"[-70.55764182970499, -33.3839581406804]","POLYGON((-70.55764182970499 -33.3839581406804, -70.55753996077031 -33.383948416794794, -70.55757641646494 -33.38367962653809, -70.55767828508759 -33.383689350403124, -70.55764182970499 -33.3839581406804))"
151600220100015,13132041001031,308393,V1313210502,SIERRA ESMERALDA,CALLE,1,4,"[-70.55753996077031, -33.383948416794794]","POLYGON((-70.55753996077031 -33.383948416794794, -70.55743895166665 -33.38393868203341, -70.55747575424245 -33.3836699250388, -70.55757676303682 -33.38367965977954, -70.55753996077031 -33.383948416794794))"
151600220100016,13132041001031,308393,V1313210502,SIERRA ESMERALDA,CALLE,4,4,"[-70.55743893880322, -33.383937960715144]","POLYGON((-70.55743893880322 -33.383937960715144, -70.55733794419001 -33.383929037353894, -70.5573717191953 -33.383660000713476, -70.5574727134985 -33.38366892405654, -70.55743893880322 -33.383937960715144))"
151600220100017,13132041001031,308393,V1313210502,SIERRA ESMERALDA,CALLE,1,4,"[-70.55733793132741, -33.38392831603562]","POLYGON((-70.55733793132741 -33.38392831603562, -70.55723595497477 -33.383918593247195, -70.55727236868087 -33.38364979895722, -70.55737434472115 -33.383659521725114, -70.55733793132741 -33.38392831603562))"
151600220100018,13132041001031,308393,V1313210502,SIERRA ESMERALDA,CALLE,4,4,"[-70.55723595497477, -33.383918593247195]","POLYGON((-70.55723595497477 -33.383918593247195, -70.55713494592945 -33.38390885823625, -70.55717174943592 -33.383640101303804, -70.55727275817195 -33.38364983629408, -70.55723595497477 -33.383918593247195))"
151600220100019,13132041001031,308393,V1313210502,SIERRA ESMERALDA,CALLE,4,4,"[-70.55713494592945, -33.38390885823625]","POLYGON((-70.55713494592945 -33.38390885823625, -70.5570330770918 -33.38389913393103, -70.55706953433877 -33.38363034377656, -70.5571714028644 -33.38364006806122, -70.55713494592945 -33.38390885823625))"
151600220100020,13132041001031,308393,V1313210502,SIERRA ESMERALDA,CALLE,4,4,"[-70.55703306423172, -33.38389841261266]","POLYGON((-70.55703306423172 -33.38389841261266, -70.55693196060845 -33.38388940010206, -70.55696603289508 -33.383620389807945, -70.55706713620806 -33.38362940230008, -70.55703306423172 -33.38389841261266))"
151600220100021,13132041001031,308393,V1313210502,SIERRA ESMERALDA,CALLE,3,4,"[-70.55693194774922, -33.38388867878364]","POLYGON((-70.55693194774922 -33.38388867878364, -70.55683007895094 -33.38387895431037, -70.55686653681943 -33.38361016419681, -70.55696840530567 -33.383619888649534, -70.55693194774922 -33.38388867878364))"
151600220100024,13132041001031,308355,V1313210486,SAMOTRACIA,CALLE,3,4,"[-70.55773221808012, -33.38383047654189]","POLYGON((-70.55773221808012 -33.38383047654189, -70.55772051209861 -33.38392152992775, -70.55739990612422 -33.383892520619845, -70.55741161243868 -33.38380146725423, -70.55773221808012 -33.38383047654189))"
151600220100024,13132041001031,308393,V1313210502,SIERRA ESMERALDA,CALLE,3,4,"[-70.55773221808012, -33.38383047654189]","POLYGON((-70.55773221808012 -33.38383047654189, -70.55772051209861 -33.38392152992775, -70.55739990612422 -33.383892520619845, -70.55741161243868 -33.38380146725423, -70.55773221808012 -33.38383047654189))"
151600220100025,13132041001031,308355,V1313210486,SAMOTRACIA,CALLE,3,4,"[-70.55774381523204, -33.38374537672755]","POLYGON((-70.55774381523204 -33.38374537672755, -70.55773307789067 -33.383830465748396, -70.5574124048354 -33.38380198569925, -70.55742314248809 -33.383716896696825, -70.55774381523204 -33.38374537672755))"
151600220100026,13132041001031,308355,V1313210486,SAMOTRACIA,CALLE,3,4,"[-70.55775541075651, -33.3836601867469]","POLYGON((-70.55775541075651 -33.3836601867469, -70.55774467504176 -33.38374536593402, -70.55742399800627 -33.38371691993253, -70.55743473403267 -33.38363174076381, -70.55775541075651 -33.3836601867469))"
151600220100027,13132041001031,308355,V1313210486,SAMOTRACIA,CALLE,3,4,"[-70.55776797515401, -33.38357507478662]","POLYGON((-70.55776797515401 -33.38357507478662, -70.55775627056538 -33.383660175953324, -70.55743593160534 -33.383629167033384, -70.55744763650453 -33.38354406588755, -70.55776797515401 -33.38357507478662))"
151600220100028,13132041001031,308355,V1313210486,SAMOTRACIA,CALLE,3,4,"[-70.55777957385556, -33.38349006513234]","POLYGON((-70.55777957385556 -33.38349006513234, -70.55776883496203 -33.38357506399295, -70.55744816714589 -33.38354654991034, -70.55745890635038 -33.38346155106816, -70.55777957385556 -33.38349006513234))"
151600220100029,13132041001031,308616,V1313210522,VALLE HERMOSO,CALLE,3,4,"[-70.55779117092962, -33.383404965311726]","POLYGON((-70.55779117092962 -33.383404965311726, -70.55778043366274 -33.38349005433863, -70.55745976185192 -33.383461574374564, -70.55747049943008 -33.38337648536608, -70.55779117092962 -33.383404965311726))"
151600220100029,13132041001031,308354,V1313210486,SAMOTRACIA,CALLE,3,4,"[-70.55779117092962, -33.383404965311726]","POLYGON((-70.55779117092962 -33.383404965311726, -70.55778043366274 -33.38349005433863, -70.55745976185192 -33.383461574374564, -70.55747049943008 -33.38337648536608, -70.55779117092962 -33.383404965311726))"
151600220100029,13132041001031,308355,V1313210486,SAMOTRACIA,CALLE,3,4,"[-70.55779117092962, -33.383404965311726]","POLYGON((-70.55779117092962 -33.383404965311726, -70.55778043366274 -33.38349005433863, -70.55745976185192 -33.383461574374564, -70.55747049943008 -33.38337648536608, -70.55779117092962 -33.383404965311726))"
151600220100030,13132041001031,308354,V1313210486,SAMOTRACIA,CALLE,1,4,"[-70.55780276637617, -33.38331977532478]","POLYGON((-70.55780276637617 -33.38331977532478, -70.55779203073597 -33.38340495451796, -70.55747135494492 -33.3833765086016, -70.55748209089677 -33.38329132942683, -70.55780276637617 -33.38331977532478))"
151600220100031,13132041001031,308354,V1313210486,SAMOTRACIA,CALLE,3,4,"[-70.5578153178258, -33.38323394203977]","POLYGON((-70.5578153178258 -33.38323394203977, -70.55780362618168 -33.38331976453096, -70.55748324868382 -33.38328904629983, -70.55749494064123 -33.383203223829405, -70.5578153178258 -33.38323394203977))"
151600220100032,13132041001031,308354,V1313210486,SAMOTRACIA,CALLE,3,4,"[-70.55782692770742, -33.38314956353264]","POLYGON((-70.55782692770742 -33.38314956353264, -70.5578153178258 -33.38323394203977, -70.55749498215638 -33.38320292061185, -70.55750659234592 -33.38311854212542, -70.55782692770742 -33.38314956353264))"
151600220100033,13132041001031,308354,V1313210486,SAMOTRACIA,CALLE,3,4,"[-70.5578412713021, -33.38303764428966]","POLYGON((-70.5578412713021 -33.38303764428966, -70.55782778751126 -33.3831495527387, -70.55750695996481 -33.38312234558689, -70.55752044416553 -33.38301043716043, -70.5578412713021 -33.38303764428966))"
151600220100033,13132041001031,307837,V1313210350,LO BELTRAN,CALLE,4,4,"[-70.55806473139138, -33.38306000036417]","POLYGON((-70.55806473139138 -33.38306000036417, -70.5578412713021 -33.38303764428966, -70.55787945541363 -33.382769023012976, -70.55810291481954 -33.38279137903932, -70.55806473139138 -33.38306000036417))"
151600220100034,13132041001031,307249,V1313210229,EL LLEUQUE,CALLE,1,6,"[-70.55901254615299, -33.38384244508503]","POLYGON((-70.55901254615299 -33.38384244508503, -70.55872998447082 -33.3838155122573, -70.55876638820237 -33.383546717151475, -70.55904894901903 -33.38357364992236, -70.55901254615299 -33.38384244508503))"
151600220100034,13132041001031,307250,V1313210229,EL LLEUQUE,CALLE,2,6,"[-70.55903748086386, -33.38387225358023]","POLYGON((-70.55903748086386 -33.38387225358023, -70.55901254615299 -33.38384244508503, -70.55927650092904 -33.3836870478753, -70.55930143568126 -33.38371685631683, -70.55903748086386 -33.38387225358023))"
151600220100034,13132041001031,308115,V1313210421,NILO AZUL,CALLE,2,6,"[-70.55903748086386, -33.38387225358023]","POLYGON((-70.55903748086386 -33.38387225358023, -70.55901254615299 -33.38384244508503, -70.55927650092904 -33.3836870478753, -70.55930143568126 -33.38371685631683, -70.55903748086386 -33.38387225358023))"
151600220100034,13132041001031,308115,V1313210421,NILO AZUL,CALLE,3,6,"[-70.55901067259539, -33.384056657844134]","POLYGON((-70.55901067259539 -33.384056657844134, -70.55903748086386 -33.38387225358023, -70.55935757421193 -33.38390500391594, -70.55933076661518 -33.38408940822873, -70.55901067259539 -33.384056657844134))"
151600220100035,13132041001031,307249,V1313210229,EL LLEUQUE,CALLE,1,4,"[-70.55872997159678, -33.38381479093949]","POLYGON((-70.55872997159678 -33.38381479093949, -70.5585699593739 -33.383799846037874, -70.55860563939068 -33.383530982628905, -70.55876565112312 -33.38354592749925, -70.55872997159678 -33.38381479093949))"
151600220100036,13132041001031,307247,V1313210229,EL LLEUQUE,CALLE,4,4,"[-70.55856994650118, -33.38379912471999]","POLYGON((-70.55856994650118 -33.38379912471999, -70.5583561975022 -33.383778902260715, -70.55839233403715 -33.38351008174699, -70.55860608238125 -33.38353030416373, -70.55856994650118 -33.38379912471999))"
151600220100036,13132041001031,307249,V1313210229,EL LLEUQUE,CALLE,4,4,"[-70.55856994650118, -33.38379912471999]","POLYGON((-70.55856994650118 -33.38379912471999, -70.5583561975022 -33.383778902260715, -70.55839233403715 -33.38351008174699, -70.55860608238125 -33.38353030416373, -70.55856994650118 -33.38379912471999))"
151600220100036,13132041001031,308057,V1313210406,MILETO,CALLE,4,4,"[-70.55856994650118, -33.38379912471999]","POLYGON((-70.55856994650118 -33.38379912471999, -70.5583561975022 -33.383778902260715, -70.55839233403715 -33.38351008174699, -70.55860608238125 -33.38353030416373, -70.55856994650118 -33.38379912471999))"
151600220100037,13132041001031,307247,V1313210229,EL LLEUQUE,CALLE,1,4,"[-70.55835618463126, -33.38377818094278]","POLYGON((-70.55835618463126 -33.38377818094278, -70.55814339174343 -33.38375731481303, -70.55818082853867 -33.3834886195393, -70.55839362077529 -33.38350948562444, -70.55835618463126 -33.38377818094278))"
151600220100039,13132041001031,308057,V1313210406,MILETO,CALLE,1,7,"[-70.55833209915495, -33.38363328564492]","POLYGON((-70.55833209915495 -33.38363328564492, -70.55834910460193 -33.38351393776674, -70.55866928910245 -33.38354604617251, -70.55865228409051 -33.383665394081454, -70.55833209915495 -33.38363328564492))"
151600220100039,13132041001031,307247,V1313210229,EL LLEUQUE,CALLE,2,7,"[-70.55829538381994, -33.38366017090567]","POLYGON((-70.55829538381994 -33.38366017090567, -70.55833209915495 -33.38363328564492, -70.55854414850077 -33.3838370924554, -70.55850743315054 -33.383863977778674, -70.55829538381994 -33.38366017090567))"
151600220100039,13132041001031,307249,V1313210229,EL LLEUQUE,CALLE,2,7,"[-70.55829538381994, -33.38366017090567]","POLYGON((-70.55829538381994 -33.38366017090567, -70.55833209915495 -33.38363328564492, -70.55854414850077 -33.3838370924554, -70.55850743315054 -33.383863977778674, -70.55829538381994 -33.38366017090567))"
151600220100039,13132041001031,308057,V1313210406,MILETO,CALLE,2,7,"[-70.55829538381994, -33.38366017090567]","POLYGON((-70.55829538381994 -33.38366017090567, -70.55833209915495 -33.38363328564492, -70.55854414850077 -33.3838370924554, -70.55850743315054 -33.383863977778674, -70.55829538381994 -33.38366017090567))"
151600220100039,13132041001031,307247,V1313210229,EL LLEUQUE,CALLE,3,7,"[-70.55815771921587, -33.383650536293445]","POLYGON((-70.55815771921587 -33.383650536293445, -70.55829538381994 -33.38366017090567, -70.55826857607232 -33.38392975899741, -70.55813091104369 -33.38392012436809, -70.55815771921587 -33.383650536293445))"
151600220100040,13132041001031,308057,V1313210406,MILETO,CALLE,1,4,"[-70.55834910460193, -33.38351393776674]","POLYGON((-70.55834910460193 -33.38351393776674, -70.55836878597911 -33.38336984560235, -70.55868915292722 -33.38340064264578, -70.55866947207599 -33.38354473484515, -70.55834910460193 -33.38351393776674))"
151600220100041,13132041001031,307850,V1313210350,LO BELTRAN,CALLE,1,5,"[-70.55840005282528, -33.383115943029914]","POLYGON((-70.55840005282528 -33.383115943029914, -70.55837143735745 -33.3830906898681, -70.55860514796434 -33.38290430082307, -70.55863376343424 -33.38292955393152, -70.55840005282528 -33.383115943029914))"
151600220100041,13132041001031,307837,V1313210350,LO BELTRAN,CALLE,1,5,"[-70.55840005282528, -33.383115943029914]","POLYGON((-70.55840005282528 -33.383115943029914, -70.55837143735745 -33.3830906898681, -70.55860514796434 -33.38290430082307, -70.55863376343424 -33.38292955393152, -70.55840005282528 -33.383115943029914))"
151600220100041,13132041001031,308057,V1313210406,MILETO,CALLE,1,5,"[-70.55840005282528, -33.383115943029914]","POLYGON((-70.55840005282528 -33.383115943029914, -70.55837143735745 -33.3830906898681, -70.55860514796434 -33.38290430082307, -70.55863376343424 -33.38292955393152, -70.55840005282528 -33.383115943029914))"
151600220100041,13132041001031,307837,V1313210350,LO BELTRAN,CALLE,5,5,"[-70.55837143735745, -33.3830906898681]","POLYGON((-70.55837143735745 -33.3830906898681, -70.55823553316489 -33.38307724545063, -70.55827329584518 -33.38280858228305, -70.55840919962198 -33.38282202667167, -70.55837143735745 -33.3830906898681))"
151600220100042,13132041001031,307837,V1313210350,LO BELTRAN,CALLE,4,5,"[-70.55823551868659, -33.383076433967794]","POLYGON((-70.55823551868659 -33.383076433967794, -70.55806473139138 -33.38306000036417, -70.55810147586851 -33.38279123783028, -70.55827226264074 -33.38280767139907, -70.55823551868659 -33.383076433967794))"
151600220100043,13132041001031,308115,V1313210421,NILO AZUL,CALLE,1,4,"[-70.55897848327064, -33.384282885326925]","POLYGON((-70.55897848327064 -33.384282885326925, -70.55900981117357 -33.38405657848181, -70.55933012424681 -33.384087785142455, -70.55929879716963 -33.384314092043546, -70.55897848327064 -33.384282885326925))"
151600220100043,13132041001031,308020,V1313210387,MAR JONICO,CALLE,2,4,"[-70.55883987574407, -33.38426866390513]","POLYGON((-70.55883987574407 -33.38426866390513, -70.55897848327064 -33.384282885326925, -70.5589393366879 -33.384551408987825, -70.5588007287378 -33.384537187535095, -70.55883987574407 -33.38426866390513))"
151600220100044,13132041001031,308020,V1313210387,MAR JONICO,CALLE,1,4,"[-70.55870136285914, -33.38425371965935]","POLYGON((-70.55870136285914 -33.38425371965935, -70.55883987574407 -33.38426866390513, -70.55879874341127 -33.3845369785889, -70.55866023010392 -33.38452203430997, -70.55870136285914 -33.38425371965935))"
151600220100045,13132041001031,308020,V1313210387,MAR JONICO,CALLE,2,4,"[-70.55856275702057, -33.38423958808996]","POLYGON((-70.55856275702057 -33.38423958808996, -70.55870136285914 -33.38425371965935, -70.5586624595544 -33.38452226822723, -70.5585238532922 -33.38450813662717, -70.55856275702057 -33.38423958808996))"
151600220100046,13132041001031,308020,V1313210387,MAR JONICO,CALLE,2,5,"[-70.5584241496116, -33.38422536619963]","POLYGON((-70.5584241496116 -33.38422536619963, -70.55856285001536 -33.38423877525748, -70.55852593382069 -33.38450752118596, -70.55838723299227 -33.384494112099624, -70.5584241496116 -33.38422536619963))"
151600220100047,13132041001031,307961,V1313210372,LOS NIBELUNGOS,CALLE,4,4,"[-70.5582963060057, -33.38421191083231]","POLYGON((-70.5582963060057 -33.38421191083231, -70.55842413673986 -33.38422464488173, -70.55838611323635 -33.38449328214537, -70.55825828211118 -33.38448054806857, -70.5582963060057 -33.38421191083231))"
151600220100047,13132041001031,308013,V1313210387,MAR JONICO,CALLE,4,4,"[-70.5582963060057, -33.38421191083231]","POLYGON((-70.5582963060057 -33.38421191083231, -70.55842413673986 -33.38422464488173, -70.55838611323635 -33.38449328214537, -70.55825828211118 -33.38448054806857, -70.5582963060057 -33.38421191083231))"
151600220100047,13132041001031,308020,V1313210387,MAR JONICO,CALLE,4,4,"[-70.5582963060057, -33.38421191083231]","POLYGON((-70.5582963060057 -33.38421191083231, -70.55842413673986 -33.38422464488173, -70.55838611323635 -33.38449328214537, -70.55825828211118 -33.38448054806857, -70.5582963060057 -33.38421191083231))"
151600220300002,13132041001041,306611,V1313210062,VITACURA,AVENIDA,2,4,"[-70.55765438242808, -33.38549969478762]","POLYGON((-70.55765438242808 -33.38549969478762, -70.5578439062607 -33.38551760715981, -70.5578078049069 -33.385786431044586, -70.55761828049356 -33.38576851863469, -70.55765438242808 -33.38549969478762))"
151600220300003,13132041001041,306611,V1313210062,VITACURA,AVENIDA,1,4,"[-70.5574800436641, -33.38548330504233]","POLYGON((-70.5574800436641 -33.38548330504233, -70.55765438242808 -33.38549969478762, -70.5576184702798 -33.38576853652426, -70.55744413098155 -33.385752146744565, -70.5574800436641 -33.38548330504233))"
151600220300003,13132041001041,307083,V1313210196,CORINTO,CALLE,2,4,"[-70.55750958512799, -33.3852108462775]","POLYGON((-70.55750958512799 -33.3852108462775, -70.5574800436641 -33.38548330504233, -70.55715889833502 -33.385458799011225, -70.55718844079914 -33.38518634029299, -70.55750958512799 -33.3852108462775))"
151600220300004,13132041001041,308877,V1313210578,CORINTO,PASAJE,3,4,"[-70.5575890880312, -33.3850935999576]","POLYGON((-70.5575890880312 -33.3850935999576, -70.55750958512799 -33.3852108462775, -70.55722929281815 -33.38507708463307, -70.55730879599076 -33.38495983848298, -70.5575890880312 -33.3850935999576))"
151600220300004,13132041001041,307083,V1313210196,CORINTO,CALLE,3,4,"[-70.5575890880312, -33.3850935999576]","POLYGON((-70.5575890880312 -33.3850935999576, -70.55750958512799 -33.3852108462775, -70.55722929281815 -33.38507708463307, -70.55730879599076 -33.38495983848298, -70.5575890880312 -33.3850935999576))"
151600220300010,13132041001041,306523,V1313210062,VITACURA,AVENIDA,2,5,"[-70.55784392073672, -33.38551841864248]","POLYGON((-70.55784392073672 -33.38551841864248, -70.55852793478752 -33.38558332999023, -70.55849168888768 -33.38585214012395, -70.55780767274125 -33.38578722863941, -70.55784392073672 -33.38551841864248))"
151600220300010,13132041001041,306611,V1313210062,VITACURA,AVENIDA,2,5,"[-70.55784392073672, -33.38551841864248]","POLYGON((-70.55784392073672 -33.38551841864248, -70.55852793478752 -33.38558332999023, -70.55849168888768 -33.38585214012395, -70.55780767274125 -33.38578722863941, -70.55784392073672 -33.38551841864248))"
151600220300010,13132041001041,308721,V1313210543,WISCONSIN,CALLE,2,5,"[-70.55784392073672, -33.38551841864248]","POLYGON((-70.55784392073672 -33.38551841864248, -70.55852793478752 -33.38558332999023, -70.55849168888768 -33.38585214012395, -70.55780767274125 -33.38578722863941, -70.55784392073672 -33.38551841864248))"
151600220300011,13132041001041,308116,V1313210421,NILO AZUL,CALLE,1,4,"[-70.5587772961559, -33.385610950802146]","POLYGON((-70.5587772961559 -33.385610950802146, -70.55882740091258 -33.38529223916717, -70.55914710294222 -33.38532761064627, -70.559096999343 -33.3856463223753, -70.5587772961559 -33.385610950802146))"
151600220300011,13132041001041,306523,V1313210062,VITACURA,AVENIDA,2,4,"[-70.55852784018232, -33.38558405265786]","POLYGON((-70.55852784018232 -33.38558405265786, -70.5587772961559 -33.385610950802146, -70.55873618652463 -33.385879267952355, -70.55848672979022 -33.38585236974842, -70.55852784018232 -33.38558405265786))"
151600220300013,13132041001041,308116,V1313210421,NILO AZUL,CALLE,2,4,"[-70.55882740091258, -33.38529223916717]","POLYGON((-70.55882740091258 -33.38529223916717, -70.55885337361967 -33.38512723521932, -70.55917306819593 -33.38516265022238, -70.55914709608803 -33.38532765421898, -70.55882740091258 -33.38529223916717))"
151600220300014,13132041001041,308116,V1313210421,NILO AZUL,CALLE,1,4,"[-70.55885337361967, -33.38512723521932]","POLYGON((-70.55885337361967 -33.38512723521932, -70.5588774892558 -33.38497262585975, -70.55919723276932 -33.38500772491096, -70.55917311769485 -33.38516233431568, -70.55885337361967 -33.38512723521932))"
151600220300014,13132041001041,307960,V1313210372,LOS NIBELUNGOS,CALLE,4,4,"[-70.5588774892558, -33.38497262585975]","POLYGON((-70.5588774892558 -33.38497262585975, -70.55863613775499 -33.38494797089452, -70.55867511677704 -33.384679430049964, -70.55891646754026 -33.38470408496161, -70.5588774892558 -33.38497262585975))"
151600222500001,13132041001033,308354,V1313210486,SAMOTRACIA,CALLE,1,4,"[-70.55767229756296, -33.383183159579936]","POLYGON((-70.55767229756296 -33.383183159579936, -70.55769738914329 -33.38300481948156, -70.55801762818453 -33.38303652998884, -70.55799253725453 -33.38321487013239, -70.55767229756296 -33.383183159579936))"
151600222500001,13132041001033,307853,V1313210350,LO BELTRAN,CALLE,4,4,"[-70.55769738914329, -33.38300481948156]","POLYGON((-70.55769738914329 -33.38300481948156, -70.55756407742936 -33.38299206326073, -70.5576006199545 -33.38272328130301, -70.55773393126013 -33.38273603749685, -70.55769738914329 -33.38300481948156))"
151600222500002,13132041001033,307853,V1313210350,LO BELTRAN,CALLE,4,4,"[-70.55756406456536, -33.38299134194242]","POLYGON((-70.55756406456536 -33.38299134194242, -70.55746210215702 -33.382982340625794, -70.55749584841958 -33.38271330145084, -70.55759781051495 -33.38272230274912, -70.55756406456536 -33.38299134194242))"
151600222500003,13132041001033,307853,V1313210350,LO BELTRAN,CALLE,3,4,"[-70.55746219676914, -33.38298161795853]","POLYGON((-70.55746219676914 -33.38298161795853, -70.55736118879447 -33.38297188309965, -70.55739799132579 -33.38270312609262, -70.55749899899116 -33.382712860930845, -70.55746219676914 -33.38298161795853))"
151600222500004,13132041001033,307853,V1313210350,LO BELTRAN,CALLE,1,4,"[-70.55736118879447, -33.38297188309965]","POLYGON((-70.55736118879447 -33.38297188309965, -70.55726007497138 -33.38296223967143, -70.55729649860369 -33.382693446328275, -70.5573976121171 -33.38270308973614, -70.55736118879447 -33.38297188309965))"
151600222500005,13132041001033,307853,V1313210350,LO BELTRAN,CALLE,4,4,"[-70.55726007497138, -33.38296223967143]","POLYGON((-70.55726007497138 -33.38296223967143, -70.5571582072328 -33.382952515435896, -70.55719466381788 -33.38268372522774, -70.55729653124445 -33.38269344944272, -70.55726007497138 -33.38296223967143))"
151600222500006,13132041001033,307853,V1313210350,LO BELTRAN,CALLE,3,4,"[-70.55715819437216, -33.38295179411745]","POLYGON((-70.55715819437216 -33.38295179411745, -70.55705707898056 -33.38294206035757, -70.55709383880676 -33.38267329920959, -70.55719495388874 -33.38268303294884, -70.55715819437216 -33.38295179411745))"
151600222500008,13132041001033,307853,V1313210350,LO BELTRAN,CALLE,4,4,"[-70.55695531875662, -33.38293233460553]","POLYGON((-70.55695531875662 -33.38293233460553, -70.55684344141338 -33.38292192403431, -70.55687899044484 -33.38265304825452, -70.55699086744518 -33.38266345880399, -70.55695531875662 -33.38293233460553))"
151600222500009,13132041001033,307865,V1313210351,LO GALLO,CALLE,2,4,"[-70.55664408688641, -33.3829009768754]","POLYGON((-70.55664408688641 -33.3829009768754, -70.5566333147561 -33.383032421347956, -70.55631161201467 -33.38301386550716, -70.5563223846293 -33.38288242104819, -70.55664408688641 -33.3829009768754))"
151600222500009,13132041001033,307853,V1313210350,LO BELTRAN,CALLE,3,4,"[-70.5568434269481, -33.382921112550925]","POLYGON((-70.5568434269481 -33.382921112550925, -70.55664408688641 -33.3829009768754, -70.55668263454116 -33.382632392037415, -70.55688197399346 -33.382652527669364, -70.5568434269481 -33.382921112550925))"
151600222500010,13132041001033,307865,V1313210351,LO GALLO,CALLE,3,4,"[-70.55663245495295, -33.38303243213359]","POLYGON((-70.55663245495295 -33.38303243213359, -70.55662355248677 -33.38314211856786, -70.55630183483373 -33.38312374058609, -70.5563107377041 -33.383014054162935, -70.55663245495295 -33.38303243213359))"
151600222500011,13132041001033,308616,V1313210522,VALLE HERMOSO,CALLE,2,4,"[-70.55661465141507, -33.38324585277356]","POLYGON((-70.55661465141507 -33.38324585277356, -70.55679523524269 -33.38326306731888, -70.55675882850932 -33.38353186231754, -70.55657824412857 -33.383514647735865, -70.55661465141507 -33.38324585277356))"
151600222500011,13132041001033,307865,V1313210351,LO GALLO,CALLE,3,4,"[-70.55662258359997, -33.383142040536825]","POLYGON((-70.55662258359997 -33.383142040536825, -70.55661465141507 -33.38324585277356, -70.55629284892443 -33.38322854669276, -70.55630078149207 -33.38312473446528, -70.55662258359997 -33.383142040536825))"
151600222500012,13132041001033,308354,V1313210486,SAMOTRACIA,CALLE,2,4,"[-70.55764820212269, -33.383363110495466]","POLYGON((-70.55764820212269 -33.383363110495466, -70.55767229756296 -33.383183159579936, -70.55799274484988 -33.38321335806958, -70.55796865006687 -33.383393309027575, -70.55764820212269 -33.383363110495466))"
151600222500012,13132041001033,308616,V1313210522,VALLE HERMOSO,CALLE,3,4,"[-70.55751663681195, -33.383351865455836]","POLYGON((-70.55751663681195 -33.383351865455836, -70.55764820212269 -33.383363110495466, -70.55761551854754 -33.38363224197255, -70.5574839528326 -33.38362099691038, -70.55751663681195 -33.383351865455836))"
151600222500013,13132041001033,308616,V1313210522,VALLE HERMOSO,CALLE,1,4,"[-70.55741560674613, -33.3833228313426]","POLYGON((-70.55741560674613 -33.3833228313426, -70.55751576658272 -33.38333320809002, -70.55747624502193 -33.38360169321825, -70.55737608487941 -33.383591316448154, -70.55741560674613 -33.3833228313426))"
151600222500014,13132041001033,308616,V1313210522,VALLE HERMOSO,CALLE,2,4,"[-70.55731548390865, -33.38331452830389]","POLYGON((-70.55731548390865 -33.38331452830389, -70.55741560674613 -33.3833228313426, -70.55738388589138 -33.38359204390132, -70.5572837627461 -33.38358374084624, -70.55731548390865 -33.38331452830389))"
151600222500015,13132041001033,308616,V1313210522,VALLE HERMOSO,CALLE,1,4,"[-70.55721089902711, -33.38332125188406]","POLYGON((-70.55721089902711 -33.38332125188406, -70.55731104759003 -33.38333099764395, -70.55727389221528 -33.383599720487254, -70.55717374334579 -33.3835899747066, -70.55721089902711 -33.38332125188406))"
151600222500016,13132041001033,308616,V1313210522,VALLE HERMOSO,CALLE,2,4,"[-70.55711076495122, -33.3833123175259]","POLYGON((-70.55711076495122 -33.3833123175259, -70.55721088616585 -33.38332053056567, -70.55717950536592 -33.383589771190366, -70.55707938384342 -33.38358155813447, -70.55711076495122 -33.3833123175259))"
151600222500017,13132041001033,308616,V1313210522,VALLE HERMOSO,CALLE,2,4,"[-70.5570097334456, -33.38328319291191]","POLYGON((-70.5570097334456 -33.38328319291191, -70.55710988194895 -33.38329293883617, -70.55707272596403 -33.383561661638296, -70.55697257715413 -33.38355191569328, -70.5570097334456 -33.38328319291191))"
151600222500018,13132041001033,308616,V1313210522,VALLE HERMOSO,CALLE,4,4,"[-70.55690959942741, -33.383274258389434]","POLYGON((-70.55690959942741 -33.383274258389434, -70.5570097334456 -33.38328319291191, -70.55697562990157 -33.3835522004168, -70.55687549557611 -33.38354326587603, -70.55690959942741 -33.383274258389434))"
151600222500019,13132041001033,308616,V1313210522,VALLE HERMOSO,CALLE,2,4,"[-70.55679425090726, -33.38328021481456]","POLYGON((-70.55679425090726 -33.38328021481456, -70.5569050684164 -33.383291450384206, -70.55686637914386 -33.383560020872345, -70.55675556129596 -33.38354878527834, -70.55679425090726 -33.38328021481456))"
151600222500020,13132041001033,307853,V1313210350,LO BELTRAN,CALLE,4,4,"[-70.55705707898056, -33.38294206035757]","POLYGON((-70.55705707898056 -33.38294206035757, -70.55695531875662 -33.38293233460553, -70.55699181897043 -33.382663548546304, -70.55709357888273 -33.38267327427778, -70.55705707898056 -33.38294206035757))"
151600222700001,13132041001032,308355,V1313210486,SAMOTRACIA,CALLE,1,4,"[-70.55760616907078, -33.38361020380491]","POLYGON((-70.55760616907078 -33.38361020380491, -70.5576267388387 -33.38346763373292, -70.55794686617902 -33.38350014016562, -70.55792629693055 -33.38364271027502, -70.55760616907078 -33.38361020380491))"
151600222700001,13132041001032,308616,V1313210522,VALLE HERMOSO,CALLE,4,4,"[-70.5576267388387, -33.38346763373292]","POLYGON((-70.5576267388387 -33.38346763373292, -70.55749428783747 -33.38345495683037, -70.55753083940486 -33.38318617573245, -70.55766329000043 -33.38319885260819, -70.5576267388387 -33.38346763373292))"
151600222700002,13132041001032,308616,V1313210522,VALLE HERMOSO,CALLE,3,4,"[-70.55749524470046, -33.38343627653219]","POLYGON((-70.55749524470046 -33.38343627653219, -70.55739414318997 -33.383427354548274, -70.55742787733598 -33.38315831430113, -70.55752897853611 -33.383167236266864, -70.55749524470046 -33.38343627653219))"
151600222700003,13132041001032,308616,V1313210522,VALLE HERMOSO,CALLE,4,4,"[-70.55739414318997, -33.383427354548274]","POLYGON((-70.55739414318997 -33.383427354548274, -70.55729408912342 -33.38341688619193, -70.55733399596282 -33.38314844116131, -70.5574340497239 -33.38315890949469, -70.55739414318997 -33.383427354548274))"
151600222700004,13132041001032,308616,V1313210522,VALLE HERMOSO,CALLE,4,4,"[-70.55728966565829, -33.383434076849596]","POLYGON((-70.55728966565829 -33.383434076849596, -70.55718943683239 -33.38342586522624, -70.5572207791329 -33.383156621444236, -70.5573210076506 -33.3831648330515, -70.55728966565829 -33.383434076849596))"
151600222700005,13132041001032,308616,V1313210522,VALLE HERMOSO,CALLE,3,4,"[-70.5571894223636, -33.38342505374306]","POLYGON((-70.5571894223636 -33.38342505374306, -70.55708935545712 -33.3834138639024, -70.5571319608097 -33.38314571089671, -70.55723202741147 -33.38315690071224, -70.5571894223636 -33.38342505374306))"
151600222700006,13132041001032,308616,V1313210522,VALLE HERMOSO,CALLE,2,4,"[-70.55708937245257, -33.38339672854389]","POLYGON((-70.55708937245257 -33.38339672854389, -70.55698826940845 -33.383387716061804, -70.55702234138887 -33.38311870574195, -70.55712344412272 -33.383127718205586, -70.55708937245257 -33.38339672854389))"
151600222700007,13132041001032,308616,V1313210522,VALLE HERMOSO,CALLE,1,4,"[-70.55698826940845, -33.383387716061804]","POLYGON((-70.55698826940845 -33.383387716061804, -70.55688821703001 -33.38337733754014, -70.55692778721425 -33.383108857400444, -70.55702783928713 -33.383119235899414, -70.55698826940845 -33.383387716061804))"
151600222700008,13132041001032,308616,V1313210522,VALLE HERMOSO,CALLE,4,4,"[-70.55688465168534, -33.38339442723342]","POLYGON((-70.55688465168534 -33.38339442723342, -70.55677289408702 -33.38338473658636, -70.55680604714671 -33.38311564544928, -70.5569178044018 -33.38312533607677, -70.55688465168534 -33.38339442723342))"
151600222700009,13132041001032,308355,V1313210486,SAMOTRACIA,CALLE,1,4,"[-70.55758293322233, -33.3837901439106]","POLYGON((-70.55758293322233 -33.3837901439106, -70.55760616907078 -33.38361020380491, -70.55792675773122 -33.38363933927443, -70.55790352254068 -33.3838192794204, -70.55758293322233 -33.3837901439106))"
151600222700009,13132041001032,308393,V1313210502,SIERRA ESMERALDA,CALLE,2,4,"[-70.55744963478763, -33.38377819908569]","POLYGON((-70.55744963478763 -33.38377819908569, -70.55758293322233 -33.3837901439106, -70.55754868422056 -33.384059138353805, -70.55741538537684 -33.38404719350437, -70.55744963478763 -33.38377819908569))"
151600222700010,13132041001032,308393,V1313210502,SIERRA ESMERALDA,CALLE,2,4,"[-70.55734862588874, -33.3837684642445]","POLYGON((-70.55734862588874 -33.3837684642445, -70.55744962192419 -33.383777477767424, -70.5574155101922 -33.38404648449846, -70.55731451384679 -33.38403747095706, -70.55734862588874 -33.3837684642445))"
151600222700011,13132041001032,308393,V1313210502,SIERRA ESMERALDA,CALLE,3,4,"[-70.5572466497227, -33.38375874145924]","POLYGON((-70.5572466497227 -33.38375874145924, -70.55734861302612 -33.383767742926196, -70.55731486603463 -33.384036782042, -70.5572129024182 -33.3840277805567, -70.5572466497227 -33.38375874145924))"
151600222700012,13132041001032,308393,V1313210502,SIERRA ESMERALDA,CALLE,2,4,"[-70.5571447681913, -33.38374829592245]","POLYGON((-70.5571447681913 -33.38374829592245, -70.55724674433719 -33.38375801879215, -70.55721033052053 -33.384026813073675, -70.5571083540623 -33.38401709018345, -70.5571447681913 -33.38374829592245))"
151600222700013,13132041001032,308393,V1313210502,SIERRA ESMERALDA,CALLE,1,4,"[-70.55704376095841, -33.38373865099578]","POLYGON((-70.55704376095841 -33.38373865099578, -70.5571447681913 -33.38374829592245, -70.55710830048767 -33.38401708507156, -70.55700729294539 -33.38400744012451, -70.55704376095841 -33.38373865099578))"
151600222700014,13132041001032,308393,V1313210502,SIERRA ESMERALDA,CALLE,2,4,"[-70.55694275213708, -33.38372891582142]","POLYGON((-70.55694275213708 -33.38372891582142, -70.55704374649083 -33.38373783951258, -70.55700997045099 -33.38400687609065, -70.55690897578722 -33.383997952381286, -70.55694275213708 -33.38372891582142))"
151600222700015,13132041001032,308393,V1313210502,SIERRA ESMERALDA,CALLE,1,4,"[-70.55684077604887, -33.38371919269982]","POLYGON((-70.55684077604887 -33.38371919269982, -70.55694273927782 -33.38372819450298, -70.55690899104137 -33.38399723354587, -70.55680702749943 -33.38398823172437, -70.55684077604887 -33.38371919269982))"
151600222700016,13132041001032,308393,V1313210502,SIERRA ESMERALDA,CALLE,3,4,"[-70.5567290981907, -33.38370796787549]","POLYGON((-70.5567290981907 -33.38370796787549, -70.55684076319046 -33.38371847138134, -70.5568048328803 -33.38398731148922, -70.55669316753834 -33.38397680796132, -70.5567290981907 -33.38370796787549))"
151600222700017,13132041001032,308393,V1313210502,SIERRA ESMERALDA,CALLE,2,4,"[-70.55656810625842, -33.38369231119217]","POLYGON((-70.55656810625842 -33.38369231119217, -70.55672908533323 -33.383707246556966, -70.55669363974226 -33.38397613195732, -70.55653266017397 -33.383961196561366, -70.55656810625842 -33.38369231119217))"
151600222700017,13132041001032,307864,V1313210351,LO GALLO,CALLE,3,4,"[-70.55658411597798, -33.38351092874011]","POLYGON((-70.55658411597798 -33.38351092874011, -70.55656810625842 -33.38369231119217, -70.55624652208468 -33.38367233362567, -70.55626253247206 -33.38349095119527, -70.55658411597798 -33.38351092874011))"
151600222700018,13132041001032,307864,V1313210351,LO GALLO,CALLE,3,4,"[-70.55659670526877, -33.383366835586735]","POLYGON((-70.55659670526877 -33.383366835586735, -70.55658508326185 -33.383510916606504, -70.55626335512315 -33.383492651366495, -70.55627497766105 -33.383348570361136, -70.55659670526877 -33.383366835586735))"
151600222700018,13132041001032,308616,V1313210522,VALLE HERMOSO,CALLE,4,4,"[-70.55677289408702, -33.38338473658636]","POLYGON((-70.55677289408702 -33.38338473658636, -70.55659670526877 -33.383366835586735, -70.55663547503421 -33.38309827324444, -70.55681166331394 -33.38311617420522, -70.55677289408702 -33.38338473658636))"
151600224500013,13132041001030,307209,V1313210220,EL AROMO,CALLE,1,4,"[-70.56121994520399, -33.38404015471698]","POLYGON((-70.56121994520399 -33.38404015471698, -70.5611171633131 -33.38393728426476, -70.56136429457747 -33.38376350358355, -70.56146707653805 -33.38386637383127, -70.56121994520399 -33.38404015471698))"
151600224500013,13132041001030,307208,V1313210220,EL AROMO,CALLE,1,4,"[-70.56121994520399, -33.38404015471698]","POLYGON((-70.56121994520399 -33.38404015471698, -70.5611171633131 -33.38393728426476, -70.56136429457747 -33.38376350358355, -70.56146707653805 -33.38386637383127, -70.56121994520399 -33.38404015471698))"
151600224500013,13132041001030,308890,V1313210584,EL AROMO,PASAJE,1,4,"[-70.56121994520399, -33.38404015471698]","POLYGON((-70.56121994520399 -33.38404015471698, -70.5611171633131 -33.38393728426476, -70.56136429457747 -33.38376350358355, -70.56146707653805 -33.38386637383127, -70.56121994520399 -33.38404015471698))"
151600224500014,13132041001030,307208,V1313210220,EL AROMO,CALLE,1,5,"[-70.56131649640047, -33.38413724145685]","POLYGON((-70.56131649640047 -33.38413724145685, -70.56121994520399 -33.38404015471698, -70.56146755227772 -33.38386685109247, -70.56156410354195 -33.38396393763982, -70.56131649640047 -33.38413724145685))"
151600224500015,13132041001030,308011,V1313210387,MAR JONICO,CALLE,2,4,"[-70.56120658902226, -33.38437544982295]","POLYGON((-70.56120658902226 -33.38437544982295, -70.56141134108337 -33.38423507106888, -70.56161539917527 -33.38444454124136, -70.56141064697884 -33.3845849203324, -70.56120658902226 -33.38437544982295))"
151600224500019,13132041001030,308015,V1313210387,MAR JONICO,CALLE,2,4,"[-70.56059055864462, -33.38443884292288]","POLYGON((-70.56059055864462 -33.38443884292288, -70.56073174609323 -33.38445302992882, -70.56069339617095 -33.384721634325714, -70.56055220829062 -33.38470744728919, -70.56059055864462 -33.38443884292288))"
151600224500020,13132041001030,308015,V1313210387,MAR JONICO,CALLE,3,4,"[-70.56045011068517, -33.38442392497685]","POLYGON((-70.56045011068517 -33.38442392497685, -70.56059055864462 -33.38443884292288, -70.56055005414443 -33.384707224660545, -70.56040960575638 -33.38469230668161, -70.56045011068517 -33.38442392497685))"
151600224500021,13132041001030,308021,V1313210387,MAR JONICO,CALLE,3,4,"[-70.56026595143439, -33.384405317807406]","POLYGON((-70.56026595143439 -33.384405317807406, -70.56045011068517 -33.38442392497685, -70.56041155205554 -33.38469250836985, -70.56022739224171 -33.38467390116016, -70.56026595143439 -33.384405317807406))"
151600224500021,13132041001030,308198,V1313210439,PARTENON,CALLE,3,4,"[-70.56026595143439, -33.384405317807406]","POLYGON((-70.56026595143439 -33.384405317807406, -70.56045011068517 -33.38442392497685, -70.56041155205554 -33.38469250836985, -70.56022739224171 -33.38467390116016, -70.56026595143439 -33.384405317807406))"
151600224500021,13132041001030,308015,V1313210387,MAR JONICO,CALLE,3,4,"[-70.56026595143439, -33.384405317807406]","POLYGON((-70.56026595143439 -33.384405317807406, -70.56045011068517 -33.38442392497685, -70.56041155205554 -33.38469250836985, -70.56022739224171 -33.38467390116016, -70.56026595143439 -33.384405317807406))"
151600224500022,13132041001030,308021,V1313210387,MAR JONICO,CALLE,2,4,"[-70.56012561104629, -33.38439039813932]","POLYGON((-70.56012561104629 -33.38439039813932, -70.56026593854737 -33.384404596490185, -70.56022732658877 -33.38467317450781, -70.56008699865869 -33.38465897612623, -70.56012561104629 -33.38439039813932))"
151600224500023,13132041001030,308021,V1313210387,MAR JONICO,CALLE,4,4,"[-70.55998428891257, -33.38437467898945]","POLYGON((-70.55998428891257 -33.38437467898945, -70.56012559816044 -33.384389676822046, -70.56008512450306 -33.38465806187629, -70.55994381482395 -33.38464306401063, -70.55998428891257 -33.38437467898945))"
151600224500024,13132041001030,308021,V1313210387,MAR JONICO,CALLE,2,4,"[-70.55984665002445, -33.38436053670604]","POLYGON((-70.55984665002445 -33.38436053670604, -70.55998428891257 -33.38437467898945, -70.55994508696539 -33.38464319687498, -70.5598074476567 -33.38462905456078, -70.55984665002445 -33.38436053670604))"
151600224700017,13132041001028,307209,V1313210220,EL AROMO,CALLE,1,5,"[-70.56085865128748, -33.38371020399195]","POLYGON((-70.56085865128748 -33.38371020399195, -70.56086232508561 -33.383675166037165, -70.56118354895432 -33.383698870286054, -70.56117987528488 -33.383733908246505, -70.56085865128748 -33.38371020399195))"
151600224700017,13132041001028,307248,V1313210229,EL LLEUQUE,CALLE,1,5,"[-70.56085865128748, -33.38371020399195]","POLYGON((-70.56085865128748 -33.38371020399195, -70.56086232508561 -33.383675166037165, -70.56118354895432 -33.383698870286054, -70.56117987528488 -33.383733908246505, -70.56085865128748 -33.38371020399195))"
151600224700017,13132041001028,307248,V1313210229,EL LLEUQUE,CALLE,2,5,"[-70.56074883110294, -33.38378490564711]","POLYGON((-70.56074883110294 -33.38378490564711, -70.56085865128748 -33.38371020399195, -70.56106174167194 -33.38392033426628, -70.56095192141173 -33.38399503610141, -70.56074883110294 -33.38378490564711))"
151600224700017,13132041001028,307196,V1313210220,EL AROMO,CALLE,5,5,"[-70.56086232508561, -33.383675166037165]","POLYGON((-70.56086232508561 -33.383675166037165, -70.56080866167363 -33.383625878593, -70.56104675243277 -33.383443431965475, -70.5611004158585 -33.3834927193074, -70.56086232508561 -33.383675166037165))"
151600224700018,13132041001028,308392,V1313210501,SENEGAL SUR,CALLE,4,4,"[-70.56080864878253, -33.38362515727589]","POLYGON((-70.56080864878253 -33.38362515727589, -70.56075051076319 -33.38356609593179, -70.56099915088338 -33.38339383768696, -70.56105728894659 -33.383452898914555, -70.56080864878253 -33.38362515727589))"
151600224700018,13132041001028,307196,V1313210220,EL AROMO,CALLE,4,4,"[-70.56080864878253, -33.38362515727589]","POLYGON((-70.56080864878253 -33.38362515727589, -70.56075051076319 -33.38356609593179, -70.56099915088338 -33.38339383768696, -70.56105728894659 -33.383452898914555, -70.56080864878253 -33.38362515727589))"
151600224700018,13132041001028,307203,V1313210220,EL AROMO,CALLE,4,4,"[-70.56080864878253, -33.38362515727589]","POLYGON((-70.56080864878253 -33.38362515727589, -70.56075051076319 -33.38356609593179, -70.56099915088338 -33.38339383768696, -70.56105728894659 -33.383452898914555, -70.56080864878253 -33.38362515727589))"
151600224700019,13132041001028,307203,V1313210220,EL AROMO,CALLE,4,4,"[-70.56075051076319, -33.38356609593179]","POLYGON((-70.56075051076319 -33.38356609593179, -70.56069152912947 -33.38350794701802, -70.560937111962 -33.383332629353845, -70.56099609363118 -33.38339077815114, -70.56075051076319 -33.38356609593179))"
151600224700020,13132041001028,307203,V1313210220,EL AROMO,CALLE,4,4,"[-70.56069151623936, -33.383507225700825]","POLYGON((-70.56069151623936 -33.383507225700825, -70.56063253307398 -33.38344898659152, -70.56087827276917 -33.38327382384686, -70.56093725597049 -33.3833320628396, -70.56069151623936 -33.383507225700825))"
151600224700021,13132041001028,307203,V1313210220,EL AROMO,CALLE,4,4,"[-70.5606325201844, -33.38344826527432]","POLYGON((-70.5606325201844 -33.38344826527432, -70.56057440979278 -33.3833907366383, -70.56082042028989 -33.38321584178375, -70.56087853071767 -33.38327337030476, -70.5606325201844 -33.38344826527432))"
151600224700022,13132041001028,307203,V1313210220,EL AROMO,CALLE,3,4,"[-70.56057450437935, -33.38339001396943]","POLYGON((-70.56057450437935 -33.38339001396943, -70.56051636828808 -33.38333104266897, -70.56076485692331 -33.38315863128833, -70.56082299305801 -33.38321760247238, -70.56057450437935 -33.38339001396943))"
151600224700023,13132041001028,307203,V1313210220,EL AROMO,CALLE,1,4,"[-70.56051636828808, -33.38333104266897]","POLYGON((-70.56051636828808 -33.38333104266897, -70.56045726338543 -33.3832719933375, -70.56070420807441 -33.38309802786039, -70.5607633130166 -33.383157077074365, -70.56051636828808 -33.38333104266897))"
151600224700024,13132041001028,307203,V1313210220,EL AROMO,CALLE,1,5,"[-70.56045726338543, -33.3832719933375]","POLYGON((-70.56045726338543 -33.3832719933375, -70.56042511256757 -33.38323542181855, -70.5606846279801 -33.38307485062453, -70.56071677884198 -33.38311142207571, -70.56045726338543 -33.3832719933375))"
151600224700024,13132041001028,308388,V1313210499,SENEGAL NORTE,CALLE,4,5,"[-70.56038130723306, -33.38323245544739]","POLYGON((-70.56038130723306 -33.38323245544739, -70.56027583938557 -33.38331007805934, -70.56006318303957 -33.38310671799121, -70.56016865084541 -33.383029095559266, -70.56038130723306 -33.38323245544739))"
151600224700024,13132041001028,307202,V1313210220,EL AROMO,CALLE,5,5,"[-70.56042511256757, -33.38323542181855]","POLYGON((-70.56042511256757 -33.38323542181855, -70.56038130723306 -33.38323245544739, -70.56040725144882 -33.38296280807644, -70.56045105664818 -33.382965774442454, -70.56042511256757 -33.38323542181855))"
151600224700024,13132041001028,308388,V1313210499,SENEGAL NORTE,CALLE,5,5,"[-70.56042511256757, -33.38323542181855]","POLYGON((-70.56042511256757 -33.38323542181855, -70.56038130723306 -33.38323245544739, -70.56040725144882 -33.38296280807644, -70.56045105664818 -33.382965774442454, -70.56042511256757 -33.38323542181855))"
151600224700025,13132041001028,307248,V1313210229,EL LLEUQUE,CALLE,2,5,"[-70.56064591659732, -33.383861053499444]","POLYGON((-70.56064591659732 -33.383861053499444, -70.56074786381797 -33.38378491781328, -70.5609622748918 -33.38398697808279, -70.56086032763676 -33.3840631139442, -70.56064591659732 -33.383861053499444))"
151600224700025,13132041001028,308391,V1313210500,SENEGAL ORIENTE,CALLE,3,5,"[-70.56060212383326, -33.383858808533105]","POLYGON((-70.56060212383326 -33.383858808533105, -70.56064591659732 -33.383861053499444, -70.56062624878382 -33.38413107417371, -70.56058245588426 -33.38412882920444, -70.56060212383326 -33.383858808533105))"
151600224700025,13132041001028,307246,V1313210229,EL LLEUQUE,CALLE,3,5,"[-70.56060212383326, -33.383858808533105]","POLYGON((-70.56060212383326 -33.383858808533105, -70.56064591659732 -33.383861053499444, -70.56062624878382 -33.38413107417371, -70.56058245588426 -33.38412882920444, -70.56060212383326 -33.383858808533105))"
151600224700025,13132041001028,308391,V1313210500,SENEGAL ORIENTE,CALLE,4,5,"[-70.56055300297507, -33.38380504478915]","POLYGON((-70.56055300297507 -33.38380504478915, -70.56060212383326 -33.383858808533105, -70.5603461901067 -33.38402337855507, -70.56029706930514 -33.383969614709265, -70.56055300297507 -33.38380504478915))"
151600224700025,13132041001028,307246,V1313210229,EL LLEUQUE,CALLE,4,5,"[-70.56055300297507, -33.38380504478915]","POLYGON((-70.56055300297507 -33.38380504478915, -70.56060212383326 -33.383858808533105, -70.5603461901067 -33.38402337855507, -70.56029706930514 -33.383969614709265, -70.56055300297507 -33.38380504478915))"
151600224700026,13132041001028,308391,V1313210500,SENEGAL ORIENTE,CALLE,1,4,"[-70.56049400680138, -33.38374608430262]","POLYGON((-70.56049400680138 -33.38374608430262, -70.56055299008598 -33.38380432347196, -70.56030724826245 -33.38397948562024, -70.5602482650138 -33.38392124633433, -70.56049400680138 -33.38374608430262))"
151600224700026,13132041001028,307246,V1313210229,EL LLEUQUE,CALLE,1,4,"[-70.56049400680138, -33.38374608430262]","POLYGON((-70.56049400680138 -33.38374608430262, -70.56055299008598 -33.38380432347196, -70.56030724826245 -33.38397948562024, -70.5602482650138 -33.38392124633433, -70.56049400680138 -33.38374608430262))"
151600224700027,13132041001028,308391,V1313210500,SENEGAL ORIENTE,CALLE,2,4,"[-70.56043587051589, -33.38368711297302]","POLYGON((-70.56043587051589 -33.38368711297302, -70.5604939939128 -33.3837453629854, -70.56024672862796 -33.3839190095134, -70.56018860527084 -33.3838607593853, -70.56043587051589 -33.38368711297302))"
151600224700028,13132041001028,308391,V1313210500,SENEGAL ORIENTE,CALLE,3,4,"[-70.56037676541509, -33.38362806361187]","POLYGON((-70.56037676541509 -33.38362806361187, -70.56043585762782 -33.38368639165575, -70.56019014926025 -33.383861586524525, -70.56013105708342 -33.383803258363876, -70.56037676541509 -33.38362806361187))"
151600224700029,13132041001028,308391,V1313210500,SENEGAL ORIENTE,CALLE,2,4,"[-70.56031875126217, -33.3835699023522]","POLYGON((-70.56031875126217 -33.3835699023522, -70.56037686000347 -33.383627340943136, -70.56013100597882 -33.38380239178195, -70.56007289727324 -33.38374495307609, -70.56031875126217 -33.3835699023522))"
151600224700030,13132041001028,308391,V1313210500,SENEGAL ORIENTE,CALLE,3,4,"[-70.56025975540751, -33.38351094174288]","POLYGON((-70.56025975540751 -33.38351094174288, -70.56031873676426 -33.38356909087023, -70.560073151994 -33.38374440735926, -70.56001417067274 -33.38368625811541, -70.56025975540751 -33.38351094174288))"
151600224700031,13132041001028,308391,V1313210500,SENEGAL ORIENTE,CALLE,2,4,"[-70.5602006521573, -33.38345198245395]","POLYGON((-70.5602006521573 -33.38345198245395, -70.56025974252101 -33.38351022042555, -70.56001419096572 -33.383685569502276, -70.55995510063745 -33.383627331414, -70.5602006521573 -33.38345198245395))"
151600224700032,13132041001028,308388,V1313210499,SENEGAL NORTE,CALLE,1,4,"[-70.56027497958115, -33.383310088870275]","POLYGON((-70.56027497958115 -33.383310088870275, -70.5601488175056 -33.38339671951598, -70.55994457540196 -33.383187377076155, -70.56007073739481 -33.38310074663826, -70.56027497958115 -33.383310088870275))"
151600224700032,13132041001028,308391,V1313210500,SENEGAL ORIENTE,CALLE,4,4,"[-70.5601488175056, -33.38339671951598]","POLYGON((-70.5601488175056 -33.38339671951598, -70.56020063927129 -33.38345126113661, -70.55994848035061 -33.38361988126194, -70.55989665863366 -33.383565339535735, -70.5601488175056 -33.38339671951598))"
151600224900005,13132041001027,307850,V1313210350,LO BELTRAN,CALLE,5,5,"[-70.55888735982346, -33.38312262845686]","POLYGON((-70.55888735982346 -33.38312262845686, -70.55871646809489 -33.38310637743637, -70.5587527876492 -33.38283757431355, -70.55892367885428 -33.382853825299776, -70.55888735982346 -33.38312262845686))"
151600224900005,13132041001027,308317,V1313210474,REPUBLICA DE CHIPRE,CALLE,5,5,"[-70.55888735982346, -33.38312262845686]","POLYGON((-70.55888735982346 -33.38312262845686, -70.55871646809489 -33.38310637743637, -70.5587527876492 -33.38283757431355, -70.55892367885428 -33.382853825299776, -70.55888735982346 -33.38312262845686))"
151600224900006,13132041001027,308057,V1313210406,MILETO,CALLE,2,5,"[-70.55854763874822, -33.383109309671525]","POLYGON((-70.55854763874822 -33.383109309671525, -70.55850912673743 -33.38336682048323, -70.55818917209724 -33.38333314230177, -70.55822768504501 -33.38307563156108, -70.55854763874822 -33.383109309671525))"
151600224900006,13132041001027,307850,V1313210350,LO BELTRAN,CALLE,3,5,"[-70.55858323785202, -33.383092178333875]","POLYGON((-70.55858323785202 -33.383092178333875, -70.55854763874822 -33.383109309671525, -70.55838719122293 -33.38287465030426, -70.55842279026633 -33.382857519013875, -70.55858323785202 -33.383092178333875))"
151600224900006,13132041001027,307837,V1313210350,LO BELTRAN,CALLE,3,5,"[-70.55858323785202, -33.383092178333875]","POLYGON((-70.55858323785202 -33.383092178333875, -70.55854763874822 -33.383109309671525, -70.55838719122293 -33.38287465030426, -70.55842279026633 -33.382857519013875, -70.55858323785202 -33.383092178333875))"
151600224900006,13132041001027,308057,V1313210406,MILETO,CALLE,3,5,"[-70.55858323785202, -33.383092178333875]","POLYGON((-70.55858323785202 -33.383092178333875, -70.55854763874822 -33.383109309671525, -70.55838719122293 -33.38287465030426, -70.55842279026633 -33.382857519013875, -70.55858323785202 -33.383092178333875))"
151600224900006,13132041001027,307850,V1313210350,LO BELTRAN,CALLE,4,5,"[-70.5587165610875, -33.38310556460371]","POLYGON((-70.5587165610875 -33.38310556460371, -70.55858323785202 -33.383092178333875, -70.55862155716687 -33.38282357067516, -70.55875487999467 -33.38283695691611, -70.5587165610875 -33.38310556460371))"
151600224900007,13132041001027,308057,V1313210406,MILETO,CALLE,3,4,"[-70.55850826693177, -33.38336683128195]","POLYGON((-70.55850826693177 -33.38336683128195, -70.55848943272136 -33.383510191345295, -70.55816890994204 -33.38348055419814, -70.55818774467636 -33.38333719416769, -70.55850826693177 -33.38336683128195))"
151600224900008,13132041001027,307249,V1313210229,EL LLEUQUE,CALLE,1,5,"[-70.55849749837284, -33.38366096946451]","POLYGON((-70.55849749837284 -33.38366096946451, -70.55880951312851 -33.38369384579268, -70.55876932827962 -33.38396226150292, -70.5584573125715 -33.383929385102476, -70.55849749837284 -33.38366096946451))"
151600224900008,13132041001027,307247,V1313210229,EL LLEUQUE,CALLE,2,5,"[-70.55847252207171, -33.38362881656943]","POLYGON((-70.55847252207171 -33.38362881656943, -70.55849749837284 -33.38366096946451, -70.55822733709387 -33.38380866918053, -70.55820236084548 -33.38377651623014, -70.55847252207171 -33.38362881656943))"
151600224900008,13132041001027,307249,V1313210229,EL LLEUQUE,CALLE,2,5,"[-70.55847252207171, -33.38362881656943]","POLYGON((-70.55847252207171 -33.38362881656943, -70.55849749837284 -33.38366096946451, -70.55822733709387 -33.38380866918053, -70.55820236084548 -33.38377651623014, -70.55847252207171 -33.38362881656943))"
151600224900008,13132041001027,308057,V1313210406,MILETO,CALLE,2,5,"[-70.55847252207171, -33.38362881656943]","POLYGON((-70.55847252207171 -33.38362881656943, -70.55849749837284 -33.38366096946451, -70.55822733709387 -33.38380866918053, -70.55820236084548 -33.38377651623014, -70.55847252207171 -33.38362881656943))"
151600224900008,13132041001027,308057,V1313210406,MILETO,CALLE,3,5,"[-70.55848857291424, -33.38351020214393]","POLYGON((-70.55848857291424 -33.38351020214393, -70.55847252207171 -33.38362881656943, -70.5581521159609 -33.383598301251105, -70.55816816723652 -33.38347968685403, -70.55848857291424 -33.38351020214393))"
151600225300002,13132041001026,309130,V1313210665,ROMILIO BURGOS,PASAJE,1,4,"[-70.5598734938908, -33.38303466125594]","POLYGON((-70.5598734938908 -33.38303466125594, -70.55994770272152 -33.382982413170446, -70.560154998129 -33.383189632254535, -70.56008078925646 -33.38324188046387, -70.5598734938908 -33.38303466125594))"
151600225300003,13132041001026,309130,V1313210665,ROMILIO BURGOS,PASAJE,2,4,"[-70.55979842516835, -33.383086920106784]","POLYGON((-70.55979842516835 -33.383086920106784, -70.55987252661373 -33.38303467341503, -70.5600799950828 -33.383241770659595, -70.56000589359604 -33.38329401747509, -70.55979842516835 -33.383086920106784))"
151600225300004,13132041001026,309130,V1313210665,ROMILIO BURGOS,PASAJE,2,4,"[-70.55972147452613, -33.3831361362798]","POLYGON((-70.55972147452613 -33.3831361362798, -70.55979842516835 -33.383086920106784, -70.55999392777458 -33.3833020549562, -70.55991697706297 -33.38335127125113, -70.55972147452613 -33.3831361362798))"
151600225300005,13132041001026,309130,V1313210665,ROMILIO BURGOS,PASAJE,2,4,"[-70.5596419041321, -33.38318313070938]","POLYGON((-70.5596419041321 -33.38318313070938, -70.55972147452613 -33.3831361362798, -70.55990710075831 -33.38335734272573, -70.55982753027244 -33.383404337275714, -70.5596419041321 -33.38318313070938))"
151600225300006,13132041001026,309130,V1313210665,ROMILIO BURGOS,PASAJE,2,4,"[-70.55956318218472, -33.38322948313121]","POLYGON((-70.55956318218472 -33.38322948313121, -70.5596419041321 -33.38318313070938, -70.55982715379835 -33.38340455928524, -70.55974843175937 -33.38345091182596, -70.55956318218472 -33.38322948313121))"
151600225300007,13132041001026,309130,V1313210665,ROMILIO BURGOS,PASAJE,2,4,"[-70.55948361161832, -33.38327647746353]","POLYGON((-70.55948361161832 -33.38327647746353, -70.55956318218472 -33.38322948313121, -70.55974880823386 -33.38345068981668, -70.5596692375756 -33.38349768426939, -70.55948361161832 -33.38327647746353))"
151600225300008,13132041001026,309130,V1313210665,ROMILIO BURGOS,PASAJE,2,4,"[-70.5594058567811, -33.38332281763358]","POLYGON((-70.5594058567811 -33.38332281763358, -70.55948361161832 -33.38327647746353, -70.55967036302833 -33.38349701655464, -70.5595926081035 -33.38354335684298, -70.5594058567811 -33.38332281763358))"
151600225300009,13132041001026,309130,V1313210665,ROMILIO BURGOS,PASAJE,2,4,"[-70.55932359915109, -33.383369845632906]","POLYGON((-70.55932359915109 -33.383369845632906, -70.55940499697623 -33.383322828438494, -70.55958786628211 -33.38354564543586, -70.55950646835765 -33.383592662751816, -70.55932359915109 -33.383369845632906))"
151600225300009,13132041001026,309130,V1313210665,ROMILIO BURGOS,PASAJE,3,4,"[-70.55923066861432, -33.38325260054319]","POLYGON((-70.55923066861432 -33.38325260054319, -70.55932359915109 -33.383369845632906, -70.55905508090817 -33.38351963796484, -70.55896215055594 -33.38340239267085, -70.55923066861432 -33.38325260054319))"
151600225300011,13132041001026,307838,V1313210350,LO BELTRAN,CALLE,3,4,"[-70.55976351848963, -33.38276359495333]","POLYGON((-70.55976351848963 -33.38276359495333, -70.55968480986047 -33.38281066876008, -70.55949762502962 -33.38259038928818, -70.55957633357093 -33.38254331560142, -70.55976351848963 -33.38276359495333))"
151600225300012,13132041001026,307838,V1313210350,LO BELTRAN,CALLE,3,4,"[-70.55968395006076, -33.38281067956679]","POLYGON((-70.55968395006076 -33.38281067956679, -70.55960609953536 -33.3828576523543, -70.55941782071453 -33.38263802999486, -70.55949567115515 -33.38259105732663, -70.55968395006076 -33.38281067956679))"
151600225300013,13132041001026,307838,V1313210350,LO BELTRAN,CALLE,3,4,"[-70.55960523973512, -33.38285766316048]","POLYGON((-70.55960523973512 -33.38285766316048, -70.55952651805362 -33.38290401555341, -70.55934127024571 -33.38268258645837, -70.55941999183564 -33.382636234184346, -70.55960523973512 -33.38285766316048))"
151600225300014,13132041001026,307838,V1313210350,LO BELTRAN,CALLE,4,4,"[-70.55952651805362, -33.38290401555341]","POLYGON((-70.55952651805362 -33.38290401555341, -70.55944791503222 -33.38295099770082, -70.55926080494172 -33.38273067334089, -70.55933940787523 -33.382683691313275, -70.55952651805362 -33.38290401555341))"
151600225300015,13132041001026,307838,V1313210350,LO BELTRAN,CALLE,3,4,"[-70.55944694775587, -33.382951009856555]","POLYGON((-70.55944694775587 -33.382951009856555, -70.55936833337928 -33.38299736080269, -70.55918291981185 -33.382776029243004, -70.55926153409729 -33.38272967841571, -70.55944694775587 -33.382951009856555))"
151600225300016,13132041001026,307838,V1313210350,LO BELTRAN,CALLE,4,4,"[-70.55936833337928, -33.38299736080269]","POLYGON((-70.55936833337928 -33.38299736080269, -70.55928962271143 -33.3830443442046, -70.55910267881674 -33.382823920440195, -70.55918138939629 -33.38277693715814, -70.55936833337928 -33.38299736080269))"
151600225300017,13132041001026,307838,V1313210350,LO BELTRAN,CALLE,3,4,"[-70.55928876290925, -33.383044355008636]","POLYGON((-70.55928876290925 -33.383044355008636, -70.55920387170585 -33.383094392123084, -70.55901849410452 -33.38287303922477, -70.55910338520943 -33.38282300223861, -70.55928876290925 -33.383044355008636))"
151600225300018,13132041001026,309130,V1313210665,ROMILIO BURGOS,PASAJE,3,6,"[-70.55914836415268, -33.38316453197222]","POLYGON((-70.55914836415268 -33.38316453197222, -70.55923065573641 -33.38325187922547, -70.55897767085042 -33.38341962588227, -70.55889537934782 -33.38333227846071, -70.55914836415268 -33.38316453197222))"
151600225300018,13132041001026,309130,V1313210665,ROMILIO BURGOS,PASAJE,4,6,"[-70.55915016845431, -33.38313312494159]","POLYGON((-70.55915016845431 -33.38313312494159, -70.55914836415268 -33.38316453197222, -70.55882627560499 -33.3831515085062, -70.55882808002261 -33.38312010147684, -70.55915016845431 -33.38313312494159))"
151600225300018,13132041001026,307838,V1313210350,LO BELTRAN,CALLE,5,6,"[-70.55917696659405, -33.383104740712874]","POLYGON((-70.55917696659405 -33.383104740712874, -70.55915016845431 -33.38313312494159, -70.5588973914751 -33.38296515870027, -70.55892418964997 -33.382936774524524, -70.55917696659405 -33.383104740712874))"
151600225300018,13132041001026,307850,V1313210350,LO BELTRAN,CALLE,5,6,"[-70.55917696659405, -33.383104740712874]","POLYGON((-70.55917696659405 -33.383104740712874, -70.55915016845431 -33.38313312494159, -70.5588973914751 -33.38296515870027, -70.55892418964997 -33.382936774524524, -70.55917696659405 -33.383104740712874))"
151600225300018,13132041001026,308317,V1313210474,REPUBLICA DE CHIPRE,CALLE,5,6,"[-70.55917696659405, -33.383104740712874]","POLYGON((-70.55917696659405 -33.383104740712874, -70.55915016845431 -33.38313312494159, -70.5588973914751 -33.38296515870027, -70.55892418964997 -33.382936774524524, -70.55917696659405 -33.383104740712874))"
151600225300018,13132041001026,309130,V1313210665,ROMILIO BURGOS,PASAJE,5,6,"[-70.55917696659405, -33.383104740712874]","POLYGON((-70.55917696659405 -33.383104740712874, -70.55915016845431 -33.38313312494159, -70.5588973914751 -33.38296515870027, -70.55892418964997 -33.382936774524524, -70.55917696659405 -33.383104740712874))"
151600225300018,13132041001026,307838,V1313210350,LO BELTRAN,CALLE,6,6,"[-70.55920387170585, -33.383094392123084]","POLYGON((-70.55920387170585 -33.383094392123084, -70.55917696659405 -33.383104740712874, -70.55904257655278 -33.38285882979724, -70.55906948160714 -33.38284848123795, -70.55920387170585 -33.383094392123084))"
151600230100006,13132041004021,306560,V1313210062,VITACURA,AVENIDA,3,4,"[-70.54885576901535, -33.38281057636052]","POLYGON((-70.54885576901535 -33.38281057636052, -70.54900075848781 -33.382863599133735, -70.54887190393258 -33.383111587559675, -70.54872691411423 -33.38305856464752, -70.54885576901535 -33.38281057636052))"
151600230100007,13132041004021,306560,V1313210062,VITACURA,AVENIDA,3,4,"[-70.5487306815086, -33.38276442965364]","POLYGON((-70.5487306815086 -33.38276442965364, -70.54885576901535 -33.38281057636052, -70.54872596478285 -33.38305821595135, -70.54860087697921 -33.38301206912362, -70.5487306815086 -33.38276442965364))"
151600230100008,13132041004021,309110,V1313210654,PASAJE VITACURA,PASAJE,2,4,"[-70.54861717233824, -33.38272255739664]","POLYGON((-70.54861717233824 -33.38272255739664, -70.5487306815086 -33.38276442965364, -70.54860088523151 -33.383012072167915, -70.54848737579172 -33.382970199801264, -70.54861717233824 -33.38272255739664))"
151600230100008,13132041004021,306560,V1313210062,VITACURA,AVENIDA,2,4,"[-70.54861717233824, -33.38272255739664]","POLYGON((-70.54861717233824 -33.38272255739664, -70.5487306815086 -33.38276442965364, -70.54860088523151 -33.383012072167915, -70.54848737579172 -33.382970199801264, -70.54861717233824 -33.38272255739664))"
151600230100008,13132041004021,306597,V1313210062,VITACURA,AVENIDA,2,4,"[-70.54861717233824, -33.38272255739664]","POLYGON((-70.54861717233824 -33.38272255739664, -70.5487306815086 -33.38276442965364, -70.54860088523151 -33.383012072167915, -70.54848737579172 -33.382970199801264, -70.54861717233824 -33.38272255739664))"
151600230100009,13132041004021,306597,V1313210062,VITACURA,AVENIDA,2,4,"[-70.54846244339461, -33.382665867923656]","POLYGON((-70.54846244339461 -33.382665867923656, -70.54861717233824 -33.38272255739664, -70.54848811739427 -33.38297047243905, -70.54833338808191 -33.382913782817525, -70.54846244339461 -33.382665867923656))"
151600230100009,13132041004021,307808,V1313210346,LIBRA,CALLE,3,4,"[-70.54859029561067, -33.38242537206029]","POLYGON((-70.54859029561067 -33.38242537206029, -70.54846244339461 -33.382665867923656, -70.54816794442357 -33.38255567655393, -70.5482957973143 -33.382315180971204, -70.54859029561067 -33.38242537206029))"
151600230100010,13132041004021,307808,V1313210346,LIBRA,CALLE,1,4,"[-70.54869311707294, -33.382234339355385]","POLYGON((-70.54869311707294 -33.382234339355385, -70.54859029561067 -33.38242537206029, -70.5482964079839 -33.382314039382216, -70.54839922997805 -33.382123006902816, -70.54869311707294 -33.382234339355385))"
151600230100010,13132041004021,307807,V1313210346,LIBRA,CALLE,2,4,"[-70.54883081227334, -33.38227618024131]","POLYGON((-70.54883081227334 -33.38227618024131, -70.54869311707294 -33.382234339355385, -70.54880293112134 -33.38197998429225, -70.54894062596325 -33.38202182506801, -70.54883081227334 -33.38227618024131))"
151600230100010,13132041004021,306991,V1313210169,CAPRICORNIO,CALLE,2,4,"[-70.54883081227334, -33.38227618024131]","POLYGON((-70.54883081227334 -33.38227618024131, -70.54869311707294 -33.382234339355385, -70.54880293112134 -33.38197998429225, -70.54894062596325 -33.38202182506801, -70.54883081227334 -33.38227618024131))"
151600230100010,13132041004021,307808,V1313210346,LIBRA,CALLE,2,4,"[-70.54883081227334, -33.38227618024131]","POLYGON((-70.54883081227334 -33.38227618024131, -70.54869311707294 -33.382234339355385, -70.54880293112134 -33.38197998429225, -70.54894062596325 -33.38202182506801, -70.54883081227334 -33.38227618024131))"
151600230100011,13132041004021,306991,V1313210169,CAPRICORNIO,CALLE,1,4,"[-70.54895153649659, -33.38231273151613]","POLYGON((-70.54895153649659 -33.38231273151613, -70.54883081227334 -33.38227618024131, -70.5489402749756 -33.38202171860777, -70.54906099888413 -33.38205826978636, -70.54895153649659 -33.38231273151613))"
151600230100012,13132041004021,306991,V1313210169,CAPRICORNIO,CALLE,4,4,"[-70.54907583467613, -33.38235077120414]","POLYGON((-70.54907583467613 -33.38235077120414, -70.54895154928916 -33.38231345283748, -70.54906021021996 -33.38205874945662, -70.54918449528188 -33.38209606772502, -70.54907583467613 -33.38235077120414))"
151600230100013,13132041004021,306991,V1313210169,CAPRICORNIO,CALLE,1,5,"[-70.54917772250873, -33.38237989165756]","POLYGON((-70.54917772250873 -33.38237989165756, -70.54907583467613 -33.38235077120414, -70.54917982099342 -33.38209469808004, -70.54928170855489 -33.382123818456854, -70.54917772250873 -33.38237989165756))"
151600230100013,13132041004021,306991,V1313210169,CAPRICORNIO,CALLE,2,5,"[-70.5492241808114, -33.38240519478988]","POLYGON((-70.5492241808114 -33.38240519478988, -70.54917772250873 -33.38237989165756, -70.54935330757472 -33.38215298852618, -70.54939976580212 -33.38217829159566, -70.5492241808114 -33.38240519478988))"
151600230300002,13132041004020,306991,V1313210169,CAPRICORNIO,CALLE,3,5,"[-70.54960505907005, -33.382472406869205]","POLYGON((-70.54960505907005 -33.382472406869205, -70.54972491972855 -33.38253295740377, -70.54955857643316 -33.382764710023565, -70.5494387155587 -33.38270415933635, -70.54960505907005 -33.382472406869205))"
151600230300003,13132041004020,306991,V1313210169,CAPRICORNIO,CALLE,3,4,"[-70.54948446064643, -33.38241267709375]","POLYGON((-70.54948446064643 -33.38241267709375, -70.54960505907005 -33.382472406869205, -70.54944112616903 -33.38270536515698, -70.54932052752272 -33.38264563523037, -70.54948446064643 -33.38241267709375))"
151600230300014,13132041004020,307271,V1313210240,EL ZODIACO,CALLE,1,7,"[-70.5496864905337, -33.38205139787892]","POLYGON((-70.5496864905337 -33.38205139787892, -70.54967666498057 -33.3820610802038, -70.5494311351799 -33.38188571268031, -70.54944096074212 -33.3818760303744, -70.5496864905337 -33.38205139787892))"
151600230300014,13132041004020,307271,V1313210240,EL ZODIACO,CALLE,2,7,"[-70.5497159702697, -33.38205887583429]","POLYGON((-70.5497159702697 -33.38205887583429, -70.5496864905337 -33.38205139787892, -70.54977981677177 -33.38179245043013, -70.54980929642653 -33.38179992836591, -70.5497159702697 -33.38205887583429))"
151600230300014,13132041004020,307271,V1313210240,EL ZODIACO,CALLE,3,7,"[-70.54972937184337, -33.38203868737372]","POLYGON((-70.54972937184337 -33.38203868737372, -70.5497159702697 -33.38205887583429, -70.54943425273127 -33.381927252047774, -70.54944765435238 -33.38190706361592, -70.54972937184337 -33.38203868737372))"
151600230300014,13132041004020,307271,V1313210240,EL ZODIACO,CALLE,4,7,"[-70.54982409522994, -33.38207601343297]","POLYGON((-70.54982409522994 -33.38207601343297, -70.54972937184337 -33.38203868737372, -70.54986646187952 -33.38179382733834, -70.54996118505048 -33.38183115330033, -70.54982409522994 -33.38207601343297))"
151600230300015,13132041004020,307271,V1313210240,EL ZODIACO,CALLE,1,4,"[-70.5499502055429, -33.38212530275211]","POLYGON((-70.5499502055429 -33.38212530275211, -70.54982410802961 -33.382076734754044, -70.5499586486368 -33.38183088145076, -70.55008474585864 -33.381879449322035, -70.5499502055429 -33.38212530275211))"
151600231100005,13132041007018,306547,V1313210062,VITACURA,AVENIDA,2,4,"[-70.54612006696792, -33.381793132884084]","POLYGON((-70.54612006696792 -33.381793132884084, -70.54626302395062 -33.38184690572634, -70.54613110031956 -33.382093755541206, -70.5459881430015 -33.38203998255828, -70.54612006696792 -33.381793132884084))"
151600231100006,13132041007018,306547,V1313210062,VITACURA,AVENIDA,2,4,"[-70.54597064733149, -33.38173862871959]","POLYGON((-70.54597064733149 -33.38173862871959, -70.54612006696792 -33.381793132884084, -70.54599149027761 -33.38204122254185, -70.54584207028422 -33.38198671823452, -70.54597064733149 -33.38173862871959))"
151600231100006,13132041007018,308351,V1313210483,SAGITARIO,CALLE,3,4,"[-70.54611373785853, -33.381478104704584]","POLYGON((-70.54611373785853 -33.381478104704584, -70.54597064733149 -33.38173862871959, -70.54567778459605 -33.38162541480321, -70.54582087583901 -33.3813648911016, -70.54611373785853 -33.381478104704584))"
151600231100007,13132041007018,308350,V1313210483,SAGITARIO,CALLE,1,5,"[-70.54633010476898, -33.381428061534606]","POLYGON((-70.54633010476898 -33.381428061534606, -70.54619603046888 -33.38137201363472, -70.54633984131038 -33.381129882157765, -70.54647391531829 -33.3811859299124, -70.54633010476898 -33.381428061534606))"
151600231100007,13132041007018,306638,V1313210063,ACUARIO,CALLE,1,5,"[-70.54633010476898, -33.381428061534606]","POLYGON((-70.54633010476898 -33.381428061534606, -70.54619603046888 -33.38137201363472, -70.54633984131038 -33.381129882157765, -70.54647391531829 -33.3811859299124, -70.54633010476898 -33.381428061534606))"
151600231100007,13132041007018,308351,V1313210483,SAGITARIO,CALLE,4,5,"[-70.5461520949247, -33.381404125872855]","POLYGON((-70.5461520949247 -33.381404125872855, -70.54611373785853 -33.381478104704584, -70.54581804388141 -33.38137019645024, -70.54585640115819 -33.38129621770285, -70.5461520949247 -33.381404125872855))"
151600231100007,13132041007018,308351,V1313210483,SAGITARIO,CALLE,5,5,"[-70.54619603046888, -33.38137201363472]","POLYGON((-70.54619603046888 -33.38137201363472, -70.5461520949247 -33.381404125872855, -70.5459402795167 -33.381200150688514, -70.54598421504228 -33.3811680385251, -70.54619603046888 -33.38137201363472))"
151600231100008,13132041007018,306638,V1313210063,ACUARIO,CALLE,4,4,"[-70.54647500805717, -33.381488573778796]","POLYGON((-70.54647500805717 -33.381488573778796, -70.5463301175395 -33.38142878285694, -70.54647244204247 -33.38118603401106, -70.5466173322412 -33.38124582477773, -70.54647500805717 -33.381488573778796))"
151600231300004,13132041007017,306638,V1313210063,ACUARIO,CALLE,2,4,"[-70.54690142156961, -33.381583995867494]","POLYGON((-70.54690142156961 -33.381583995867494, -70.54703733036048 -33.3816161210503, -70.54694988265929 -33.38187650892571, -70.54681397348747 -33.38184438365917, -70.54690142156961 -33.381583995867494))"
151600231300005,13132041007017,306638,V1313210063,ACUARIO,CALLE,3,5,"[-70.54685945924489, -33.38157577098318]","POLYGON((-70.54685945924489 -33.38157577098318, -70.54690140879431 -33.38158327454536, -70.5468341691657 -33.38184785342334, -70.54679221949308 -33.3818403498422, -70.54685945924489 -33.38157577098318))"
151600231300005,13132041007017,306638,V1313210063,ACUARIO,CALLE,4,5,"[-70.54677177977538, -33.381535468902314]","POLYGON((-70.54677177977538 -33.381535468902314, -70.54685945924489 -33.38157577098318, -70.54670451860191 -33.38181302083111, -70.54661683895674 -33.381772718647035, -70.54677177977538 -33.381535468902314))"
151600231300006,13132041007017,306638,V1313210063,ACUARIO,CALLE,2,4,"[-70.54664667009094, -33.38148183494299]","POLYGON((-70.54664667009094 -33.38148183494299, -70.54677177977538 -33.381535468902314, -70.54662505284666 -33.3817763660742, -70.54649994289505 -33.38172273197627, -70.54664667009094 -33.38148183494299))"
151600231300012,13132041007017,307270,V1313210240,EL ZODIACO,CALLE,3,4,"[-70.54692559769707, -33.38124955842595]","POLYGON((-70.54692559769707 -33.38124955842595, -70.54680219146263 -33.381201043936606, -70.54693901549338 -33.38095607940004, -70.54706242144648 -33.38100459376292, -70.54692559769707 -33.38124955842595))"
151600231300013,13132041007017,307270,V1313210240,EL ZODIACO,CALLE,4,4,"[-70.54705342486186, -33.38129882934188]","POLYGON((-70.54705342486186 -33.38129882934188, -70.5469256120693 -33.381250369913374, -70.54705840710152 -33.381003849706445, -70.54718621959572 -33.38105230900826, -70.54705342486186 -33.38129882934188))"
151600231300014,13132041007017,307270,V1313210240,EL ZODIACO,CALLE,1,4,"[-70.54718129415585, -33.38134440200607]","POLYGON((-70.54718129415585 -33.38134440200607, -70.54705333176156 -33.38129964216909, -70.54717742176864 -33.381049950072125, -70.54730538385012 -33.38109470979155, -70.54718129415585 -33.38134440200607))"
151600232500001,13132041002011,307606,V1313210314,LA LLAVERIA,CALLE,2,4,"[-70.54450706191885, -33.38117939765487]","POLYGON((-70.54450706191885 -33.38117939765487, -70.54464927647788 -33.38089345392222, -70.54494686601747 -33.380997626980694, -70.54480465229118 -33.38128357102667, -70.54450706191885 -33.38117939765487))"
151600232500001,13132041002011,306617,V1313210062,VITACURA,AVENIDA,3,4,"[-70.54434794520199, -33.38111743662907]","POLYGON((-70.54434794520199 -33.38111743662907, -70.54450706191885 -33.38117939765487, -70.54437130252597 -33.381424779114944, -70.54421218544407 -33.38136281792748, -70.54434794520199 -33.38111743662907))"
151600232500002,13132041002011,306617,V1313210062,VITACURA,AVENIDA,3,5,"[-70.54422283365969, -33.3810696622494]","POLYGON((-70.54422283365969 -33.3810696622494, -70.54434794520199 -33.38111743662907, -70.5442143632186 -33.38136365772958, -70.5440892513856 -33.3813158832251, -70.54422283365969 -33.3810696622494))"
151600232500003,13132041002011,306617,V1313210062,VITACURA,AVENIDA,2,4,"[-70.54409318126308, -33.381020411093246]","POLYGON((-70.54409318126308 -33.381020411093246, -70.54422283365969 -33.3810696622494, -70.54408982738533 -33.38131610260161, -70.54396017468646 -33.381266851316695, -70.54409318126308 -33.381020411093246))"
151600234700007,13132021003035,306028,V1313210038,JUAN XXIII,AVENIDA,3,5,"[-70.56904669107657, -33.380573214404826]","POLYGON((-70.56904669107657 -33.380573214404826, -70.56902515601972 -33.380810582550254, -70.56870363338955 -33.380790050911, -70.56872516931999 -33.38055268279523, -70.56904669107657 -33.380573214404826))"
151600234700008,13132021003035,306028,V1313210038,JUAN XXIII,AVENIDA,2,4,"[-70.56906092457136, -33.38042008099937]","POLYGON((-70.56906092457136 -33.38042008099937, -70.5690475508504 -33.38057320353391, -70.56872596128085 -33.3805534335646, -70.5687393355656 -33.38040031104785, -70.56906092457136 -33.38042008099937))"
151600234700009,13132021003035,306028,V1313210038,JUAN XXIII,AVENIDA,3,4,"[-70.56907434084846, -33.38028129730776]","POLYGON((-70.56907434084846 -33.38028129730776, -70.5690617843437 -33.38042007012839, -70.56874025823168 -33.38039959282948, -70.56875281524717 -33.380260820026095, -70.56907434084846 -33.38028129730776))"
151600240700002,13132041006030,305857,V1313210019,AVENIDA PRESIDENTE KENNEDY,AVENIDA,1,4,"[-70.54529123652362, -33.38841411858871]","POLYGON((-70.54529123652362 -33.38841411858871, -70.54538057692913 -33.388225962011795, -70.54568016833555 -33.38832606767844, -70.54559082849097 -33.38851422445254, -70.54529123652362 -33.38841411858871))"
151600240700002,13132041006030,306709,V1313210086,ANTUCO,CALLE,1,4,"[-70.54529123652362, -33.38841411858871]","POLYGON((-70.54529123652362 -33.38841411858871, -70.54538057692913 -33.388225962011795, -70.54568016833555 -33.38832606767844, -70.54559082849097 -33.38851422445254, -70.54529123652362 -33.38841411858871))"
151600240700006,13132041006030,309177,V1313210678,TUPUNGATO,PASAJE,4,6,"[-70.54514460424677, -33.38707786803392]","POLYGON((-70.54514460424677 -33.38707786803392, -70.54510258675376 -33.38706666718, -70.54520024829404 -33.38680884571711, -70.54524226567278 -33.38682004654162, -70.54514460424677 -33.38707786803392))"
151600240700006,13132041006030,309177,V1313210678,TUPUNGATO,PASAJE,5,6,"[-70.54517324193996, -33.38703160719185]","POLYGON((-70.54517324193996 -33.38703160719185, -70.54514460424677 -33.38707786803392, -70.54485841642176 -33.3869531890817, -70.5448870542311 -33.386906928301606, -70.54517324193996 -33.38703160719185))"
151600240700011,13132041006030,309177,V1313210678,TUPUNGATO,PASAJE,2,6,"[-70.5450695083297, -33.38705030463703]","POLYGON((-70.5450695083297 -33.38705030463703, -70.54508996155523 -33.38700324387335, -70.54539293129535 -33.38709590889272, -70.54537247821551 -33.38714296970158, -70.5450695083297 -33.38705030463703))"
151600240700013,13132041006030,306709,V1313210086,ANTUCO,CALLE,2,4,"[-70.54538057692913, -33.388225962011795]","POLYGON((-70.54538057692913 -33.388225962011795, -70.54543600704739 -33.388108121187095, -70.54573598034155 -33.38820741791965, -70.54568055057615 -33.38832525886673, -70.54538057692913 -33.388225962011795))"
151600240700014,13132041006030,306709,V1313210086,ANTUCO,CALLE,2,4,"[-70.54543600704739, -33.388108121187095]","POLYGON((-70.54543600704739 -33.388108121187095, -70.54550578121338 -33.38796250503284, -70.54580499510436 -33.38806340023859, -70.54573522137062 -33.38820901654681, -70.54543600704739 -33.388108121187095))"
151600240700015,13132041006030,306709,V1313210086,ANTUCO,CALLE,2,4,"[-70.54550578121338, -33.38796250503284]","POLYGON((-70.54550578121338 -33.38796250503284, -70.54556661334354 -33.38783404520791, -70.54586631277697 -33.3879339201802, -70.54580548103024 -33.38806238013942, -70.54550578121338 -33.38796250503284))"
151600240700016,13132041006030,306709,V1313210086,ANTUCO,CALLE,1,4,"[-70.54556661334354, -33.38783404520791]","POLYGON((-70.54556661334354 -33.38783404520791, -70.54562997538703 -33.38770275810137, -70.54592888734011 -33.387804279306444, -70.54586552568495 -33.38793556655276, -70.54556661334354 -33.38783404520791))"
151600240700016,13132041006030,306710,V1313210086,ANTUCO,CALLE,1,4,"[-70.54556661334354, -33.38783404520791]","POLYGON((-70.54556661334354 -33.38783404520791, -70.54562997538703 -33.38770275810137, -70.54592888734011 -33.387804279306444, -70.54586552568495 -33.38793556655276, -70.54556661334354 -33.38783404520791))"
151600240700016,13132041006030,306698,V1313210083,ANTILLANCA,CALLE,1,4,"[-70.54556661334354, -33.38783404520791]","POLYGON((-70.54556661334354 -33.38783404520791, -70.54562997538703 -33.38770275810137, -70.54592888734011 -33.387804279306444, -70.54586552568495 -33.38793556655276, -70.54556661334354 -33.38783404520791))"
151600240700017,13132041006030,306710,V1313210086,ANTUCO,CALLE,2,4,"[-70.54562997538703, -33.38770275810137]","POLYGON((-70.54562997538703 -33.38770275810137, -70.54569890184479 -33.38755787388049, -70.54599841146464 -33.38765814674084, -70.5459294854384 -33.38780303111383, -70.54562997538703 -33.38770275810137))"
151600240700018,13132041006030,306710,V1313210086,ANTUCO,CALLE,2,4,"[-70.54569890184479, -33.38755787388049]","POLYGON((-70.54569890184479 -33.38755787388049, -70.54575072570788 -33.38744891598124, -70.54605024376595 -33.38754917030559, -70.54599842022742 -33.38765812831924, -70.54569890184479 -33.38755787388049))"
151600240700019,13132041006030,306710,V1313210086,ANTUCO,CALLE,1,4,"[-70.54575072570788, -33.38744891598124]","POLYGON((-70.54575072570788 -33.38744891598124, -70.54580533173029 -33.387333159517574, -70.5461051858134 -33.38743270359427, -70.54605058013712 -33.38754846017848, -70.54575072570788 -33.38744891598124))"
151600240700020,13132041006030,306710,V1313210086,ANTUCO,CALLE,1,4,"[-70.54580533173029, -33.387333159517574]","POLYGON((-70.54580533173029 -33.387333159517574, -70.54586524995351 -33.387207777227495, -70.54616457200738 -33.38730844091592, -70.5461046541568 -33.38743382333823, -70.54580533173029 -33.387333159517574))"
151600240700021,13132041006030,308603,V1313210521,TUPUNGATO,CALLE,1,4,"[-70.54592774968206, -33.38707641052907]","POLYGON((-70.54592774968206 -33.38707641052907, -70.54566482670504 -33.3869628962105, -70.54581239447593 -33.38672235712033, -70.54607531689483 -33.3868358711457, -70.54592774968206 -33.38707641052907))"
151600240700021,13132041006030,306710,V1313210086,ANTUCO,CALLE,2,4,"[-70.54586524995351, -33.387207777227495]","POLYGON((-70.54586524995351 -33.387207777227495, -70.54592774968206 -33.38707641052907, -70.54622725474002 -33.38717668945872, -70.5461647554027 -33.38730805629507, -70.54586524995351 -33.387207777227495))"
151600241100001,13132041001034,307862,V1313210351,LO GALLO,CALLE,1,4,"[-70.55627208744139, -33.38423731432892]","POLYGON((-70.55627208744139 -33.38423731432892, -70.55629185128083 -33.38410368287403, -70.55661186377316 -33.38413699242899, -70.55659210042019 -33.3842706239202, -70.55627208744139 -33.38423731432892))"
151600241100001,13132041001034,308014,V1313210387,MAR JONICO,CALLE,2,4,"[-70.55608618227912, -33.38421718968154]","POLYGON((-70.55608618227912 -33.38421718968154, -70.55627208744139 -33.38423731432892, -70.55623081958508 -33.38450561459906, -70.55604491385594 -33.38448548990697, -70.55608618227912 -33.38421718968154))"
151600241100002,13132041001034,308014,V1313210387,MAR JONICO,CALLE,2,4,"[-70.55595382331137, -33.384203698330936]","POLYGON((-70.55595382331137 -33.384203698330936, -70.55608618227912 -33.38421718968154, -70.55604728839107 -33.38448573944607, -70.55591492901878 -33.38447224806615, -70.55595382331137 -33.384203698330936))"
151600241100010,13132041001034,309017,V1313210619,LO GALLO,PASAJE,5,5,"[-70.55613623444134, -33.38386484057936]","POLYGON((-70.55613623444134 -33.38386484057936, -70.55599948232216 -33.383852125840036, -70.55603500314132 -33.38358324736342, -70.5561717548413 -33.38359596207617, -70.55613623444134 -33.38386484057936))"
151600241100011,13132041001034,307862,V1313210351,LO GALLO,CALLE,2,4,"[-70.55629185128083, -33.38410368287403]","POLYGON((-70.55629185128083 -33.38410368287403, -70.55630611393505 -33.38400520236682, -70.55662622579756 -33.38403783049484, -70.55661196350212 -33.384136311028044, -70.55629185128083 -33.38410368287403))"
151600241100012,13132041001034,307862,V1313210351,LO GALLO,CALLE,1,4,"[-70.55630611393505, -33.38400520236682]","POLYGON((-70.55630611393505 -33.38400520236682, -70.55632219045269 -33.383893892840305, -70.55664231462997 -33.38392643298552, -70.55662623851786 -33.38403774254129, -70.55630611393505 -33.38400520236682))"
151600241100012,13132041001034,309017,V1313210619,LO GALLO,PASAJE,4,4,"[-70.55632219045269, -33.383893892840305]","POLYGON((-70.55632219045269 -33.383893892840305, -70.55613801849242 -33.38387446799991, -70.55617824291078 -33.38360605622321, -70.5563624143089 -33.38362548102085, -70.55632219045269 -33.383893892840305))"
151600243300001,13132041001045,307255,V1313210233,EL NOGAL,CALLE,1,4,"[-70.56165891731752, -33.385587794994336]","POLYGON((-70.56165891731752 -33.385587794994336, -70.56151228629174 -33.38556988981756, -70.5615587353021 -33.38530218674214, -70.56170536588324 -33.38532009187755, -70.56165891731752 -33.385587794994336))"
151600243300001,13132041001045,306575,V1313210062,VITACURA,AVENIDA,3,4,"[-70.56146583157299, -33.385911824129636]","POLYGON((-70.56146583157299 -33.385911824129636, -70.56161420968856 -33.385925198120766, -70.5615797607394 -33.38619417421569, -70.56143138216855 -33.386180800197046, -70.56146583157299 -33.385911824129636))"
151600243300002,13132041001045,306575,V1313210062,VITACURA,AVENIDA,2,4,"[-70.5611439442728, -33.38588043162616]","POLYGON((-70.5611439442728 -33.38588043162616, -70.56146581706311 -33.38591101264842, -70.56142952813224 -33.38617981842929, -70.5611076543558 -33.38614923734259, -70.5611439442728 -33.38588043162616))"
151600243300002,13132041001045,306610,V1313210062,VITACURA,AVENIDA,2,4,"[-70.5611439442728, -33.38588043162616]","POLYGON((-70.5611439442728 -33.38588043162616, -70.56146581706311 -33.38591101264842, -70.56142952813224 -33.38617981842929, -70.5611076543558 -33.38614923734259, -70.5611439442728 -33.38588043162616))"
151600243300002,13132041001045,307376,V1313210262,GARCIA DE TORRES,CALLE,2,4,"[-70.5611439442728, -33.38588043162616]","POLYGON((-70.5611439442728 -33.38588043162616, -70.56146581706311 -33.38591101264842, -70.56142952813224 -33.38617981842929, -70.5611076543558 -33.38614923734259, -70.5611439442728 -33.38588043162616))"
151600243300002,13132041001045,307255,V1313210233,EL NOGAL,CALLE,4,4,"[-70.56151227339387, -33.3855691685009]","POLYGON((-70.56151227339387 -33.3855691685009, -70.56118512149102 -33.385525847743814, -70.56123539983457 -33.38525863196286, -70.56156255075008 -33.38530195261755, -70.56151227339387 -33.3855691685009))"
151600243300004,13132041001045,307255,V1313210233,EL NOGAL,CALLE,2,4,"[-70.56118510859586, -33.38552512642704]","POLYGON((-70.56118510859586 -33.38552512642704, -70.56101959814676 -33.38550349005891, -70.56106924881419 -33.38523619167869, -70.56123475876339 -33.38525782799587, -70.56118510859586 -33.38552512642704))"
151600243300004,13132041001045,306610,V1313210062,VITACURA,AVENIDA,4,4,"[-70.56097583805497, -33.38586396840747]","POLYGON((-70.56097583805497 -33.38586396840747, -70.56114393137781 -33.3858797103094, -70.56110815520168 -33.38614856448695, -70.56094006136364 -33.38613282255207, -70.56097583805497 -33.38586396840747))"
151600243300005,13132041001045,306610,V1313210062,VITACURA,AVENIDA,2,4,"[-70.56081224760582, -33.38584753834301]","POLYGON((-70.56081224760582 -33.38584753834301, -70.56097593264005 -33.385863245738584, -70.56093928475713 -33.3861320172897, -70.56077559922157 -33.386116309860874, -70.56081224760582 -33.38584753834301))"
151600243300005,13132041001045,307255,V1313210233,EL NOGAL,CALLE,4,4,"[-70.56101958364125, -33.385502678577474]","POLYGON((-70.56101958364125 -33.385502678577474, -70.56086055096623 -33.38548258383202, -70.5609085796517 -33.38521507694755, -70.5610676118454 -33.38523517164613, -70.56101958364125 -33.385502678577474))"
151600243300006,13132041001045,306610,V1313210062,VITACURA,AVENIDA,3,4,"[-70.56066471664403, -33.38583343125379]","POLYGON((-70.56066471664403 -33.38583343125379, -70.56081224760582 -33.38584753834301, -70.56077572784599 -33.38611632218196, -70.56062819643229 -33.38610221506294, -70.56066471664403 -33.38583343125379))"
151600243300007,13132041001045,306610,V1313210062,VITACURA,AVENIDA,2,4,"[-70.56049661058061, -33.385816967380315]","POLYGON((-70.56049661058061 -33.385816967380315, -70.56066470214164 -33.385832619772266, -70.5606291265754 -33.38610149272703, -70.5604610344991 -33.38608584030238, -70.56049661058061 -33.385816967380315))"
151600243300008,13132041001045,306610,V1313210062,VITACURA,AVENIDA,4,8,"[-70.56015868056944, -33.38578415073063]","POLYGON((-70.56015868056944 -33.38578415073063, -70.56049659769103 -33.38581624606334, -70.56046032007485 -33.38608505300712, -70.560122401918 -33.38605295760679, -70.56015868056944 -33.38578415073063))"
151600243300008,13132041001045,308198,V1313210439,PARTENON,CALLE,8,8,"[-70.56029897671004, -33.385333175729635]","POLYGON((-70.56029897671004 -33.385333175729635, -70.5602722485084 -33.38533540569784, -70.56024033585693 -33.38506620937107, -70.56026706397756 -33.38506397941203, -70.56029897671004 -33.385333175729635))"
151600243300009,13132041001045,308197,V1313210439,PARTENON,CALLE,5,6,"[-70.55996912676508, -33.385295206573055]","POLYGON((-70.55996912676508 -33.385295206573055, -70.55991545173569 -33.38572074240077, -70.55959477037369 -33.38569227503473, -70.5596484469601 -33.38526673929899, -70.55996912676508 -33.385295206573055))"
151600243300009,13132041001045,308198,V1313210439,PARTENON,CALLE,6,6,"[-70.5602722485084, -33.38533540569784]","POLYGON((-70.5602722485084 -33.38533540569784, -70.55996912676508 -33.385295206573055, -70.56001947862842 -33.38502800043201, -70.56032259945702 -33.3850681994617, -70.5602722485084 -33.38533540569784))"
151600243300024,13132041001045,307255,V1313210233,EL NOGAL,CALLE,2,6,"[-70.56082572283405, -33.38545867200645]","POLYGON((-70.56082572283405 -33.38545867200645, -70.56082562107669 -33.38541087529789, -70.56114809110187 -33.38541039172329, -70.56114819303576 -33.385458188426455, -70.56082572283405 -33.38545867200645))"
151600243300024,13132041001045,307255,V1313210233,EL NOGAL,CALLE,3,6,"[-70.56086053646223, -33.38548177235053]","POLYGON((-70.56086053646223 -33.38548177235053, -70.56082572283405 -33.38545867200645, -70.56102577070585 -33.38524649530989, -70.5610605842977 -33.385269595599524, -70.56086053646223 -33.38548177235053))"
151600243300144,13132041001045,306546,V1313210062,VITACURA,AVENIDA,2,4,"[-70.55991283822593, -33.38576099771922]","POLYGON((-70.55991283822593 -33.38576099771922, -70.56015866607179 -33.385783339248896, -70.56012393467648 -33.38605228991299, -70.55987810607652 -33.38602994833718, -70.55991283822593 -33.38576099771922))"
151600243300144,13132041001045,306610,V1313210062,VITACURA,AVENIDA,2,4,"[-70.55991283822593, -33.38576099771922]","POLYGON((-70.55991283822593 -33.38576099771922, -70.56015866607179 -33.385783339248896, -70.56012393467648 -33.38605228991299, -70.55987810607652 -33.38602994833718, -70.55991283822593 -33.38576099771922))"
151600243300144,13132041001045,308360,V1313210488,SAN FELIX,CALLE,2,4,"[-70.55991283822593, -33.38576099771922]","POLYGON((-70.55991283822593 -33.38576099771922, -70.56015866607179 -33.385783339248896, -70.56012393467648 -33.38605228991299, -70.55987810607652 -33.38602994833718, -70.55991283822593 -33.38576099771922))"
151600243300144,13132041001045,308197,V1313210439,PARTENON,CALLE,3,4,"[-70.55991459190743, -33.38572075320989]","POLYGON((-70.55991459190743 -33.38572075320989, -70.55991283822593 -33.38576099771922, -70.55959058154576 -33.38575111461668, -70.55959233537598 -33.38571087010752, -70.55991459190743 -33.38572075320989))"
151600243500004,13132041001046,306582,V1313210062,VITACURA,AVENIDA,1,4,"[-70.56170006370249, -33.38593493980094]","POLYGON((-70.56170006370249 -33.38593493980094, -70.56198079125481 -33.38596107714758, -70.56194522049671 -33.38622995043019, -70.56166449208379 -33.386203813028985, -70.56170006370249 -33.38593493980094))"
151600243500004,13132041001046,307257,V1313210233,EL NOGAL,CALLE,2,4,"[-70.5617287346238, -33.38574077168299]","POLYGON((-70.5617287346238 -33.38574077168299, -70.56170006370249 -33.38593493980094, -70.56138003740135 -33.38590168282265, -70.5614087090296 -33.38570751475728, -70.5617287346238 -33.38574077168299))"
151600243500005,13132041001046,307257,V1313210233,EL NOGAL,CALLE,3,4,"[-70.5617518537777, -33.38558482162831]","POLYGON((-70.5617518537777 -33.38558482162831, -70.56172959606398 -33.38574085102586, -70.56140940906138 -33.38570870604432, -70.5614316673439 -33.38555267668705, -70.5617518537777 -33.38558482162831))"
151600244100002,13132051002009,307376,V1313210262,GARCIA DE TORRES,CALLE,1,4,"[-70.56131113771796, -33.3865553458005]","POLYGON((-70.56131113771796 -33.3865553458005, -70.5613048519517 -33.38642023778459, -70.56162708080493 -33.38640968711829, -70.56163336706776 -33.3865447951036, -70.56131113771796 -33.3865553458005))"
151600244100005,13132051002009,307376,V1313210262,GARCIA DE TORRES,CALLE,2,4,"[-70.56131735201164, -33.386716518136495]","POLYGON((-70.56131735201164 -33.386716518136495, -70.56131113771796 -33.3865553458005, -70.56163344384555 -33.3865465997875, -70.56163965873232 -33.386707772090276, -70.56131735201164 -33.386716518136495))"
151600244100005,13132051002009,307277,V1313210241,ELENA PINTO,CALLE,3,4,"[-70.56106079424174, -33.38671352332163]","POLYGON((-70.56106079424174 -33.38671352332163, -70.56131735201164 -33.386716518136495, -70.56131286568503 -33.38698701609631, -70.56105630711957 -33.38698402129541, -70.56106079424174 -33.38671352332163))"
151600244100006,13132051002009,307277,V1313210241,ELENA PINTO,CALLE,2,4,"[-70.56092220939156, -33.38671283174662]","POLYGON((-70.56092220939156 -33.38671283174662, -70.56106079424174 -33.38671352332163, -70.56105887622849 -33.386984042700384, -70.5609202909487 -33.386983351135754, -70.56092220939156 -33.38671283174662))"
151600244100007,13132051002009,307277,V1313210241,ELENA PINTO,CALLE,1,4,"[-70.56077554744357, -33.386711339765164]","POLYGON((-70.56077554744357 -33.386711339765164, -70.5609221948863 -33.3867120202653, -70.56092041137514 -33.386982540304196, -70.56077376347781 -33.3869818598152, -70.56077554744357 -33.386711339765164))"
151600250300002,13132041002013,306545,V1313210062,VITACURA,AVENIDA,2,4,"[-70.54041048545776, -33.379578753467506]","POLYGON((-70.54041048545776 -33.379578753467506, -70.5408280738251 -33.37974149432291, -70.54069222995102 -33.37998684241749, -70.54027464062628 -33.37982410113747, -70.54041048545776 -33.379578753467506))"
151600250700002,13132041006012,306547,V1313210062,VITACURA,AVENIDA,4,4,"[-70.54608155214048, -33.38197966477687]","POLYGON((-70.54608155214048 -33.38197966477687, -70.54588840127477 -33.381908119249545, -70.54601864398452 -33.381660642059785, -70.54621179439292 -33.381732187399784, -70.54608155214048 -33.38197966477687))"
151600250700003,13132041006012,306547,V1313210062,VITACURA,AVENIDA,4,4,"[-70.54588838691181, -33.3819073077618]","POLYGON((-70.54588838691181 -33.3819073077618, -70.5456872401599 -33.381833426523194, -70.54581656494814 -33.38158561077068, -70.54601771122144 -33.381659491815746, -70.54588838691181 -33.3819073077618))"
151600250700003,13132041006012,306589,V1313210062,VITACURA,AVENIDA,4,4,"[-70.54588838691181, -33.3819073077618]","POLYGON((-70.54588838691181 -33.3819073077618, -70.5456872401599 -33.381833426523194, -70.54581656494814 -33.38158561077068, -70.54601771122144 -33.381659491815746, -70.54588838691181 -33.3819073077618))"
151600250700003,13132041006012,308351,V1313210483,SAGITARIO,CALLE,4,4,"[-70.54588838691181, -33.3819073077618]","POLYGON((-70.54588838691181 -33.3819073077618, -70.5456872401599 -33.381833426523194, -70.54581656494814 -33.38158561077068, -70.54601771122144 -33.381659491815746, -70.54588838691181 -33.3819073077618))"
151600250700004,13132041006012,306589,V1313210062,VITACURA,AVENIDA,4,4,"[-70.54568722739452, -33.38183270520069]","POLYGON((-70.54568722739452 -33.38183270520069, -70.54548700676148 -33.38175646728022, -70.54562027572828 -33.381510126733595, -70.54582049589523 -33.38158636445481, -70.54568722739452 -33.38183270520069))"
151600250700005,13132041006012,306589,V1313210062,VITACURA,AVENIDA,3,4,"[-70.54548699399778, -33.38175574595762]","POLYGON((-70.54548699399778 -33.38175574595762, -70.54534132362939 -33.38170047285121, -70.54547420603667 -33.381453985387296, -70.5456198760652 -33.38150925834921, -70.54548699399778 -33.38175574595762))"
151600250700006,13132041006012,306559,V1313210062,VITACURA,AVENIDA,2,4,"[-70.54534132362939, -33.38170047285121]","POLYGON((-70.54534132362939 -33.38170047285121, -70.54511231286001 -33.3816131393141, -70.54524575023306 -33.38136686298181, -70.54547476046984 -33.38145419629071, -70.54534132362939 -33.38170047285121))"
151600250700006,13132041006012,306589,V1313210062,VITACURA,AVENIDA,2,4,"[-70.54534132362939, -33.38170047285121]","POLYGON((-70.54534132362939 -33.38170047285121, -70.54511231286001 -33.3816131393141, -70.54524575023306 -33.38136686298181, -70.54547476046984 -33.38145419629071, -70.54534132362939 -33.38170047285121))"
151600250700006,13132041006012,307379,V1313210263,GEMINIS,CALLE,2,4,"[-70.54534132362939, -33.38170047285121]","POLYGON((-70.54534132362939 -33.38170047285121, -70.54511231286001 -33.3816131393141, -70.54524575023306 -33.38136686298181, -70.54547476046984 -33.38145419629071, -70.54534132362939 -33.38170047285121))"
151600250700007,13132041006012,306559,V1313210062,VITACURA,AVENIDA,4,4,"[-70.54511230009948, -33.381612417991356]","POLYGON((-70.54511230009948 -33.381612417991356, -70.54495147535577 -33.381551200512455, -70.54508470817552 -33.38130484626324, -70.54524553254477 -33.38136606358216, -70.54511230009948 -33.381612417991356))"
151600250700017,13132041006012,307988,V1313210381,MACHU PICHU,CALLE,1,4,"[-70.5451446578125, -33.3823537883372]","POLYGON((-70.5451446578125 -33.3823537883372, -70.54522585151538 -33.38220370120184, -70.54551948610653 -33.38231550278499, -70.54543829282015 -33.38246559009837, -70.5451446578125 -33.3823537883372))"
151600250700018,13132041006012,307988,V1313210381,MACHU PICHU,CALLE,2,5,"[-70.545070332305, -33.382491073793055]","POLYGON((-70.545070332305 -33.382491073793055, -70.5451446578125 -33.3823537883372, -70.54543825434916 -33.38246566118533, -70.54536392922246 -33.382602946804134, -70.545070332305 -33.382491073793055))"
151600250700019,13132041006012,307988,V1313210381,MACHU PICHU,CALLE,2,5,"[-70.54497644714898, -33.38266512773155]","POLYGON((-70.54497644714898 -33.38266512773155, -70.54506947250248 -33.38249108449845, -70.54536370735119 -33.38260177162618, -70.54527068248433 -33.38277581506342, -70.54497644714898 -33.38266512773155))"
151600250700019,13132041006012,308336,V1313210478,ROMERAL,CALLE,3,5,"[-70.544710954986, -33.38256354751096]","POLYGON((-70.544710954986 -33.38256354751096, -70.54497644714898 -33.38266512773155, -70.54484264189473 -33.38291126427584, -70.54457714911558 -33.38280968378984, -70.544710954986 -33.38256354751096))"
151600250700022,13132041006012,309128,V1313210664,ROMERAL,PASAJE,3,4,"[-70.54473678465881, -33.382036454230175]","POLYGON((-70.54473678465881 -33.382036454230175, -70.5446992836921 -33.382116374207925, -70.5443992357485 -33.38201728057429, -70.5444367369547 -33.3819373606793, -70.54473678465881 -33.382036454230175))"
151600250700023,13132041006012,309128,V1313210664,ROMERAL,PASAJE,3,4,"[-70.54469842229842, -33.3821162947453]","POLYGON((-70.54469842229842 -33.3821162947453, -70.54463853427465 -33.38224329949507, -70.54433868435022 -33.382143783953815, -70.54439857275372 -33.38201677933625, -70.54469842229842 -33.3821162947453))"
151600250700024,13132041006012,309128,V1313210664,ROMERAL,PASAJE,2,5,"[-70.54463767447439, -33.382243310197396]","POLYGON((-70.54463767447439 -33.382243310197396, -70.54459651535245 -33.3823291377173, -70.54429735817253 -33.38222816482038, -70.54433851754902 -33.38214233739127, -70.54463767447439 -33.382243310197396))"
151600250700025,13132041006012,309128,V1313210664,ROMERAL,PASAJE,3,4,"[-70.54459651535245, -33.3823291377173]","POLYGON((-70.54459651535245 -33.3823291377173, -70.54455176513419 -33.382424659737886, -70.54425165159407 -33.38232570371976, -70.5442964020988 -33.38223018179797, -70.54459651535245 -33.3823291377173))"
151600250700026,13132041006012,307090,V1313210199,COSTA AZUL,CALLE,2,4,"[-70.5445151513967, -33.38250005935765]","POLYGON((-70.5445151513967 -33.38250005935765, -70.544710954986 -33.38256354751096, -70.54459470615949 -33.38281588256621, -70.54439890207384 -33.382752394245756, -70.5445151513967 -33.38250005935765))"
151600250700026,13132041006012,308336,V1313210478,ROMERAL,CALLE,2,4,"[-70.5445151513967, -33.38250005935765]","POLYGON((-70.5445151513967 -33.38250005935765, -70.544710954986 -33.38256354751096, -70.54459470615949 -33.38281588256621, -70.54439890207384 -33.382752394245756, -70.5445151513967 -33.38250005935765))"
151600250700026,13132041006012,309128,V1313210664,ROMERAL,PASAJE,3,4,"[-70.54455090533209, -33.38242467043966]","POLYGON((-70.54455090533209 -33.38242467043966, -70.5445151513967 -33.38250005935765, -70.5442155347329 -33.38240004867546, -70.5442512888931 -33.38232465983639, -70.54455090533209 -33.38242467043966))"
151600250900003,13132041006011,307876,V1313210352,LO MATTA,CALLE,1,4,"[-70.54599659077476, -33.38305852630943]","POLYGON((-70.54599659077476 -33.38305852630943, -70.54605206179484 -33.38287034024421, -70.54636509541446 -33.382935281943375, -70.54630962503927 -33.38312346812841, -70.54599659077476 -33.38305852630943))"
151600250900003,13132041006011,308335,V1313210478,ROMERAL,CALLE,2,4,"[-70.54577137948439, -33.382967449148126]","POLYGON((-70.54577137948439 -33.382967449148126, -70.54599659077476 -33.38305852630943, -70.54585656723845 -33.38330221637558, -70.54563135544475 -33.383211138977444, -70.54577137948439 -33.382967449148126))"
151600250900004,13132041006011,308335,V1313210478,ROMERAL,CALLE,2,4,"[-70.54558360099286, -33.382889793859086]","POLYGON((-70.54558360099286 -33.382889793859086, -70.54577136512192 -33.382966637660495, -70.54562998390732 -33.38320977535, -70.54544221936231 -33.38313293134898, -70.54558360099286 -33.382889793859086))"
151600250900005,13132041006011,308335,V1313210478,ROMERAL,CALLE,3,4,"[-70.54539484278183, -33.38281142899897]","POLYGON((-70.54539484278183 -33.38281142899897, -70.54558360099286 -33.382889793859086, -70.54544057963739 -33.38313225544684, -70.54525182101277 -33.38305389038346, -70.54539484278183 -33.38281142899897))"
151600250900006,13132041006011,308335,V1313210478,ROMERAL,CALLE,2,4,"[-70.54523662433496, -33.38274576040824]","POLYGON((-70.54523662433496 -33.38274576040824, -70.54539484278183 -33.38281142899897, -70.54525185200048 -33.383053903246626, -70.54509363320685 -33.38298823448555, -70.54523662433496 -33.38274576040824))"
151600250900007,13132041006011,308335,V1313210478,ROMERAL,CALLE,1,4,"[-70.54505068661541, -33.38266880285357]","POLYGON((-70.54505068661541 -33.38266880285357, -70.5452366099776 -33.38274494892036, -70.54509514593765 -33.38298805261515, -70.54490922216382 -33.382911906350586, -70.54505068661541 -33.38266880285357))"
151600251100001,13132041006013,308339,V1313210478,ROMERAL,CALLE,1,5,"[-70.54408779606948, -33.38235756414633]","POLYGON((-70.54408779606948 -33.38235756414633, -70.54427556072604 -33.38242241562026, -70.54415280158611 -33.38267257120904, -70.5439650364676 -33.38260771956468, -70.54408779606948 -33.38235756414633))"
151600251100001,13132041006013,307617,V1313210314,LA LLAVERIA,CALLE,2,5,"[-70.54407432905356, -33.38231940300201]","POLYGON((-70.54407432905356 -33.38231940300201, -70.54408779606948 -33.38235756414633, -70.54377860093818 -33.382434360984405, -70.5437651340428 -33.38239619980342, -70.54407432905356 -33.38231940300201))"
151600251100001,13132041006013,308337,V1313210478,ROMERAL,CALLE,2,5,"[-70.54407432905356, -33.38231940300201]","POLYGON((-70.54407432905356 -33.38231940300201, -70.54408779606948 -33.38235756414633, -70.54377860093818 -33.382434360984405, -70.5437651340428 -33.38239619980342, -70.54407432905356 -33.38231940300201))"
151600251100001,13132041006013,308339,V1313210478,ROMERAL,CALLE,2,5,"[-70.54407432905356, -33.38231940300201]","POLYGON((-70.54407432905356 -33.38231940300201, -70.54408779606948 -33.38235756414633, -70.54377860093818 -33.382434360984405, -70.5437651340428 -33.38239619980342, -70.54407432905356 -33.38231940300201))"
151600251100001,13132041006013,307605,V1313210314,LA LLAVERIA,CALLE,2,5,"[-70.54407432905356, -33.38231940300201]","POLYGON((-70.54407432905356 -33.38231940300201, -70.54408779606948 -33.38235756414633, -70.54377860093818 -33.382434360984405, -70.5437651340428 -33.38239619980342, -70.54407432905356 -33.38231940300201))"
151600251100001,13132041006013,307605,V1313210314,LA LLAVERIA,CALLE,3,5,"[-70.54411638314006, -33.38225376599784]","POLYGON((-70.54411638314006 -33.38225376599784, -70.54407432905356 -33.38231940300201, -70.54379029992053 -33.38219132106267, -70.54383235416672 -33.3821256841491, -70.54411638314006 -33.38225376599784))"
151600251100002,13132041006013,307605,V1313210314,LA LLAVERIA,CALLE,3,4,"[-70.54416195967141, -33.38217455736641]","POLYGON((-70.54416195967141 -33.38217455736641, -70.54411638314006 -33.38225376599784, -70.54382598738353 -33.38213616110143, -70.54387156412565 -33.38205695256942, -70.54416195967141 -33.38217455736641))"
151600251100003,13132041006013,307605,V1313210314,LA LLAVERIA,CALLE,2,4,"[-70.54420850499035, -33.38209542684829]","POLYGON((-70.54420850499035 -33.38209542684829, -70.54416195967141 -33.38217455736641, -70.54387279190402 -33.382054842236954, -70.54391933743007 -33.38197571182013, -70.54420850499035 -33.38209542684829))"
151600251100004,13132041006013,307605,V1313210314,LA LLAVERIA,CALLE,3,4,"[-70.54425408295418, -33.38201630835122]","POLYGON((-70.54425408295418 -33.38201630835122, -70.54420850499035 -33.38209542684829, -70.5439181741357 -33.3819777101545, -70.54396375230988 -33.38189859175685, -70.54425408295418 -33.38201630835122))"
151600251100005,13132041006013,307605,V1313210314,LA LLAVERIA,CALLE,2,4,"[-70.54430052063506, -33.3819371791389]","POLYGON((-70.54430052063506 -33.3819371791389, -70.54425408295418 -33.38201630835122, -70.54396478586315 -33.3818968142407, -70.54401122375151 -33.38181768512948, -70.54430052063506 -33.3819371791389))"
151600251100006,13132041006013,307605,V1313210314,LA LLAVERIA,CALLE,2,5,"[-70.54434163711667, -33.381861092243994]","POLYGON((-70.54434163711667 -33.381861092243994, -70.54430052063506 -33.3819371791389, -70.54400683331886 -33.38182547715468, -70.54404795001174 -33.38174939034995, -70.54434163711667 -33.381861092243994))"
151600251100006,13132041006013,309094,V1313210648,PASAJE LA LLAVERIA,PASAJE,3,5,"[-70.5443827724911, -33.38184687215579]","POLYGON((-70.5443827724911 -33.38184687215579, -70.54434163711667 -33.381861092243994, -70.54421878784274 -33.38161096816909, -70.54425992312268 -33.38159674812387, -70.5443827724911 -33.38184687215579))"
151600251100006,13132041006013,307624,V1313210314,LA LLAVERIA,CALLE,3,5,"[-70.5443827724911, -33.38184687215579]","POLYGON((-70.5443827724911 -33.38184687215579, -70.54434163711667 -33.381861092243994, -70.54421878784274 -33.38161096816909, -70.54425992312268 -33.38159674812387, -70.5443827724911 -33.38184687215579))"
151600251100006,13132041006013,307605,V1313210314,LA LLAVERIA,CALLE,3,5,"[-70.5443827724911, -33.38184687215579]","POLYGON((-70.5443827724911 -33.38184687215579, -70.54434163711667 -33.381861092243994, -70.54421878784274 -33.38161096816909, -70.54425992312268 -33.38159674812387, -70.5443827724911 -33.38184687215579))"
151600251100006,13132041006013,308966,V1313210609,LA LLAVERIA,PASAJE,3,5,"[-70.5443827724911, -33.38184687215579]","POLYGON((-70.5443827724911 -33.38184687215579, -70.54434163711667 -33.381861092243994, -70.54421878784274 -33.38161096816909, -70.54425992312268 -33.38159674812387, -70.5443827724911 -33.38184687215579))"
151600251100006,13132041006013,309094,V1313210648,PASAJE LA LLAVERIA,PASAJE,4,5,"[-70.54453747200931, -33.381902124196536]","POLYGON((-70.54453747200931 -33.381902124196536, -70.5443827724911 -33.38184687215579, -70.54450908049293 -33.38159796353428, -70.54466377963719 -33.38165321543005, -70.54453747200931 -33.381902124196536))"
151600251100007,13132041006013,309128,V1313210664,ROMERAL,PASAJE,1,5,"[-70.54470738245342, -33.38199686818634]","POLYGON((-70.54470738245342 -33.38199686818634, -70.54469132308198 -33.381958017898356, -70.54499598248638 -33.381869380298035, -70.54501204197386 -33.38190823054369, -70.54470738245342 -33.38199686818634))"
151600251100007,13132041006013,309095,V1313210648,PASAJE LA LLAVERIA,PASAJE,1,5,"[-70.54470738245342, -33.38199686818634]","POLYGON((-70.54470738245342 -33.38199686818634, -70.54469132308198 -33.381958017898356, -70.54499598248638 -33.381869380298035, -70.54501204197386 -33.38190823054369, -70.54470738245342 -33.38199686818634))"
151600251100007,13132041006013,309128,V1313210664,ROMERAL,PASAJE,2,5,"[-70.54466981450018, -33.382073001211154]","POLYGON((-70.54466981450018 -33.382073001211154, -70.54470738245342 -33.38199686818634, -70.54500532147975 -33.38210034333929, -70.54496775374913 -33.38217647644691, -70.54466981450018 -33.382073001211154))"
151600251100007,13132041006013,309094,V1313210648,PASAJE LA LLAVERIA,PASAJE,5,5,"[-70.54469132308198, -33.381958017898356]","POLYGON((-70.54469132308198 -33.381958017898356, -70.54453748476524 -33.38190284551943, -70.54466423605 -33.381654095536334, -70.54481807399571 -33.381709267770546, -70.54469132308198 -33.381958017898356))"
151600251100008,13132041006013,309128,V1313210664,ROMERAL,PASAJE,1,4,"[-70.54463049914014, -33.38215366523555]","POLYGON((-70.54463049914014 -33.38215366523555, -70.54466981450018 -33.382073001211154, -70.54496828685114 -33.38217538941045, -70.54492897172848 -33.38225605352154, -70.54463049914014 -33.38215366523555))"
151600251100009,13132041006013,309128,V1313210664,ROMERAL,PASAJE,1,4,"[-70.54459022919127, -33.38223506261113]","POLYGON((-70.54459022919127 -33.38223506261113, -70.54463049914014 -33.38215366523555, -70.54492832552457 -33.382257369465904, -70.5448880558134 -33.38233876693024, -70.54459022919127 -33.38223506261113))"
151600251100010,13132041006013,309128,V1313210664,ROMERAL,PASAJE,1,4,"[-70.54455006664504, -33.38231645863709]","POLYGON((-70.54455006664504 -33.38231645863709, -70.54459022919127 -33.38223506261113, -70.54488817181603 -33.38233853214209, -70.54484800950782 -33.38241992825656, -70.54455006664504 -33.38231645863709))"
151600251100011,13132041006013,309128,V1313210664,ROMERAL,PASAJE,1,4,"[-70.54451076382834, -33.38239784394967]","POLYGON((-70.54451076382834 -33.38239784394967, -70.54455006664504 -33.38231645863709, -70.5448489313693 -33.382418039817345, -70.54480962879319 -33.382499425216615, -70.54451076382834 -33.38239784394967))"
151600251100012,13132041006013,309128,V1313210664,ROMERAL,PASAJE,1,5,"[-70.5444794042466, -33.38246641427367]","POLYGON((-70.5444794042466 -33.38246641427367, -70.54451076382834 -33.38239784394967, -70.5448118264907 -33.38249475004391, -70.54478046711682 -33.382563320437185, -70.5444794042466 -33.38246641427367))"
151600251100012,13132041006013,307090,V1313210199,COSTA AZUL,CALLE,2,5,"[-70.54443826860147, -33.382480634400515]","POLYGON((-70.54443826860147 -33.382480634400515, -70.5444794042466 -33.38246641427367, -70.54460225556046 -33.38271653800107, -70.54456111982083 -33.38273075817091, -70.54443826860147 -33.382480634400515))"
151600251100012,13132041006013,308339,V1313210478,ROMERAL,CALLE,2,5,"[-70.54443826860147, -33.382480634400515]","POLYGON((-70.54443826860147 -33.382480634400515, -70.5444794042466 -33.38246641427367, -70.54460225556046 -33.38271653800107, -70.54456111982083 -33.38273075817091, -70.54443826860147 -33.382480634400515))"
151600251100012,13132041006013,309128,V1313210664,ROMERAL,PASAJE,2,5,"[-70.54443826860147, -33.382480634400515]","POLYGON((-70.54443826860147 -33.382480634400515, -70.5444794042466 -33.38246641427367, -70.54460225556046 -33.38271653800107, -70.54456111982083 -33.38273075817091, -70.54443826860147 -33.382480634400515))"
151600251100012,13132041006013,308336,V1313210478,ROMERAL,CALLE,2,5,"[-70.54443826860147, -33.382480634400515]","POLYGON((-70.54443826860147 -33.382480634400515, -70.5444794042466 -33.38246641427367, -70.54460225556046 -33.38271653800107, -70.54456111982083 -33.38273075817091, -70.54443826860147 -33.382480634400515))"
151600251100012,13132041006013,308339,V1313210478,ROMERAL,CALLE,3,5,"[-70.54427556072604, -33.38242241562026]","POLYGON((-70.54427556072604 -33.38242241562026, -70.54443826860147 -33.382480634400515, -70.54431176285287 -33.382729472760154, -70.54414905458452 -33.38267125382715, -70.54427556072604 -33.38242241562026))"
151600289500019,13132041002001,309186,V1313210683,VITACURA,PASAJE,3,4,"[-70.5419246333895, -33.379710829279006]","POLYGON((-70.5419246333895 -33.379710829279006, -70.54189906668073 -33.379894493620924, -70.5415787913286 -33.379863112528646, -70.54160435870719 -33.379679448232736, -70.5419246333895 -33.379710829279006))"
151600289500020,13132041002001,309186,V1313210683,VITACURA,PASAJE,3,4,"[-70.54195363502554, -33.3795451593052]","POLYGON((-70.54195363502554 -33.3795451593052, -70.5419246333895 -33.379710829279006, -70.54160560435189 -33.37967151918146, -70.5416346065862 -33.37950584926421, -70.54195363502554 -33.3795451593052))"
151600340500005,13132041003002,306032,V1313210039,LAS CONDES,AVENIDA,3,4,"[-70.53311036674252, -33.382684503331255]","POLYGON((-70.53311036674252 -33.382684503331255, -70.53329188511356 -33.38288382494865, -70.53303564610108 -33.383048061188724, -70.53285412794314 -33.382848739194564, -70.53311036674252 -33.382684503331255))"
151600340500005,13132041003002,305735,V1313210012,AVENIDA LAS CONDES,AVENIDA,3,4,"[-70.53311036674252, -33.382684503331255]","POLYGON((-70.53311036674252 -33.382684503331255, -70.53329188511356 -33.38288382494865, -70.53303564610108 -33.383048061188724, -70.53285412794314 -33.382848739194564, -70.53311036674252 -33.382684503331255))"
151600340500005,13132041003002,306039,V1313210039,LAS CONDES,AVENIDA,3,4,"[-70.53311036674252, -33.382684503331255]","POLYGON((-70.53311036674252 -33.382684503331255, -70.53329188511356 -33.38288382494865, -70.53303564610108 -33.383048061188724, -70.53285412794314 -33.382848739194564, -70.53311036674252 -33.382684503331255))"
151600340500007,13132041003002,306032,V1313210039,LAS CONDES,AVENIDA,3,4,"[-70.53285921917934, -33.38241948472222]","POLYGON((-70.53285921917934 -33.38241948472222, -70.533057649875 -33.38262698503846, -70.53280612691026 -33.38279627374627, -70.53260769639496 -33.382588773027116, -70.53285921917934 -33.38241948472222))"
151600340500007,13132041003002,305735,V1313210012,AVENIDA LAS CONDES,AVENIDA,3,4,"[-70.53285921917934, -33.38241948472222]","POLYGON((-70.53285921917934 -33.38241948472222, -70.533057649875 -33.38262698503846, -70.53280612691026 -33.38279627374627, -70.53260769639496 -33.382588773027116, -70.53285921917934 -33.38241948472222))"
151600340500007,13132041003002,306039,V1313210039,LAS CONDES,AVENIDA,3,4,"[-70.53285921917934, -33.38241948472222]","POLYGON((-70.53285921917934 -33.38241948472222, -70.533057649875 -33.38262698503846, -70.53280612691026 -33.38279627374627, -70.53260769639496 -33.382588773027116, -70.53285921917934 -33.38241948472222))"
151600340500013,13132041003002,306049,V1313210039,LAS CONDES,AVENIDA,3,6,"[-70.52960022041187, -33.379433164518495]","POLYGON((-70.52960022041187 -33.379433164518495, -70.52973788730523 -33.379560072109136, -70.5294994111087 -33.37974215858125, -70.52936174425344 -33.37961525072789, -70.52960022041187 -33.379433164518495))"
151600340500013,13132041003002,306050,V1313210039,LAS CONDES,AVENIDA,3,6,"[-70.52960022041187, -33.379433164518495]","POLYGON((-70.52960022041187 -33.379433164518495, -70.52973788730523 -33.379560072109136, -70.5294994111087 -33.37974215858125, -70.52936174425344 -33.37961525072789, -70.52960022041187 -33.379433164518495))"
151600340500013,13132041003002,306049,V1313210039,LAS CONDES,AVENIDA,4,6,"[-70.52937141241482, -33.37916587895967]","POLYGON((-70.52937141241482 -33.37916587895967, -70.52960022041187 -33.379433164518495, -70.52933831551265 -33.379590973622335, -70.52910950786463 -33.37932368757598, -70.52937141241482 -33.37916587895967))"
151600340500013,13132041003002,306050,V1313210039,LAS CONDES,AVENIDA,4,6,"[-70.52937141241482, -33.37916587895967]","POLYGON((-70.52937141241482 -33.37916587895967, -70.52960022041187 -33.379433164518495, -70.52933831551265 -33.379590973622335, -70.52910950786463 -33.37932368757598, -70.52937141241482 -33.37916587895967))"
151600340500015,13132041003005,308190,V1313210437,PAMPLONA,CALLE,1,4,"[-70.52888320194255, -33.378608866460695]","POLYGON((-70.52888320194255 -33.378608866460695, -70.52933738968359 -33.378315488183496, -70.52953409996456 -33.37852984348361, -70.52907991182784 -33.37882322248409, -70.52888320194255 -33.378608866460695))"
151600340500015,13132041003005,306040,V1313210039,LAS CONDES,AVENIDA,2,4,"[-70.52861059103313, -33.37829531273948]","POLYGON((-70.52861059103313 -33.37829531273948, -70.52888320194255 -33.378608866460695, -70.52862269305922 -33.37876829099819, -70.52835008254115 -33.37845473669987, -70.52861059103313 -33.37829531273948))"
151600340500015,13132041003005,306050,V1313210039,LAS CONDES,AVENIDA,2,4,"[-70.52861059103313, -33.37829531273948]","POLYGON((-70.52861059103313 -33.37829531273948, -70.52888320194255 -33.378608866460695, -70.52862269305922 -33.37876829099819, -70.52835008254115 -33.37845473669987, -70.52861059103313 -33.37829531273948))"
