manzent,predios_estrategicos,num_predios_estrategicos,tipo_control,num_combis_consideradas,num_combis_disponibles,num_predios_considerados,num_predios_disponibles
13101011001006,"[131010001600093, 131010001600094]",2,sin_control,1,1,2,2
13101011002003,"[131010020100004, 131010020100005]",2,sin_control,1,1,2,2
13101011005003,"[131010015100111, 131010015100112]",2,sin_control,1,1,2,2
13101021001006,[131010027700002],1,con_control,1,1,1,1
13101021001009,"[131010025300017, 131010025300018]",2,sin_control,1,1,2,2
13101021001014,"[131010023300052, 131010023300053]",2,sin_control,1,1,2,2
13101021003001,"[131010021200005, 131010021200014]",2,sin_control,1,1,2,2
13101021003002,"[131010018800109, 131010018800110]",2,sin_control,1,1,2,2
13101031002004,"[131010023600027, 131010023600028, 131010023600029, 131010023600030]",4,sin_control,1,1,4,4
13101031004002,"[131010016400003, 131010016400004]",2,sin_control,1,1,2,2
13101031007002,"[131010005300012, 131010005300013, 131010005300027, 131010005300028]",4,sin_control,1,1,4,4
13101031007005,[131010004600040],1,con_control,1,1,1,1
13101031007006,"[131010004200049, 131010004200050]",2,sin_control,1,1,2,2
13101041001004,[131340029000025],1,sin_control,14,14,8,8
13101041002006,"[131340042000023, 131340042000024, 131340042000025]",3,sin_control,3,3,5,5
13101041003001,[131010019700026],1,sin_control,8,8,10,10
13101041003003,[131010014500044],1,sin_control,16,16,8,8
13101041004004,[131010016800017],1,con_control,1,1,1,1
13101041004005,[131010014200104],1,con_control,3,3,3,3
13101041005003,"[131010009100011, 131010009100012]",2,sin_control,1,1,2,2
13101041005007,[131010006700024],1,sin_control,5,5,6,6
13101041005011,[131010006200016],1,sin_control,6,6,7,7
13101041005012,"[131010006400008, 131010006400009, 131010006400010]",3,sin_control,3,3,5,5
13101051001002,"[131340044000003, 131340044000004, 131340044000021]",3,sin_control,2,2,4,4
13101051001004,[131340043500005],1,sin_control,7,7,4,4
13101051001006,"[131340046800022, 131340046800023, 131340046800024]",3,sin_control,6,6,8,8
13101051002006,"[131340041300018, 131340041300019, 131340041300020]",3,sin_control,1,1,3,3
13101051002015,[131340044800002],1,sin_control,5,5,3,3
13101051002017,"[131340044700002, 131340044700003]",2,sin_control,2,2,4,4
13101051002018,"[131340044400032, 131340044400033, 131340044400034, 131340044400035]",4,sin_control,3,3,6,6
13101051002019,[131340044300011],1,sin_control,14,14,13,13
13101051002022,"[131340047500017, 131340047500018, 131340047500019]",3,sin_control,7,7,11,11
13101051002024,[131340047800018],1,sin_control,18,18,11,11
13101051003009,"[131340040900026, 131340040900027, 131340040900028, 131340040900029]",4,sin_control,5,5,7,7
13101071001012,[131340007600010],1,con_control,3,3,3,3
13101071001013,"[131340007800009, 131340007800010]",2,sin_control,2,2,3,3
13101071001014,"[131340008800010, 131340008800016, 131340008800017, 131340008800019]",4,sin_control,4,4,8,8
13101071001015,"[131340008700005, 131340008700006]",2,sin_control,1,1,2,2
13101071002003,[131340011500027],1,sin_control,24,24,11,11
13101071002012,"[131340014800008, 131340014800009]",2,sin_control,4,4,9,9
13101071002014,"[131340017700007, 131340017700008]",2,sin_control,1,1,2,2
13101071002017,[131340017200008],1,sin_control,4,4,4,4
13101071002020,"[131340020800021, 131340020800024, 131340020800025, 131340020800026, 131340020800028]",5,sin_control,3,3,11,11
13101071003002,[131340020200043],1,con_control,3,3,4,4
13101081002009,"[131340016700004, 131340016700013, 131340016700014, 131340016700015, 131340016700016, 131340016700017]",6,sin_control,2,2,7,7
13101081002010,[131340016800007],1,sin_control,5,5,3,3
13101081002011,"[131340016900005, 131340016900006]",2,sin_control,2,2,3,3
13101081002012,[131340017000012],1,sin_control,7,7,11,11
13101081002013,"[131340017100002, 131340017100003, 131340017100004]",3,sin_control,1,1,3,3
13101081002014,"[131340020100038, 131340020100041, 131340020100042, 131340020100043]",4,sin_control,4,4,8,8
13101081002016,"[131340019900034, 131340019900035, 131340019900036, 131340019900037]",4,sin_control,4,4,7,7
13101081004005,[131340011100016],1,sin_control,8,8,10,10
13101081004008,[131340010800034],1,con_control,2,2,2,2
13101091002003,"[131010026400008, 131010026400009]",2,sin_control,1,1,2,2
13101091002007,[131010024400050],1,sin_control,5,5,4,4
13101091003001,[131340019500041],1,con_control,3,3,3,3
13101091004006,"[131340009900016, 131340009900017]",2,sin_control,5,5,7,7
13101091004019,"[131340016000001, 131340016000002]",2,sin_control,3,3,5,5
13101101002001,"[131010034700042, 131010034700043]",2,sin_control,2,2,4,4
13101101004001,"[131010042400011, 131010042400012, 131010042400022]",3,sin_control,1,1,3,3
13101101007002,[131010058000020],1,con_control,10,10,9,9
13101101010001,"[131010067500001, 131010067500032, 131010067500033]",3,sin_control,1,1,3,3
13101101010003,"[131010067200035, 131010067200036, 131010067200037]",3,sin_control,3,3,11,11
13101111007001,"[131010059300025, 131010059300026, 131010059300029, 131010059300030, 131010059300031, 131010059300032]",6,sin_control,2,2,8,8
13101111008001,"[131010062600015, 131010062600016]",2,sin_control,6,6,6,6
13101111008003,"[131010069200004, 131010069200005]",2,sin_control,1,1,2,2
13101111009002,[131010069000013],1,con_control,3,3,3,3
13101111009003,[131010068800005],1,sin_control,25,25,16,16
13101111009004,[131010068500004],1,sin_control,8,8,9,9
13101111009005,"[131010068600013, 131010068600014, 131010068600015, 131010068600016]",4,sin_control,2,2,5,5
13101111011001,"[131010058900017, 131010058900033]",2,sin_control,1,1,2,2
13101111011002,[131010061900007],1,sin_control,16,16,10,10
13101111012002,[131010046000008],1,con_control,3,3,3,3
13101111012004,"[131010046300001, 131010046300002, 131010046300026]",3,sin_control,1,1,3,3
13101111012005,"[131010046300073, 131010046300075]",2,sin_control,2,2,4,4
13101111015001,"[131010042500012, 131010042500013]",2,sin_control,1,1,2,2
13101111016001,"[131010045700007, 131010045700008, 131010045700009, 131010045700026]",4,sin_control,3,3,6,6
13101111018001,[131010058700022],1,sin_control,6,6,4,4
13101111018002,"[131010061700035, 131010061700036, 131010061700037, 131010061700054]",4,sin_control,1,1,4,4
13101111019003,"[131010068200003, 131010068200004]",2,sin_control,1,1,2,2
13101111019005,[131010067600002],1,sin_control,4,4,5,5
13101111019006,"[131010067700011, 131010067700012]",2,sin_control,6,6,10,10
13101121001004,[131010033700047],1,con_control,1,1,1,1
13101121001005,"[131010033500007, 131010033500008, 131010033500009]",3,sin_control,1,1,3,3
13101121001011,[131010037300024],1,sin_control,2,2,2,2
13101121002003,"[131010043400081, 131010043400082]",2,sin_control,1,1,2,2
13101121002005,"[131010047800004, 131010047800005]",2,sin_control,1,1,2,2
13101121004007,"[131010070400009, 131010070400010]",2,sin_control,2,2,5,5
13101121005005,[131010069900004],1,sin_control,21,21,14,14
13101121006001,"[131010052900021, 131010052900023, 131010052900024]",3,sin_control,1,1,3,3
13101121006002,"[131010059700012, 131010059700013]",2,sin_control,2,2,3,3
13101121007003,[131010052600008],1,sin_control,5,5,7,7
13101121008001,"[131010047200004, 131010047200005]",2,sin_control,1,1,2,2
13101131003001,"[131010048800005, 131010048800006]",2,sin_control,1,1,2,2
13101131007003,"[131010044500015, 131010044500016]",2,sin_control,1,1,2,2
13101131007004,"[131010044800015, 131010044800016]",2,sin_control,2,2,4,4
13101131007006,"[131010049600006, 131010049600007, 131010049600008]",3,sin_control,2,2,4,4
13101131007008,[131010049400011],1,sin_control,3,3,6,6
13101131007009,[131010049800001],1,con_control,2,2,2,2
13101131007011,[131010054500016],1,con_control,2,2,2,2
13101131009003,"[131010049200004, 131010049200005, 131010049200006]",3,sin_control,2,2,5,5
13101141001002,[131350279200018],1,sin_control,5,5,9,9
13101141001003,"[131350278800005, 131350278800006]",2,sin_control,6,6,8,8
13101141001004,"[131350278600046, 131350278600047]",2,sin_control,1,1,2,2
13101141001005,[131350278400026],1,sin_control,7,7,18,18
13101141001006,"[131350278200019, 131350278200020, 131350278200021, 131350278200022, 131350278200023, 131350278200024]",6,sin_control,2,2,7,7
13101141001007,"[131350278300006, 131350278300007]",2,sin_control,6,6,13,13
13101141001008,[131350278700008],1,sin_control,7,7,11,11
13101141001009,[131350278700038],1,sin_control,14,14,6,6
13101141001010,[131350279000010],1,con_control,11,11,9,9
13101141001011,"[131350279300023, 131350279300024, 131350279300025, 131350279300026, 131350279300027]",5,sin_control,1,1,5,5
13101141001012,[131350278900025],1,sin_control,4,4,4,4
13101141001014,"[131350285800010, 131350285800011, 131350285800028, 131350285800035]",4,sin_control,2,2,10,10
13101141001015,[131350285700028],1,sin_control,14,14,16,16
13101141001016,[131350285000007],1,sin_control,28,28,26,26
13101141001017,"[131350284700024, 131350284700025, 131350284700026, 131350284700027]",4,sin_control,4,4,9,9
13101141001018,"[131350284900005, 131350284900006, 131350284900007]",3,sin_control,5,5,10,10
13101141001019,"[131350285100006, 131350285100007, 131350285100008]",3,sin_control,4,4,9,9
13101141001022,"[131350285600003, 131350285600005, 131350285600006, 131350285600007, 131350285600008, 131350285600014]",6,sin_control,2,2,8,8
13101141001023,[131350285900023],1,sin_control,4,4,6,6
13101141001024,"[131350286100003, 131350286100004]",2,sin_control,1,1,2,2
13101141002001,[131350277900007],1,sin_control,11,11,18,18
13101141002006,[131350277500008],1,con_control,4,4,4,4
13101141002007,"[131350277800005, 131350277800006]",2,sin_control,4,4,7,7
13101141002008,[131350278000009],1,sin_control,30,30,18,18
13101141002013,"[131350283900016, 131350283900017, 131350283900018, 131350283900034, 131350283900035]",5,sin_control,1,1,5,5
13101141002014,"[131350284000006, 131350284000007]",2,sin_control,1,1,2,2
13101141002015,[131350284500019],1,sin_control,20,20,17,17
13101141003001,[131350283500037],1,sin_control,22,22,11,11
13101141003002,"[131350283300005, 131350283300021]",2,sin_control,5,5,8,8
13101141003003,[131350283600013],1,sin_control,7,7,11,11
13101141003005,"[131350283200001, 131350283200012, 131350283200013]",3,sin_control,2,2,7,7
13101141003006,"[131350283400001, 131350283400003, 131350283400013]",3,sin_control,2,2,4,4
13101141003008,"[131350283800009, 131350283800010, 131350283800011]",3,sin_control,1,1,3,3
13101151001003,"[131350280100071, 131350280100072, 131350280100073]",3,sin_control,1,1,3,3
13101151001005,"[131350279900006, 131350279900007]",2,sin_control,2,2,3,3
13101151001006,[131350279500020],1,sin_control,11,11,9,9
13101151001007,[131350279600102],1,sin_control,8,8,10,10
13101151001008,[131350280000033],1,sin_control,11,11,15,15
13101151001009,[131350280200006],1,sin_control,12,12,9,9
13101151001010,[131350280400003],1,sin_control,4,4,5,5
13101151001011,"[131350280600008, 131350280600009]",2,sin_control,2,2,8,8
13101151001013,[131350287100006],1,sin_control,6,6,11,11
13101151001014,"[131350286900011, 131350286900012, 131350286900013, 131350286900014, 131350286900015]",5,sin_control,1,1,5,5
13101151001015,[131350286600026],1,sin_control,5,5,7,7
13101151001016,"[131350286400015, 131350286400016, 131350286400017, 131350286400018, 131350286400019, 131350286400020, 131350286400021, 131350286400022, 131350286400023, 131350286400024, 131350286400025]",11,sin_control,1,1,11,11
13101151001017,"[131350286500004, 131350286500005]",2,sin_control,5,5,14,14
13101151001018,"[131350286700009, 131350286700010]",2,sin_control,3,3,7,7
13101151001019,[131350286800009],1,sin_control,8,8,9,9
13101151001020,[131350287000007],1,sin_control,9,9,10,10
13101151001021,[131350287200019],1,con_control,2,2,2,2
13101151002003,"[131350282000016, 131350282000017, 131350282000018, 131350282000019, 131350282000020, 131350282000021]",6,sin_control,3,3,9,9
13101151002004,"[131350281900007, 131350281900008, 131350281900009, 131350281900010, 131350281900011, 131350281900013]",6,sin_control,1,1,6,6
13101151002005,[131350282100028],1,sin_control,5,5,5,5
13101151002006,"[131350289100009, 131350289100010]",2,sin_control,1,1,2,2
13101151002007,[131350288800003],1,con_control,3,3,4,4
13101151002008,"[131350288900091, 131350288900092]",2,sin_control,4,4,8,8
13101151003002,"[131350281800005, 131350281800006]",2,sin_control,3,3,5,5
13101151003006,[131350281300005],1,sin_control,26,26,17,17
13101151003009,[131350281700020],1,sin_control,24,24,14,14
13101151003010,"[131350288600030, 131350288600031]",2,sin_control,6,6,14,14
13101151003011,"[131350288400022, 131350288400023, 131350288400024]",3,sin_control,4,4,7,7
13101151003014,"[131350288500006, 131350288500007, 131350288500009]",3,sin_control,4,4,8,8
13101151003015,"[131350288700006, 131350288700007]",2,sin_control,2,2,6,6
13101151004003,"[131350280800002, 131350280800003]",2,sin_control,4,4,7,7
13101151004010,"[131350287700108, 131350287700109, 131350287700110, 131350287700111]",4,sin_control,1,1,4,4
13101161001002,"[131350300300012, 131350300300024]",2,sin_control,2,2,3,3
13101161001003,"[131350300200060, 131350300200061, 131350300200062, 131350300200063, 131350300200064, 131350300200067]",6,sin_control,1,1,6,6
13101161001004,"[131350303200018, 131350303200019, 131350303200020, 131350303200038, 131350303200039, 131350303200040]",6,sin_control,2,2,7,7
13101161002001,"[131350304100006, 131350304100030]",2,sin_control,7,7,21,21
13101161002002,"[131350304000011, 131350304000012]",2,sin_control,3,3,8,8
13101161002003,"[131350303800026, 131350303800027]",2,sin_control,2,2,3,3
13101161002004,[131350309200022],1,sin_control,5,5,12,12
13101161002005,[131350309300005],1,sin_control,19,19,19,19
13101161002007,"[131350312900002, 131350312900003, 131350312900004, 131350312900005]",4,sin_control,4,4,15,15
13101161002008,[131350313000020],1,sin_control,7,7,12,12
13101161002009,[131350313100021],1,sin_control,27,27,18,18
13101161002010,[131350313200022],1,sin_control,13,13,23,23
13101161002011,[131350313300003],1,sin_control,24,24,26,26
13101161002012,"[131350313400004, 131350313400005]",2,sin_control,12,12,14,14
13101161002013,"[131350316500005, 131350316500015]",2,sin_control,6,6,11,11
13101161002014,[131350316400005],1,con_control,7,7,9,9
13101161002015,"[131350316300010, 131350316300011]",2,sin_control,6,6,19,19
13101161002016,[131350316200016],1,con_control,14,14,12,12
13101161002017,[131350316100016],1,sin_control,13,13,14,14
13101161002018,[131350316000006],1,sin_control,24,24,15,15
13101161002019,[131350339400005],1,sin_control,10,10,19,19
13101161002020,[131350339800011],1,sin_control,22,22,14,14
13101161002021,[131350340200013],1,sin_control,44,44,29,29
13101161002022,[131350340600034],1,sin_control,28,28,23,23
13101161002023,[131350341000034],1,sin_control,7,7,10,10
13101161002024,[131350341400028],1,sin_control,26,26,23,23
13101161002025,"[131350341800008, 131350341800009, 131350341800010, 131350341800011]",4,sin_control,2,2,5,5
13101161002026,"[131350342000001, 131350342000002, 131350342000013, 131350342000014, 131350342000015]",5,sin_control,1,1,5,5
13101161002027,"[131350341600003, 131350341600004, 131350341600005]",3,sin_control,6,6,13,13
13101161002028,[131350341200006],1,sin_control,14,14,14,14
13101161002029,"[131350340800016, 131350340800017, 131350340800018]",3,sin_control,4,4,11,11
13101161002030,[131350340400007],1,con_control,8,8,12,12
13101161002031,"[131350340000021, 131350340000022, 131350340000023]",3,sin_control,3,3,5,5
13101161002032,[131350339700013],1,sin_control,12,12,21,21
13101161002033,"[131350340100023, 131350340100024, 131350340100025, 131350340100026]",4,sin_control,3,3,6,6
13101161002034,[131350340500008],1,sin_control,6,6,12,12
13101161002035,"[131350340900002, 131350340900003, 131350340900004, 131350340900005, 131350340900006]",5,sin_control,1,1,5,5
13101161002036,[131350341300023],1,sin_control,25,25,20,20
13101161002037,[131350341700005],1,sin_control,27,27,23,23
13101161003001,[131350315800022],1,sin_control,50,74,48,58
13101161003002,"[131350315700025, 131350315700026]",2,sin_control,4,4,7,7
13101161003003,[131350338800011],1,sin_control,11,11,17,17
13101161003004,"[131350339200025, 131350339200026]",2,sin_control,7,7,16,16
13101171001003,"[131350301500005, 131350301500006, 131350301500028]",3,sin_control,1,1,3,3
13101171001005,"[131350301300002, 131350301300003, 131350301300004, 131350301300005]",4,sin_control,3,3,12,12
13101171001008,"[131350300900003, 131350300900004, 131350300900005, 131350300900006]",4,sin_control,3,3,14,14
13101171001009,[131350300800007],1,sin_control,26,26,18,18
13101171001010,"[131350300700004, 131350300700005, 131350300700006]",3,sin_control,6,6,11,11
13101171001011,"[131350300600006, 131350300600007]",2,sin_control,4,4,8,8
13101171001012,[131350300500027],1,sin_control,18,18,16,16
13101171001013,[131350304200031],1,sin_control,17,17,15,15
13101171001014,"[131350304300023, 131350304300024]",2,sin_control,10,10,14,14
13101171001015,"[131350304400005, 131350304400023]",2,sin_control,9,9,22,22
13101171001016,[131350304500022],1,sin_control,8,8,12,12
13101171001017,[131350304600010],1,sin_control,50,51,32,32
13101171001018,"[131350304700033, 131350304700034, 131350304700035, 131350304700036]",4,sin_control,5,5,17,17
13101171001019,"[131350304800027, 131350304800028, 131350304800029]",3,sin_control,5,5,7,7
13101171001020,[131350304900012],1,sin_control,39,39,18,18
13101171001029,[131350310600002],1,sin_control,39,39,21,21
13101171001037,"[131350310400001, 131350310400002, 131350310400003, 131350310400004, 131350310400005]",5,sin_control,1,1,5,5
13101171001038,"[131350307300001, 131350307300002, 131350307300003, 131350307300004]",4,sin_control,3,3,6,6
13101171001039,[131350307200015],1,sin_control,8,8,9,9
13101171001043,[131350310200017],1,sin_control,12,12,8,8
13101171001044,[131350307100021],1,con_control,9,9,12,12
13101171001045,[131350307000006],1,sin_control,5,5,16,16
13101171001046,[131350310100010],1,sin_control,27,27,19,19
13101171001047,[131350306900036],1,sin_control,50,57,30,32
13101171001048,[131350306800004],1,sin_control,50,66,35,40
13101171001049,[131350306700004],1,sin_control,50,76,33,39
13101171001050,[131350306600012],1,sin_control,21,21,21,21
13101171001051,[131350306500017],1,sin_control,50,51,35,35
13101171001052,[131350306400006],1,sin_control,28,28,27,27
13101171002001,"[131350314200019, 131350314200020]",2,sin_control,6,6,14,14
13101171002004,"[131350313900001, 131350313900017, 131350313900018, 131350313900019]",4,sin_control,1,1,4,4
13101171002007,[131350313800001],1,sin_control,5,5,6,6
13101171002014,"[131350317400027, 131350317400028, 131350317400029, 131350317400030, 131350317400031, 131350317400032, 131350317400033, 131350317400034]",8,sin_control,3,3,10,10
13101171002017,[131350345000006],1,sin_control,13,13,15,15
13101171002018,[131350344600019],1,sin_control,8,8,10,10
13101171002019,[131350344200004],1,sin_control,14,14,6,6
13101171003001,"[131350313700004, 131350313700005, 131350313700012, 131350313700013, 131350313700014]",5,sin_control,3,3,7,7
13101171003002,[131350313600006],1,sin_control,26,26,21,21
13101171003003,[131350313500019],1,sin_control,18,18,17,17
13101171003004,[131350316600012],1,sin_control,22,22,17,17
13101171003005,[131350316700013],1,sin_control,22,22,17,17
13101171003006,[131350316800017],1,sin_control,14,14,16,16
13101171003007,"[131350316900005, 131350316900006, 131350316900007, 131350316900008]",4,sin_control,1,1,4,4
13101171003008,"[131350343200021, 131350343200022]",2,sin_control,4,4,13,13
13101171003009,[131350342800008],1,sin_control,19,19,19,19
13101171003010,[131350342400005],1,sin_control,50,79,33,34
13101171003011,[131350342100010],1,sin_control,25,25,26,26
13101171003012,"[131350342200001, 131350342200004, 131350342200005, 131350342200013, 131350342200014, 131350342200015, 131350342200016, 131350342200017, 131350342200018]",9,sin_control,1,1,9,9
13101171003013,"[131350342600007, 131350342600008, 131350342600019, 131350342600020]",4,sin_control,1,1,4,4
13101171003014,"[131350343000013, 131350343000014, 131350343000015, 131350343000016]",4,sin_control,3,3,10,10
13101171003016,"[131350343800004, 131350343800005, 131350343800006, 131350343800016, 131350343800017]",5,sin_control,2,2,15,15
13101171003017,"[131350343900001, 131350343900002, 131350343900003, 131350343900014, 131350343900015, 131350343900016]",6,sin_control,3,3,12,12
13101171003018,"[131350344400005, 131350344400006]",2,sin_control,1,1,2,2
13101171003019,"[131350344800006, 131350344800015]",2,sin_control,6,6,7,7
13101171003020,[131350345200007],1,sin_control,11,11,18,18
13101171003021,"[131350345500023, 131350345500024, 131350345500025]",3,sin_control,4,4,12,12
13101171003024,[131350345300013],1,sin_control,8,8,9,9
13101171003025,"[131350344900004, 131350344900013]",2,sin_control,2,2,4,4
13101171003026,[131350344500009],1,sin_control,12,12,15,15
13101171003028,"[131350344000008, 131350344000009, 131350344000010, 131350344000011, 131350344000012, 131350344000026]",6,sin_control,2,2,16,16
13101171003030,[131350343100006],1,con_control,9,9,8,8
13101171003031,"[131350342700003, 131350342700004, 131350342700005, 131350342700006]",4,sin_control,3,3,6,6
13101171003032,[131350342300008],1,sin_control,16,16,14,14
13101181001002,[131350302000016],1,sin_control,5,5,6,6
13101181001004,"[131350301800010, 131350301800011]",2,sin_control,8,8,16,16
13101181001006,"[131350310800010, 131350310800011]",2,sin_control,2,2,8,8
13101181001008,[131350311000005],1,sin_control,10,10,13,13
13101181001009,[131350307900018],1,sin_control,50,104,36,38
13101181001010,[131350308000020],1,sin_control,43,43,21,21
13101181001011,[131350308100076],1,sin_control,9,9,11,11
13101181001014,"[131350311300009, 131350311300010, 131350311300011]",3,sin_control,6,6,11,11
13101181002001,[131350314600019],1,sin_control,36,36,25,25
13101181002002,[131350314500006],1,sin_control,13,13,13,13
13101181002003,Int64[],0,sin_control,48,48,50,50
13101181002004,[131350314300014],1,sin_control,50,83,35,46
13101181002005,"[131350346700006, 131350346700008]",2,sin_control,2,2,3,3
13101181002007,[131350347000071],1,sin_control,47,47,26,26
13101181002009,[131350347200021],1,sin_control,27,27,19,19
13101181002010,[131350346800009],1,sin_control,7,7,12,12
13101181002011,[131350346400002],1,sin_control,6,6,12,12
13101181002013,[131350345900019],1,sin_control,8,8,20,20
13101181002014,[131350346600007],1,con_control,5,5,6,6
13101181002015,[131350346900021],1,sin_control,6,6,11,11
13101181002016,[131350347300030],1,con_control,6,6,5,5
13101191001002,"[131350302700012, 131350302700013, 131350302700014]",3,sin_control,4,4,7,7
13101191001003,"[131350302600023, 131350302600024]",2,sin_control,5,5,11,11
13101191001004,[131350302500031],1,con_control,5,5,7,7
13101191001005,"[131350302400015, 131350302400016, 131350302400017, 131350302400018, 131350302400019, 131350302400020]",6,sin_control,1,1,6,6
13101191001010,"[131350308300007, 131350308300008]",2,sin_control,3,3,7,7
13101191001011,[131350308400008],1,sin_control,12,12,9,9
13101191001012,[131350308500022],1,sin_control,5,5,13,13
13101191001013,"[131350308600004, 131350308600005, 131350308600006]",3,sin_control,7,7,13,13
13101191001014,[131350308700036],1,sin_control,6,6,5,5
13101191001015,[131350308800015],1,con_control,3,3,5,5
13101191001021,[131350312100016],1,sin_control,50,61,29,30
13101191001022,[131350311900007],1,sin_control,31,31,23,23
13101191001025,"[131350311600001, 131350311600002]",2,sin_control,1,1,2,2
13101191001026,[131350311500030],1,sin_control,13,13,11,11
13101191002001,[131350315500006],1,sin_control,9,9,6,6
13101191002004,"[131350312600003, 131350312600004]",2,sin_control,2,2,5,5
13101191002005,[131350315300004],1,sin_control,9,9,12,12
13101191002006,"[131350315200006, 131350315200038]",2,sin_control,2,2,6,6
13101191002007,"[131350348300004, 131350348300005]",2,sin_control,4,4,6,6
13101191002008,[131350348700042],1,con_control,9,9,7,7
13101191002009,"[131350349000038, 131350349000039, 131350349000040]",3,sin_control,2,2,4,4
13101191002010,[131350318600024],1,sin_control,12,12,16,16
13101191002011,[131350318700007],1,con_control,1,1,1,1
13101191002013,[131350349400026],1,sin_control,10,10,16,16
13101191002014,"[131350349400031, 131350349400032, 131350349400033, 131350349400058]",4,sin_control,1,1,4,4
13101191002015,[131350376300016],1,sin_control,8,8,15,15
13101191002017,[131350349300003],1,sin_control,15,15,20,20
13101191002018,[131350349200011],1,sin_control,17,17,22,22
13101191002021,[131350348500033],1,sin_control,16,16,19,19
13101191003001,"[131350315100016, 131350315100017, 131350315100018, 131350315100019, 131350315100055]",5,sin_control,1,1,5,5
13101191003002,"[131350315000030, 131350315000031]",2,sin_control,12,12,17,17
13101191003003,"[131350314900038, 131350314900039, 131350314900040]",3,sin_control,1,1,3,3
13101191003004,[131350314900046],1,sin_control,8,8,4,4
13101191003005,[131350347400124],1,con_control,2,2,3,3
13101191003006,[131350347700017],1,sin_control,17,17,32,32
13101191003007,"[131350348000002, 131350348000003, 131350348000004]",3,sin_control,4,4,11,11
13101191003008,[131350348200023],1,sin_control,2,2,5,5
13101191003009,[131350347600020],1,sin_control,7,7,14,14
13101201001001,[131350363700020],1,sin_control,19,19,20,20
13101201001002,[131350363300027],1,sin_control,34,34,26,26
13101201001003,"[131350362900026, 131350362900027, 131350362900028]",3,sin_control,6,6,7,7
13101201001004,[131350362600024],1,con_control,11,11,10,10
13101201001005,[131350362200021],1,sin_control,18,18,17,17
13101201001006,"[131350361800026, 131350361800027]",2,sin_control,3,3,6,6
13101201001007,[131350361400007],1,sin_control,17,17,15,15
13101201001008,[131350360600006],1,sin_control,10,10,16,16
13101201001010,[131350360700060],1,sin_control,24,24,30,30
13101201001011,[131350361200025],1,sin_control,24,24,26,26
13101201001012,[131350361500012],1,sin_control,38,38,25,25
13101201001013,"[131350361900011, 131350361900012, 131350361900013, 131350361900025, 131350361900026]",5,sin_control,4,4,11,11
13101201001014,[131350362300003],1,sin_control,23,23,28,28
13101201001015,[131350362700036],1,sin_control,50,58,32,32
13101201001016,[131350363000031],1,sin_control,50,57,32,32
13101201001017,[131350363400009],1,sin_control,50,57,30,30
13101201001018,"[131350363800004, 131350363800005, 131350363800006]",3,sin_control,8,8,17,17
13101201001019,"[131350363900004, 131350363900005, 131350363900006]",3,sin_control,5,5,7,7
13101201001020,"[131350363500005, 131350363500006]",2,sin_control,15,15,18,18
13101201001021,"[131350363100003, 131350363100009]",2,sin_control,1,1,2,2
13101201001022,"[131350362800001, 131350362800002, 131350362800008, 131350362800009, 131350362800010, 131350362800011, 131350362800012]",7,sin_control,3,3,11,11
13101201001023,[131350362400003],1,sin_control,11,11,16,16
13101201001024,[131350362000016],1,sin_control,14,14,19,19
13101201001025,"[131350361600010, 131350361600011, 131350361600024, 131350361600025]",4,sin_control,5,5,12,12
13101201001026,[131350361300021],1,sin_control,10,10,12,12
13101201001027,[131350361000013],1,sin_control,7,7,16,16
13101201002002,"[131350369200001, 131350369200004, 131350369200005]",3,sin_control,1,1,3,3
13101201002004,"[131350368400006, 131350368400008]",2,sin_control,7,7,9,9
13101201002005,"[131350367700024, 131350367700025]",2,sin_control,1,1,2,2
13101201002007,"[131350366500006, 131350366500007, 131350366500008, 131350366500017]",4,sin_control,1,1,4,4
13101201002017,"[131350364600005, 131350364600006, 131350364600007]",3,sin_control,3,3,6,6
13101201002020,"[131350366100018, 131350366100019]",2,sin_control,8,8,12,12
13101201002023,"[131350367200003, 131350367200004, 131350367200005, 131350367200006, 131350367200007, 131350367200008]",6,sin_control,2,2,14,14
13101201002024,Int64[],0,sin_control,50,50,34,34
13101201002025,[131350368500020],1,sin_control,30,30,14,14
13101201002028,[131350370600006],1,sin_control,50,50,30,30
13101201002029,[131350370500003],1,sin_control,29,29,16,16
13101201002030,[131350370400021],1,sin_control,26,26,25,25
13101201002031,[131350369600002],1,sin_control,32,32,26,26
13101201002032,[131350369500010],1,sin_control,20,20,14,14
13101201002033,[131350369400002],1,sin_control,17,17,18,18
13101201003001,[131350369700009],1,sin_control,12,12,11,11
13101201003002,"[131350368700008, 131350368700009, 131350368700010, 131350368700011, 131350368700012, 131350368700013, 131350368700014, 131350368700015, 131350368700016, 131350368700017]",10,sin_control,1,1,10,10
13101201003003,[131350368100025],1,sin_control,13,13,12,12
13101201003004,[131350366800033],1,sin_control,16,16,20,20
13101201003005,[131350366200007],1,sin_control,6,6,9,9
13101201003006,[131350365700022],1,sin_control,16,16,15,15
13101201003007,[131350365200007],1,sin_control,14,14,9,9
13101201003008,"[131350364700027, 131350364700028]",2,sin_control,15,15,10,10
13101201003009,"[131350364200018, 131350364200019, 131350364200020, 131350364200021, 131350364200022, 131350364200023]",6,sin_control,1,1,6,6
13101201003011,"[131350364800025, 131350364800026, 131350364800027]",3,sin_control,6,6,7,7
13101201003013,"[131350365800006, 131350365800007, 131350365800025, 131350365800026]",4,sin_control,2,2,8,8
13101201003015,[131350366900027],1,sin_control,12,12,14,14
13101201003016,[131350367500005],1,sin_control,37,37,25,25
13101201003017,[131350368200011],1,sin_control,5,5,13,13
13101201003018,[131350368800025],1,con_control,4,4,10,10
13101201003019,"[131350369800001, 131350369800002, 131350369800003, 131350369800004, 131350369800005, 131350369800006, 131350369800015, 131350369800016, 131350369800018, 131350369800019]",10,sin_control,1,1,10,10
13101201003020,[131350369900001],1,sin_control,8,8,14,14
13101201003021,[131350370100017],1,sin_control,7,7,12,12
13101201003022,[131350370000006],1,sin_control,7,7,16,16
13101201003023,[131350369000006],1,sin_control,30,30,22,22
13101201003024,[131350368900017],1,sin_control,15,15,12,12
13101201003025,"[131350368300008, 131350368300017]",2,sin_control,6,6,16,16
13101201003026,"[131350367600041, 131350367600042]",2,sin_control,4,4,7,7
13101201003029,"[131350365900002, 131350365900003, 131350365900004, 131350365900005]",4,sin_control,3,3,6,6
13101201003030,"[131350365400016, 131350365400017, 131350365400018, 131350365400019, 131350365400020]",5,sin_control,1,1,5,5
13101201003031,"[131350364900003, 131350364900004, 131350364900005, 131350364900006]",4,sin_control,3,3,6,6
13101211001002,"[131350377500006, 131350377500007]",2,sin_control,1,1,2,2
13101211001003,"[131350376900025, 131350376900026, 131350376900027]",3,sin_control,2,2,7,7
13101211001004,[131350349600032],1,sin_control,15,15,18,18
13101211001005,[131350375500029],1,sin_control,42,42,24,24
13101211001007,"[131350374100001, 131350374100021]",2,sin_control,3,3,9,9
13101211001009,[131350373300008],1,sin_control,11,11,20,20
13101211001010,[131350372600003],1,sin_control,10,10,10,10
13101211001011,[131350371900024],1,sin_control,5,5,7,7
13101211001013,[131350370900006],1,sin_control,16,16,10,10
13101211001015,"[131350371200004, 131350371200005, 131350371200006, 131350371200007]",4,sin_control,1,1,4,4
13101211001016,"[131350371000008, 131350371000009, 131350371000010, 131350371000011]",4,sin_control,1,1,4,4
13101211001017,"[131350372000011, 131350372000013, 131350372000014, 131350372000048]",4,sin_control,3,3,9,9
13101211001019,"[131350373400007, 131350373400008, 131350373400009, 131350373400010, 131350373400011]",5,sin_control,4,4,12,12
13101211001020,[131350374200023],1,sin_control,11,11,19,19
13101211001021,[131350375600030],1,sin_control,10,10,17,17
13101211001022,[131350377000011],1,sin_control,5,5,8,8
13101211001023,[131350377600031],1,sin_control,29,29,23,23
13101211001026,"[131350375700005, 131350375700006, 131350375700007]",3,sin_control,1,1,3,3
13101211001027,[131350374700065],1,sin_control,32,32,29,29
13101211001028,[131350374300008],1,sin_control,10,10,17,17
13101211001029,[131350373600125],1,con_control,4,4,8,8
13101211001030,[131350372800007],1,sin_control,17,17,13,13
13101211001031,[131350372100005],1,sin_control,12,12,10,10
13101211002011,[131350374400096],1,con_control,3,3,5,5
13101211002015,[131350371400042],1,sin_control,5,5,12,12
13101211002017,[131350371600016],1,sin_control,45,45,20,20
13101211002018,"[131350371700022, 131350371700023, 131350371700024, 131350371700025, 131350371700026, 131350371700027, 131350371700028, 131350371700029]",8,sin_control,1,1,8,8
13101211002020,[131350373900005],1,sin_control,5,5,5,5
13101221001002,"[131350380500005, 131350380500006]",2,sin_control,10,10,14,14
13101221001003,[131350380000003],1,con_control,2,2,2,2
13101221001004,[131350379600013],1,sin_control,43,43,11,11
13101221001006,[131350378600012],1,sin_control,22,22,20,20
13101221001009,"[131350378200024, 131350378200025, 131350378200026, 131350378200027]",4,sin_control,3,3,6,6
13101221001010,"[131350378700008, 131350378700009]",2,sin_control,4,4,6,6
13101261001004,[131340056700078],1,sin_control,9,9,6,6
13101261001005,[131340056600001],1,con_control,1,1,1,1
13101261001006,"[131340056500010, 131340056500011]",2,sin_control,1,1,2,2
13101261001013,[131340063800005],1,sin_control,16,16,11,11
13101261001017,"[131340078600006, 131340078600007, 131340078600008]",3,sin_control,1,1,3,3
13101261001018,"[131340078500007, 131340078500008, 131340078500009, 131340078500010]",4,sin_control,2,2,5,5
13101261001019,"[131340078200023, 131340078200024]",2,sin_control,1,1,2,2
13101261001022,"[131340080600003, 131340080600004]",2,sin_control,1,1,2,2
13101261001023,[131340080700026],1,sin_control,10,10,16,16
13101261001026,[131340083900031],1,sin_control,21,21,26,26
13101261001028,"[131340083700001, 131340083700002, 131340083700003]",3,sin_control,3,3,8,8
13101261001029,"[131340083600007, 131340083600008, 131340083600009, 131340083600028]",4,sin_control,1,1,4,4
13101261001030,[131340083500014],1,sin_control,7,7,8,8
13101261001035,"[131340086700039, 131340086700040, 131340086700041]",3,sin_control,1,1,3,3
13101261001036,[131340086900054],1,sin_control,15,15,9,9
13101261001037,"[131340089700001, 131340089700002, 131340089700020, 131340089700021, 131340089700022]",5,sin_control,1,1,5,5
13101261001038,"[131340089600002, 131340089600003]",2,sin_control,1,1,2,2
13101261001039,"[131340089500016, 131340089500017]",2,sin_control,1,1,2,2
13101271001001,"[131340056000011, 131340056000012, 131340056000013]",3,sin_control,2,2,4,4
13101271001002,[131340055800025],1,sin_control,2,2,5,5
13101271001003,"[131340055700001, 131340055700002, 131340055700003, 131340055700005, 131340055700006]",5,sin_control,1,1,5,5
13101271001004,[131340055600003],1,con_control,1,1,1,1
13101271001015,[131340063000004],1,sin_control,7,7,8,8
13101271001016,"[131340077800013, 131340077800014]",2,sin_control,1,1,2,2
13101271002010,"[131340079600023, 131340079600024]",2,sin_control,3,3,7,7
13101271003005,"[131010066500018, 131010066500019, 131010066500020, 131010066500021, 131010066500022]",5,sin_control,1,1,5,5
13101271003006,"[131340085100004, 131340085100005]",2,sin_control,1,1,2,2
13101271004005,"[131340086000057, 131340086000058, 131340086000059]",3,sin_control,1,1,3,3
13101271004006,[131340089000136],1,sin_control,2,2,4,4
13101271004008,"[131340088700006, 131340088700007, 131340088700008, 131340088700009, 131340088700029]",5,sin_control,2,2,6,6
13101281001001,"[131010040900003, 131010040900004]",2,sin_control,9,9,7,7
13101281001002,[131010040500002],1,con_control,1,1,1,1
13101281001004,[131010039700076],1,sin_control,3,3,6,6
13101281002005,"[131010050700009, 131010050700010, 131010050700011]",3,sin_control,3,3,5,5
13101281002006,"[131010050900004, 131010050900005]",2,sin_control,1,1,2,2
13101281004002,"[131010055100042, 131010055100043]",2,sin_control,2,2,3,3
13101281005001,"[131010072100002, 131010072100003, 131010072100004, 131010072100005]",4,sin_control,1,1,4,4
13110011001004,"[151280002500007, 151280002500008, 151280002500009, 151280002500010, 151280002500013, 151280002500014, 151280002500015, 151280002500016, 151280002500017, 151280002500018]",10,sin_control,1,1,10,10
13110011001011,[151280011100033],1,sin_control,10,10,11,11
13110011001018,"[151280018500003, 151280018500004, 151280018500009, 151280018500010]",4,sin_control,5,5,12,12
13110011001020,"[151280019100005, 151280019100013]",2,sin_control,8,8,14,14
13110011001021,"[151280018700001, 151280018700002, 151280018700003, 151280018700004, 151280018700005, 151280018700006]",6,sin_control,1,1,6,6
13110011002004,[151280110800010],1,sin_control,9,9,19,19
13110011002005,"[151280111000018, 151280111000019]",2,sin_control,9,9,19,19
13110011002006,"[151280111200016, 151280111200017, 151280111200018, 151280111200019]",4,sin_control,3,3,8,8
13110011002009,[151280125600007],1,sin_control,31,31,20,20
13110011002010,[151280125400011],1,sin_control,18,18,11,11
13110011002013,[151280125800004],1,sin_control,42,42,26,26
13110011002014,[151280127600015],1,sin_control,27,27,20,20
13110011002015,[151280127400006],1,sin_control,24,24,16,16
13110011002017,[151280128400004],1,sin_control,24,24,14,14
13110011002018,[151280128200020],1,sin_control,42,42,17,17
13110011002019,[151280127000006],1,sin_control,24,24,16,16
13110011002020,[151280126800013],1,sin_control,23,23,20,20
13110011002021,[151280126600006],1,sin_control,25,25,16,16
13110011002025,[151280128000010],1,sin_control,10,10,13,13
13110011002027,"[151280112200015, 151280112200016, 151280112200017, 151280112200018]",4,sin_control,6,6,16,16
13110011002028,"[151280112600014, 151280112600015, 151280112600016, 151280112600017]",4,sin_control,5,5,15,15
13110011003002,"[151280007200002, 151280007200003, 151280007200004, 151280007200005]",4,sin_control,1,1,4,4
13110011003003,"[151280007000003, 151280007000004]",2,sin_control,14,14,31,31
13110011003005,[151280007600008],1,sin_control,25,25,20,20
13110011003007,[151280007400011],1,sin_control,26,26,14,14
13110011003008,[151280007800007],1,sin_control,22,22,20,20
13110011003018,[151280014200015],1,sin_control,12,12,18,18
13110011003019,[151280015200016],1,sin_control,27,27,20,20
13110011003020,"[151280014000016, 151280014000017]",2,sin_control,16,16,16,16
13110011003022,"[151280012000004, 151280012000005]",2,sin_control,11,11,14,14
13110011003023,[151280009800020],1,sin_control,9,9,18,18
13110011003024,[151280009600018],1,sin_control,15,15,20,20
13110011003025,"[151280009400008, 151280009400009]",2,sin_control,11,11,16,16
13110011003026,[151280009200020],1,sin_control,8,8,18,18
13110011003027,[151280011800006],1,sin_control,12,12,16,16
13110011003029,"[151280013800004, 151280013800005]",2,sin_control,16,16,16,16
13110011003031,[151280013600015],1,sin_control,15,15,20,20
13110011003032,[151280013400016],1,sin_control,14,14,18,18
13110011003033,[151280014800016],1,sin_control,30,30,19,19
13110011003034,[151280013200003],1,sin_control,12,12,17,17
13110011003036,"[151280011600004, 151280011600005]",2,sin_control,13,13,16,16
13110011003037,[151280009000003],1,sin_control,13,13,18,18
13110011003039,"[151280008600016, 151280008600017, 151280008600018, 151280008600019]",4,sin_control,6,6,12,12
13110011004006,[151280011000006],1,sin_control,6,6,15,15
13110011004012,[151280010400018],1,sin_control,12,12,13,13
13110011004014,"[151280010200003, 151280010200009]",2,sin_control,5,5,10,10
13110011004016,"[151280011400005, 151280011400006, 151280011400011, 151280011400012]",4,sin_control,3,3,8,8
13110011004017,[151280012600014],1,sin_control,12,12,16,16
13110011004018,"[151280012800015, 151280012800016]",2,sin_control,12,12,15,15
13110011005001,"[151280112800001, 151280112800002, 151280112800003, 151280112800004, 151280112800005, 151280112800006]",6,sin_control,1,1,6,6
13110021001018,[151280128600008],1,sin_control,11,11,10,10
13110021001019,[151280128800009],1,sin_control,32,32,21,21
13110021001020,"[151280128900004, 151280128900005]",2,sin_control,5,5,6,6
13110021001021,"[151280129000001, 151280129000002]",2,sin_control,3,3,7,7
13110021001023,"[151280129100009, 151280129100010, 151280129100011]",3,sin_control,3,3,6,6
13110021001024,[151280128700005],1,sin_control,18,18,14,14
13110021002003,"[151280139000001, 151280139000002, 151280139000003, 151280139000004, 151280139000005, 151280139000006, 151280139000007]",7,sin_control,2,2,10,10
13110021002004,[151280141600001],1,sin_control,5,5,11,11
13110021002008,"[151280137200001, 151280137200002, 151280137200003, 151280137200004]",4,sin_control,1,1,4,4
13110021002010,[151280131000005],1,sin_control,20,20,16,16
13110021002011,"[151280135800001, 151280135800009]",2,sin_control,6,6,9,9
13110021002012,"[151280131200005, 151280131200007]",2,sin_control,3,3,7,7
13110021002013,[151280137400006],1,sin_control,9,9,15,15
13110021002014,[151280139400057],1,sin_control,22,22,14,14
13110021002015,"[151280139400032, 151280139400033]",2,sin_control,6,6,10,10
13110021002017,[151280139400065],1,sin_control,22,22,18,18
13110021002018,[151280139400006],1,sin_control,35,35,21,21
13110021002019,"[151280150600019, 151280150600020, 151280150600021, 151280150600022, 151280150600023, 151280150600024]",6,sin_control,4,4,24,24
13110021002020,"[151280150800017, 151280150800018]",2,sin_control,18,18,18,18
13110021002021,"[151280139600017, 151280139600018, 151280139600019]",3,sin_control,10,10,18,18
13110021002022,"[151280139700003, 151280139700004, 151280139700005, 151280139700006]",4,sin_control,12,12,16,16
13110021002024,"[151280139500016, 151280139500017]",2,sin_control,21,21,19,19
13110021002025,[151280136200002],1,sin_control,17,17,15,15
13110021002027,"[151280133400016, 151280133400017, 151280133400018]",3,sin_control,5,5,13,13
13110021002028,"[151280133600012, 151280133600013, 151280133600014, 151280133600015]",4,sin_control,5,5,12,12
13110021002031,"[151280135200005, 151280135200006, 151280135200009, 151280135200010, 151280135200011, 151280135200012]",6,sin_control,1,1,6,6
13110021002032,"[151280136800001, 151280136800002, 151280136800003, 151280136800004, 151280136800005, 151280136800006]",6,sin_control,1,1,6,6
13110021002033,"[151280136800020, 151280136800021, 151280136800022, 151280136800023]",4,sin_control,3,3,6,6
13110021002034,"[151280137800002, 151280137800003]",2,sin_control,7,7,14,14
13110021002035,"[151280136600014, 151280136600015]",2,sin_control,5,5,13,13
13110021002036,"[151280135000012, 151280135000013]",2,sin_control,10,10,16,16
13110021002037,"[151280134800001, 151280134800002, 151280134800003, 151280134800004, 151280134800007, 151280134800008]",6,sin_control,1,1,6,6
13110021002039,"[151280136400004, 151280136400005]",2,sin_control,10,10,14,14
13110021002041,"[151280139800006, 151280139800007, 151280139800008, 151280139800009, 151280139800010]",5,sin_control,2,2,10,10
13110021002042,[151280140800036],1,sin_control,17,17,28,28
13110021002043,[151280142400029],1,sin_control,14,14,33,33
13110021002045,[151280140200021],1,sin_control,18,18,27,27
13110021002046,"[151280141000001, 151280141000002, 151280141000003, 151280141000009, 151280141000010]",5,sin_control,4,4,12,12
13110021002047,[151280142600018],1,sin_control,15,15,18,18
13110021002048,"[151280141200020, 151280141200021, 151280141200022, 151280141200023]",4,sin_control,5,5,12,12
13110021003002,"[151280151000007, 151280151000008, 151280151000013, 151280151000014]",4,sin_control,5,5,23,23
13110021003003,"[151280151200015, 151280151200016, 151280151200017, 151280151200018, 151280151200019, 151280151200020]",6,sin_control,2,2,12,12
13110021003004,"[151280151400002, 151280151400003, 151280151400004, 151280151400005]",4,sin_control,5,5,18,18
13110021003005,"[151280151600015, 151280151600016]",2,sin_control,15,15,20,20
13110021003006,Int64[],0,sin_control,13,13,22,22
13110021003008,"[151280154200013, 151280154200014, 151280154200015, 151280154200016, 151280154200017, 151280154200018]",6,sin_control,4,4,24,24
13110021003009,"[151280153400007, 151280153400008, 151280153400009, 151280153400010, 151280153400011, 151280153400012]",6,sin_control,4,4,24,24
13110021003010,"[151280153600007, 151280153600008, 151280153600009, 151280153600010, 151280153600011, 151280153600012]",6,sin_control,1,1,6,6
13110021003013,"[151280154600013, 151280154600014, 151280154600015, 151280154600016, 151280154600017, 151280154600018]",6,sin_control,2,2,12,12
13110021004001,[151280145200010],1,con_control,7,7,7,7
13110021004003,"[151280148600001, 151280148600007, 151280148600008]",3,sin_control,2,2,5,5
13110021004004,[151280148800015],1,sin_control,50,74,29,44
13110021004005,"[151280146800022, 151280146800023, 151280146800030, 151280146800031, 151280146800032]",5,sin_control,3,3,11,11
13110021004006,"[151280146800047, 151280146800048]",2,sin_control,6,6,14,14
13110021004007,"[151280146800055, 151280146800056, 151280146800057, 151280146800058, 151280146800059]",5,sin_control,1,1,5,5
13110021004009,[151280148000005],1,sin_control,13,13,24,24
13110021004010,"[151280150000066, 151280150000067, 151280150000068, 151280150000069, 151280150000070]",5,sin_control,3,3,9,9
13110021004011,[151280149800020],1,sin_control,18,18,12,12
13110021004012,"[151280149200003, 151280149200004]",2,sin_control,4,4,12,12
13110021006011,[151280152000408],1,con_control,10,10,10,10
13110031001002,[151280180200055],1,sin_control,7,7,17,17
13110031001009,[151280205000140],1,sin_control,4,4,11,11
13110031002001,[151280208000015],1,sin_control,6,6,9,9
13110031003001,"[151280211000061, 151280211000062]",2,sin_control,18,18,25,25
13110031003002,[151280211000045],1,sin_control,9,9,14,14
13110031003003,[151280211800011],1,sin_control,5,5,8,8
13110031003004,"[151280213000006, 151280213000007]",2,sin_control,5,5,14,14
13110031003017,[151280227000030],1,sin_control,21,21,17,17
13110031003018,[151280226000017],1,sin_control,11,11,9,9
13110031003019,"[151280225000020, 151280225000021]",2,sin_control,4,4,11,11
13110031003020,"[151280222000164, 151280222000165, 151280222000166, 151280222000167]",4,sin_control,2,2,8,8
13110031004001,"[151280208400003, 151280208400004]",2,sin_control,6,6,12,12
13110031004002,"[151280208600004, 151280208600005]",2,sin_control,8,8,12,12
13110031004003,[151280213800080],1,sin_control,18,18,31,31
13110031004004,[151280216600024],1,sin_control,4,4,6,6
13110031004007,"[151280208800001, 151280208800002, 151280208800003, 151280208800004, 151280208800027, 151280208800028, 151280208800029, 151280208800030]",8,sin_control,1,1,8,8
13110031004008,[151280210000005],1,sin_control,12,12,19,19
13110031004015,"[151280210200001, 151280210200002, 151280210200003, 151280210200004, 151280210200005, 151280210200006]",6,sin_control,1,1,6,6
13110031004037,[151280218000027],1,sin_control,8,8,10,10
13110031005001,"[151280183200045, 151280183200046]",2,sin_control,3,3,4,4
13110031005002,[151280188200018],1,sin_control,6,6,4,4
13110031005003,[151280189200026],1,sin_control,7,7,7,7
13110031005004,"[151280190200063, 151280190200064]",2,sin_control,5,5,11,11
13110031005005,[151280206800004],1,sin_control,3,3,2,2
13110031005006,"[151280206400006, 151280206400007]",2,sin_control,1,1,2,2
13110031005007,[151280205000113],1,sin_control,12,12,13,13
13110031005009,[151280205000076],1,sin_control,25,25,16,16
13110031005012,[151280205000055],1,sin_control,25,25,16,16
13110031006002,"[151280192400056, 151280192400057, 151280192400058, 151280192400059, 151280192400060, 151280192400061, 151280192400062, 151280192400063]",8,sin_control,1,1,8,8
13110031006003,"[151280192400048, 151280192400049, 151280192400050, 151280192400051, 151280192400052, 151280192400053, 151280192400054, 151280192400055]",8,sin_control,1,1,8,8
13110031006004,"[151280192800006, 151280192800007, 151280192800008, 151280192800010, 151280192800011, 151280192800012, 151280192800013]",7,sin_control,2,2,9,9
13110031006005,"[151280193000008, 151280193000009, 151280193000013, 151280193000014]",4,sin_control,4,4,13,13
13110031006007,"[151280193600005, 151280193600006, 151280193600011, 151280193600012]",4,sin_control,5,5,12,12
13110041001001,[151280229200023],1,sin_control,28,28,17,17
13110041001004,[151280231000032],1,sin_control,50,66,27,31
13110041001005,Int64[],0,sin_control,50,50,39,39
13110041001006,[151280232200023],1,sin_control,50,53,20,22
13110041001007,[151280232800025],1,sin_control,50,55,26,27
13110041001008,[151280233400018],1,sin_control,50,63,26,26
13110041001009,[151280234000034],1,sin_control,50,69,28,30
13110041001010,[151280234600026],1,sin_control,45,45,26,26
13110041001028,[151280241200008],1,con_control,2,2,2,2
13110041002001,[151280242600004],1,sin_control,34,34,19,19
13110041002004,[151280244400023],1,sin_control,50,81,35,37
13110041002005,Int64[],0,sin_control,50,69,34,39
13110041002006,[151280245600007],1,sin_control,50,64,26,26
13110041002007,[151280246200045],1,sin_control,50,112,39,41
13110041002008,[151280246800034],1,sin_control,50,85,22,27
13110041002009,[151280247400038],1,sin_control,50,56,28,31
13110041002010,[151280248000011],1,sin_control,50,97,27,36
13110041002015,[151280251000031],1,sin_control,41,41,24,24
13110061001002,[151280058200009],1,sin_control,16,16,17,17
13110061001004,[151280058800009],1,sin_control,16,16,17,17
13110061001007,"[151280059200004, 151280059200005, 151280059200006, 151280059200007]",4,sin_control,6,6,12,12
13110061001009,[151280059400008],1,sin_control,13,13,17,17
13110061001010,[151280059600014],1,sin_control,13,13,17,17
13110061001011,[151280059800008],1,sin_control,17,17,20,20
13110061001012,"[151280060200006, 151280060200007, 151280060200008, 151280060200009, 151280060200010]",5,sin_control,2,2,6,6
13110061001014,"[151280060000014, 151280060000015, 151280060000016, 151280060000017]",4,sin_control,4,4,11,11
13110061001015,"[151280060400018, 151280060400019]",2,sin_control,11,11,16,16
13110061001017,[151280060800007],1,sin_control,10,10,15,15
13110061001018,[151280061200025],1,sin_control,22,22,20,20
13110061001020,[151280061400013],1,sin_control,12,12,21,21
13110061001021,[151280061600010],1,sin_control,9,9,15,15
13110061002040,[151280156400014],1,sin_control,15,15,16,16
13110061002041,[151280156400005],1,con_control,6,6,9,9
13110061004003,[151280171000097],1,sin_control,7,7,7,7
13110061004005,"[151280170000038, 151280170000039, 151280170000040, 151280170000041]",4,sin_control,1,1,4,4
13110061004006,[151280169000099],1,sin_control,10,10,15,15
13110061006001,[151280700400012],1,sin_control,14,14,24,24
13110061006002,"[151280700600005, 151280700600006, 151280700600011, 151280700600012]",4,sin_control,4,4,16,16
13110061006003,[151280700800005],1,sin_control,13,13,20,20
13110071004012,[151280785200157],1,sin_control,50,122,32,85
13110071004033,"[151280786400010, 151280786400015]",2,sin_control,3,3,10,10
13110081001034,[151280739600028],1,sin_control,42,42,30,30
13110081001035,[151280739400016],1,sin_control,18,18,16,16
13110081001036,[151280739200016],1,sin_control,12,12,15,15
13110081001038,"[151280738800013, 151280738800014, 151280738800015, 151280738800016]",4,sin_control,4,4,10,10
13110081001041,[151280738200020],1,sin_control,49,49,34,34
13110081003037,"[151280790200164, 151280790200165]",2,sin_control,12,12,37,37
13110091001001,[151280825000006],1,sin_control,23,23,34,34
13110091001002,[151280827600006],1,sin_control,33,33,28,28
13110091004001,Int64[],0,sin_control,29,29,38,38
13110091004047,[151280846600033],1,sin_control,36,36,45,45
13110091005030,[151280808800058],1,sin_control,13,13,21,21
13110091005041,[151280251400051],1,sin_control,19,19,25,25
13110091005042,"[151280251400044, 151280251400046]",2,sin_control,1,1,2,2
13110101001001,"[151280254400012, 151280254400013, 151280254400014]",3,sin_control,1,1,3,3
13110101001002,"[151280259600006, 151280259600013]",2,sin_control,6,6,10,10
13110101001004,"[151280251600009, 151280251600010]",2,sin_control,12,12,25,25
13110101001008,[151280265600005],1,sin_control,15,15,17,17
13110101001009,[151280265400006],1,sin_control,25,25,19,19
13110101001010,[151280265200018],1,sin_control,43,43,24,24
13110101001012,[151280266200006],1,sin_control,6,6,8,8
13110101004001,"[151280267000063, 151280267000064, 151280267000065, 151280267000066, 151280267000067, 151280267000068]",6,sin_control,1,1,6,6
13110101004002,[151280267000015],1,sin_control,5,5,9,9
13110101004005,"[151280272200020, 151280272200021, 151280272200022, 151280272200023, 151280272200024, 151280272200025, 151280272200026, 151280272200027]",8,sin_control,1,1,8,8
13110101004010,[151280273000051],1,sin_control,50,274,27,61
13110101004011,[151280280600018],1,sin_control,50,118,30,30
13110101004012,[151280280000004],1,sin_control,50,86,19,26
13110101004013,[151280283600018],1,sin_control,50,89,23,47
13110111001014,"[151280283400007, 151280283400008]",2,sin_control,2,2,10,10
13110111002009,[151280325400023],1,con_control,6,6,11,11
13110111002010,"[151280324400035, 151280324400036, 151280324400037]",3,sin_control,4,4,9,9
13110111002013,"[151280338400003, 151280338400004, 151280338400005, 151280338400006, 151280338400007]",5,sin_control,2,2,7,7
13110111002014,"[151280338200008, 151280338200009, 151280338200010]",3,sin_control,7,7,17,17
13110111002016,"[151280337800011, 151280337800012, 151280337800013, 151280337800014, 151280337800015]",5,sin_control,2,2,11,11
13110111002017,[151280336200051],1,sin_control,50,61,70,71
13110111003002,[151280383600012],1,sin_control,18,18,15,15
13110111003003,[151280380200095],1,sin_control,7,7,15,15
13110111003014,[151280382200098],1,sin_control,43,43,18,18
13110111004009,[151280380000024],1,sin_control,8,8,14,14
13110111004022,[151280390000003],1,sin_control,9,9,9,9
13110111004023,[151280388400007],1,sin_control,21,21,7,7
13110121002001,[151280310000014],1,sin_control,22,22,32,32
13110121002002,[151280318000007],1,sin_control,19,19,18,18
13110121002003,[151280318200012],1,sin_control,24,24,16,16
13110121002004,[151280318400005],1,sin_control,29,29,20,20
13110121002005,[151280319600003],1,sin_control,14,14,16,16
13110121003001,Int64[],0,sin_control,50,54,48,48
13110121003010,[151280357000011],1,sin_control,26,26,24,24
13110121003011,Int64[],0,sin_control,50,108,44,44
13110121003012,[151280359000016],1,sin_control,37,37,25,25
13110121003025,"[151280350800202, 151280350800203, 151280350800204, 151280350800205]",4,sin_control,2,2,6,6
13110121003026,"[151280350800197, 151280350800200]",2,sin_control,6,6,13,13
13110121004001,[151280363000012],1,sin_control,30,30,11,11
13110121004003,[151280370000005],1,sin_control,10,10,6,6
13110121004004,[151280370200002],1,sin_control,10,10,7,7
13110121004016,[151280380200003],1,sin_control,50,58,33,33
13110121004017,[151280374000003],1,con_control,3,3,4,4
13110121004018,"[151280373800007, 151280373800008]",2,sin_control,1,1,2,2
13110121004019,[151280374800017],1,sin_control,50,57,24,24
13110121004021,[151280385400008],1,sin_control,13,13,13,13
13110121004022,[151280385800008],1,sin_control,26,26,14,14
13110121004023,[151280386200002],1,sin_control,30,30,19,19
13110121004024,[151280386600007],1,sin_control,46,46,17,17
13110121004025,[151280387000007],1,sin_control,50,62,20,20
13110121004026,[151280387400004],1,sin_control,29,29,11,11
13110121004027,[151280387800008],1,sin_control,36,36,12,12
13110131001009,[151281210200005],1,sin_control,45,45,21,21
13110131001017,[151281205200015],1,sin_control,50,61,25,26
13110131001018,[151281210000007],1,sin_control,37,37,16,16
13110131001019,[151281211500006],1,sin_control,50,67,25,26
13110131001022,[151281213100016],1,sin_control,50,61,22,22
13110131001024,[151281211600008],1,sin_control,30,30,14,14
13110131001025,[151281213200013],1,sin_control,46,46,18,18
13110131001027,[151281211800007],1,sin_control,22,22,16,16
13110131001028,[151281211900007],1,sin_control,25,25,15,15
13110131001029,[151281213300011],1,sin_control,47,47,19,19
13110131001030,[151281213400008],1,sin_control,46,46,18,18
13110131001032,[151281212000015],1,sin_control,43,43,21,21
13110131001035,"[151281213700033, 151281213700034, 151281213700036]",3,sin_control,1,1,3,3
13110131002011,[151281214600016],1,sin_control,50,103,26,44
13110131002012,[151281215100003],1,sin_control,50,54,31,31
13110131002013,[151281220000007],1,sin_control,14,14,13,13
13110131002014,[151281220100017],1,sin_control,42,42,20,20
13110131002015,[151281220200008],1,sin_control,46,46,21,21
13110131002017,[151281220300004],1,sin_control,32,32,15,15
13110131002018,[151281220400016],1,sin_control,26,26,22,22
13110131002019,[151281220500017],1,sin_control,44,44,21,21
13110161002013,[151280280100333],1,sin_control,23,23,26,26
13110161003001,[151280290100083],1,sin_control,35,35,18,18
13110161003020,[151280290100046],1,sin_control,14,14,13,13
13110161003022,[151280290100038],1,sin_control,11,11,8,8
13110161003025,[151280303100019],1,sin_control,50,50,33,33
13110161003027,[151280305900064],1,sin_control,24,24,30,30
13110161004042,[151280285100019],1,sin_control,23,23,21,21
13110161006005,[151280403500033],1,sin_control,50,70,32,43
13110161006006,[151280404500011],1,sin_control,32,32,13,13
13110171002011,[151280155300104],1,sin_control,31,31,29,29
13110171002019,"[151280140500005, 151280140500006, 151280140500007]",3,sin_control,2,2,5,5
13110171002020,[151280141500008],1,sin_control,36,36,19,19
13110171002021,[151280142500007],1,con_control,8,8,6,6
13110171003007,[151280160700003],1,sin_control,21,21,10,10
13110171003008,"[151280160900005, 151280160900006, 151280160900007]",3,sin_control,1,1,3,3
13110171003009,"[151280164700004, 151280164700005, 151280164700008, 151280164700009]",4,sin_control,1,1,4,4
13110171003010,[151280164500010],1,sin_control,12,12,11,11
13110171003011,[151280164300003],1,sin_control,8,8,10,10
13110171003012,[151280164100003],1,sin_control,15,15,10,10
13110171004013,"[151280226100038, 151280226100039, 151280226100040, 151280226100167]",4,sin_control,2,2,5,5
13110171004018,"[151280231100007, 151280231100008, 151280231100009]",3,sin_control,5,5,9,9
13110171005022,Int64[],0,sin_control,42,42,72,72
13110171005023,[151280203500154],1,sin_control,39,39,29,29
13110171005024,[151280203500124],1,sin_control,14,14,24,24
13110171005025,"[151280203500093, 151280203500094]",2,sin_control,7,7,17,17
13110171005028,"[151280203500079, 151280203500080, 151280203500081, 151280203500082]",4,sin_control,6,6,16,16
13110171005029,"[151280203500054, 151280203500055, 151280203500056, 151280203500057, 151280203500058]",5,sin_control,2,2,11,11
13110171005030,"[151280203500262, 151280203500263, 151280203500264]",3,sin_control,7,7,16,16
13110171005031,"[151280203500236, 151280203500237]",2,sin_control,5,5,10,10
13110191002010,"[151280069900020, 151280069900021, 151280069900022]",3,sin_control,2,2,7,7
13110191002011,"[151280069900014, 151280069900015]",2,sin_control,9,9,12,12
13110191002020,"[151280074900057, 151280074900058, 151280074900059, 151280074900060, 151280074900061, 151280074900062, 151280074900063]",7,sin_control,1,1,7,7
13110191002037,"[151280074900029, 151280074900030, 151280074900031, 151280074900032, 151280074900033, 151280074900034, 151280074900035]",7,sin_control,1,1,7,7
13110191003002,"[151280077700032, 151280077700081]",2,sin_control,11,11,18,18
13110191003004,"[151280078700005, 151280078700006, 151280078700007]",3,sin_control,7,7,12,12
13110191003011,"[151280095100009, 151280095100010, 151280095100011, 151280095100012]",4,sin_control,1,1,4,4
13110191003013,"[151280097500004, 151280097500005, 151280097500006, 151280097500007]",4,sin_control,3,3,6,6
13110191003014,"[151280097300006, 151280097300007, 151280097300008, 151280097300009]",4,sin_control,2,2,6,6
13110191003023,"[151280095500001, 151280095500002, 151280095500003]",3,sin_control,2,2,7,7
13110211001003,[151280014900005],1,sin_control,20,20,26,26
13110211001004,[151280016500016],1,sin_control,4,4,10,10
13110211001005,"[151280016700007, 151280016700008, 151280016700009, 151280016700010]",4,sin_control,1,1,4,4
13110211001006,"[151280016900017, 151280016900020, 151280016900021]",3,sin_control,2,2,6,6
13110211001007,[151280020700016],1,sin_control,18,18,12,12
13110211001008,[151280019500005],1,sin_control,4,4,11,11
13110211001009,[151280020500002],1,sin_control,9,9,13,13
13110211001011,"[151280020700074, 151280020700075, 151280020700076, 151280020700086, 151280020700087, 151280020700088, 151280020700092, 151280020700093]",8,sin_control,1,1,8,8
13110211001013,"[151280027100036, 151280027100037, 151280027100038]",3,sin_control,1,1,3,3
13110211001014,[151280026900008],1,sin_control,29,29,21,21
13110211001015,"[151280026700010, 151280026700011]",2,sin_control,4,4,9,9
13110211001016,[151280026500006],1,sin_control,14,14,15,15
13110211001018,[151280026300002],1,sin_control,13,13,12,12
13110211001019,[151280026100006],1,sin_control,35,35,19,19
13110211001020,[151280025100011],1,sin_control,37,37,20,20
13110211001021,[151280023100011],1,sin_control,50,112,46,63
13110211001022,[151280023300008],1,con_control,7,7,12,12
13110211001023,[151280023500006],1,sin_control,9,9,12,12
13110211001024,[151280023700010],1,sin_control,7,7,12,12
13110211001025,[151280028900009],1,sin_control,36,36,24,24
13110211001026,[151280029100014],1,sin_control,37,37,24,24
13110211001027,[151280029300011],1,sin_control,19,19,20,20
13110211001028,[151280029500007],1,sin_control,27,27,24,24
13110211001029,[151280029700010],1,sin_control,26,26,22,22
13110211001032,"[151280030100030, 151280030100031, 151280030100032, 151280030100033, 151280030100034, 151280030100035, 151280030100036]",7,sin_control,1,1,7,7
13110211002001,[151280032100062],1,sin_control,19,19,34,34
13110211002002,[151280032700010],1,sin_control,22,22,12,12
13110211002003,[151280038700004],1,sin_control,42,42,14,14
13110211002006,[151280041100039],1,sin_control,18,18,27,27
13110211002007,[151280042700004],1,sin_control,11,11,15,15
13110211002008,"[151280044700011, 151280044700012, 151280044700013]",3,sin_control,3,3,5,5
13110211002009,[151280032900012],1,sin_control,50,96,22,70
13110211002010,[151280036900001],1,sin_control,5,5,6,6
13110211002011,"[151280038900005, 151280038900006]",2,sin_control,3,3,13,13
13110211002012,[151280032900049],1,sin_control,35,35,16,16
13110211002015,[151280032900179],1,sin_control,25,25,12,12
13110211002016,[151280032900164],1,sin_control,26,26,12,12
13110211002017,[151280032900155],1,sin_control,25,25,12,12
13110211002018,[151280032900143],1,sin_control,25,25,12,12
13110211002019,[151280032900209],1,sin_control,44,44,26,26
13110211003001,"[151280037100001, 151280037100002, 151280037100003, 151280037100004, 151280037100007, 151280037100008, 151280037100009, 151280037100010]",8,sin_control,2,2,10,10
13110211003003,"[151280037300008, 151280037300009]",2,sin_control,6,6,12,12
13110211003004,"[151280039300001, 151280039300002, 151280039300003, 151280039300004, 151280039300005, 151280039300007, 151280039300008, 151280039300009, 151280039300010, 151280039300011]",10,sin_control,1,1,10,10
13110211003005,"[151280039100002, 151280039100003, 151280039100008, 151280039100009]",4,sin_control,4,4,12,12
13110211003006,"[151280039500001, 151280039500002, 151280039500003, 151280039500004, 151280039500005, 151280039500006, 151280039500007, 151280039500008]",8,sin_control,1,1,8,8
13110211003007,"[151280040500002, 151280040500003, 151280040500008, 151280040500009]",4,sin_control,4,4,12,12
13110211003012,"[151280037500049, 151280037500050, 151280037500051, 151280037500052, 151280037500053, 151280037500054]",6,sin_control,5,5,10,10
13110211003016,"[151280039900004, 151280039900023, 151280039900025]",3,sin_control,3,3,8,8
13110211003017,"[151280039900020, 151280039900021]",2,sin_control,3,3,5,5
13110211003018,"[151280044300003, 151280044300004, 151280044300012]",3,sin_control,2,2,6,6
13110211003020,"[151280043900004, 151280043900005, 151280043900006, 151280043900007, 151280043900008, 151280043900012, 151280043900013, 151280043900014, 151280043900015, 151280043900016]",10,sin_control,1,1,10,10
13110211003021,"[151280042500002, 151280042500003, 151280042500008, 151280042500009]",4,sin_control,5,5,12,12
13110211003023,"[151280042100004, 151280042100005, 151280042100006, 151280042100012, 151280042100013, 151280042100014]",6,sin_control,2,2,14,14
13110211003024,"[151280043700002, 151280043700003, 151280043700004, 151280043700005, 151280043700008, 151280043700009, 151280043700010, 151280043700011]",8,sin_control,2,2,12,12
13110211003027,[151280045700005],1,sin_control,33,33,32,32
13110211003031,[151280050500004],1,sin_control,16,16,10,10
13110211003032,[151280050300003],1,sin_control,26,26,15,15
13110211003033,"[151280050700002, 151280050700003, 151280050700004, 151280050700005]",4,sin_control,1,1,4,4
13110211003035,[151280050900009],1,sin_control,40,40,20,20
13110211003036,[151280051100012],1,sin_control,26,26,19,19
13110211003037,[151280058900074],1,sin_control,6,6,12,12
13110211003039,[151280051500012],1,sin_control,11,11,13,13
13110211003041,[151280051900014],1,sin_control,16,16,18,18
13110211003044,"[151280060900001, 151280060900002, 151280060900003, 151280060900004, 151280060900005, 151280060900015, 151280060900016, 151280060900017, 151280060900018, 151280060900019]",10,sin_control,1,1,10,10
13110211004001,"[151280004500031, 151280004500032, 151280004500033, 151280004500034]",4,sin_control,2,2,6,6
13110211004002,"[151280004500038, 151280004500039, 151280004500040, 151280004500041]",4,sin_control,2,2,6,6
13110211004005,[151280005900059],1,sin_control,27,27,24,24
13110211004007,[151280010100027],1,sin_control,27,27,35,35
13110211004008,[151280013100029],1,sin_control,5,5,8,8
13110211004009,[151280008900039],1,sin_control,19,19,15,15
13110211004010,"[151280009100028, 151280009100029, 151280009100030, 151280009100031, 151280009100034, 151280009100035, 151280009100036, 151280009100037]",8,sin_control,2,2,12,12
13114011001002,[151080081500012],1,sin_control,18,18,18,18
13114011002003,[151080082100048],1,con_control,4,4,7,7
13114011002004,"[151080080700011, 151080080700012, 151080080700013, 151080080700025, 151080080700026, 151080080700027]",6,sin_control,3,3,18,18
13114011002005,"[151080080900003, 151080080900004, 151080080900015, 151080080900016]",4,sin_control,4,4,12,12
13114011002007,"[151080081300003, 151080081300004]",2,sin_control,6,6,14,14
13114011002012,[151080080300008],1,sin_control,5,5,8,8
13114011002013,[151080082300014],1,sin_control,10,10,18,18
13114011004006,"[151080071500024, 151080071500025]",2,sin_control,3,3,8,8
13114011007002,[151080060100052],1,con_control,1,1,1,1
13114011007006,"[151080060700004, 151080060700005]",2,sin_control,1,1,2,2
13114021001016,"[151080170500001, 151080170500002, 151080170500003, 151080170500019, 151080170500020]",5,sin_control,1,1,5,5
13114021002004,"[151080205100001, 151080205100002, 151080205100003, 151080205100004, 151080205100005]",5,sin_control,1,1,5,5
13114021002006,[151080204900006],1,sin_control,13,13,12,12
13114021002007,"[151080208300003, 151080208300004, 151080208300005, 151080208300006]",4,sin_control,1,1,4,4
13114021002018,"[151080240100004, 151080240100008, 151080240100009, 151080240100010]",4,sin_control,1,1,4,4
13114021002028,"[151080213900030, 151080213900032, 151080213900035, 151080213900037, 151080213900043]",5,sin_control,1,1,5,5
13114021003004,[151080207100016],1,sin_control,10,10,11,11
13114021003022,"[151080202100011, 151080202100012, 151080202100020]",3,sin_control,1,1,3,3
13114021004004,[151080169100004],1,sin_control,44,44,26,26
13114021004008,"[151080169900004, 151080169900012]",2,sin_control,5,5,12,12
13114021004009,[151080170100013],1,sin_control,27,27,18,18
13114031002005,[151080201100003],1,sin_control,19,19,11,11
13114031002010,[151080200300018],1,sin_control,6,6,5,5
13114031002030,"[151080200100012, 151080200100013, 151080200100033, 151080200100034]",4,sin_control,1,1,4,4
13114031003001,"[151080201200004, 151080201200005]",2,sin_control,3,3,4,4
13114031003016,[151080201000004],1,con_control,3,3,8,8
13114031003017,"[151080200800001, 151080200800002, 151080200800003]",3,sin_control,1,1,3,3
13114031004002,"[151080153500012, 151080153500013, 151080153500025]",3,sin_control,2,2,5,5
13114031005005,"[151080150900015, 151080150900016, 151080150900032]",3,sin_control,1,1,3,3
13114031005006,"[151080151100009, 151080151100011]",2,sin_control,3,3,4,4
13114031007002,"[151080200200002, 151080200200003]",2,sin_control,3,3,4,4
13114031007006,"[151080210400101, 151080210400102, 151080210400103, 151080210400104]",4,sin_control,8,8,29,29
13114041003004,[151080240000046],1,con_control,3,3,3,3
13114051001001,"[151080095400074, 151080095400075]",2,sin_control,3,3,8,8
13114051001013,"[151080096600024, 151080096600025]",2,sin_control,7,7,15,15
13114051001015,[151080105600069],1,sin_control,7,7,8,8
13114051001016,[151080105600037],1,sin_control,30,30,28,28
13114051001017,[151080105600096],1,sin_control,15,15,17,17
13114051001018,[151080106200007],1,sin_control,4,4,6,6
13114051002013,[151080108200030],1,con_control,3,3,6,6
13114051002016,[151080107400005],1,sin_control,8,8,6,6
13114051003002,"[151080056500031, 151080056500032]",2,sin_control,2,2,5,5
13114051003003,"[151080090800005, 151080090800006, 151080090800068]",3,sin_control,1,1,3,3
13114051003004,"[151080091000004, 151080091000078]",2,sin_control,1,1,2,2
13114061001004,[151080094600004],1,sin_control,8,8,5,5
13114061001019,[151080131600022],1,sin_control,18,18,19,19
13114061001021,[151080115800009],1,sin_control,12,12,12,12
13114061001022,[151080116800013],1,sin_control,11,11,14,14
13114061001024,[151080116200014],1,sin_control,19,19,13,13
13114061001025,[151080116600019],1,sin_control,15,15,24,24
13114061001026,[151080117800022],1,sin_control,12,12,18,18
13114061002001,[151080093200099],1,sin_control,4,4,5,5
13114081001001,"[151080161000005, 151080161000006, 151080161000007, 151080161000008]",4,sin_control,4,4,9,9
13114081003016,[151080188200021],1,sin_control,21,21,26,26
13114091001001,"[151080121000004, 151080121000059]",2,sin_control,3,3,12,12
13114091001002,"[151080121200005, 151080121200006, 151080121200023]",3,sin_control,1,1,3,3
13114091001004,[151080121400017],1,sin_control,8,8,11,11
13114091002015,"[151080128600010, 151080128600011]",2,sin_control,6,6,9,9
13114091002017,[151080129800025],1,sin_control,13,13,10,10
13114091002036,"[151080130400110, 151080130400111]",2,sin_control,1,1,2,2
13114091003021,"[151080124600001, 151080124600002, 151080124600003]",3,sin_control,1,1,3,3
13114091003022,"[151080126400001, 151080126400019]",2,sin_control,3,3,6,6
13114091003026,"[151080128000002, 151080128000003, 151080128000004, 151080128000005]",4,sin_control,1,1,4,4
13114091004001,[151080120000067],1,sin_control,17,17,12,12
13114091004002,[151080120800005],1,con_control,1,1,1,1
13114101001001,[151080069200093],1,sin_control,6,6,11,11
13114101002001,"[151080070400099, 151080070400100, 151080070400101]",3,sin_control,2,2,6,6
13114101003001,[151080071800034],1,sin_control,10,10,9,9
13114101003002,"[151080071800039, 151080071800042, 151080071800043, 151080071800050, 151080071800051, 151080071800052]",6,sin_control,1,1,6,6
13114101004002,"[151080072400001, 151080072400002, 151080072400003, 151080072400004]",4,sin_control,2,2,10,10
13114101004003,[151080072600042],1,sin_control,16,16,16,16
13114101004004,"[151080073200001, 151080073200002, 151080073200003]",3,sin_control,1,1,3,3
13114101004013,[151080077200041],1,con_control,3,3,4,4
13114101004020,"[151080078400022, 151080078400048, 151080078400049]",3,sin_control,3,3,8,8
13114101004022,"[151080078800024, 151080078800025]",2,sin_control,2,2,3,3
13114101005001,"[151080079000026, 151080079000027, 151080079000028, 151080079000029]",4,sin_control,7,7,24,24
13114101005012,"[151080082400103, 151080082400104]",2,sin_control,2,2,6,6
13114101005013,"[151080083400090, 151080083400091, 151080083400092, 151080083400093]",4,sin_control,2,2,5,5
13114101005014,"[151080083400084, 151080083400085, 151080083400086, 151080083400087]",4,sin_control,2,2,8,8
13114101005015,[151080083400068],1,sin_control,7,7,16,16
13114101005016,[151080083400005],1,sin_control,8,8,13,13
13114101005018,"[151080084000049, 151080084000050, 151080084000051]",3,sin_control,4,4,12,12
13114101005019,"[151080084000020, 151080084000021, 151080084000022]",3,sin_control,5,5,14,14
13114101005022,"[151080084400036, 151080084400037, 151080084400038, 151080084400039]",4,sin_control,1,1,4,4
13114101005024,[151080084400044],1,sin_control,14,14,9,9
13114111001006,[151080061400012],1,sin_control,3,3,2,2
13114111001009,[151080063600013],1,sin_control,11,11,16,16
13114111002009,[151080066800042],1,sin_control,24,24,35,35
13114111003016,[151080064800098],1,sin_control,15,15,18,18
13114111004003,[151080050200027],1,con_control,3,3,1,1
13114111004005,[151080050600004],1,con_control,4,4,4,4
13114111004013,"[151080053200001, 151080053200021]",2,sin_control,3,3,10,10
13114111005003,"[151080068200005, 151080068200006, 151080068200007]",3,sin_control,1,1,3,3
13114111005008,"[151080069000034, 151080069000035, 151080069000036, 151080069000037, 151080069000038]",5,sin_control,3,3,14,14
13114111006001,"[151080053900068, 151080053900069]",2,sin_control,4,4,7,7
13114111006005,"[151080057100009, 151080057100010]",2,sin_control,1,1,2,2
13114111006009,"[151080055400028, 151080055400030]",2,sin_control,2,2,3,3
13114111006010,[151080057700005],1,sin_control,10,10,10,10
13114111007003,"[151080051400003, 151080051400011, 151080051400012]",3,sin_control,1,1,3,3
13114111007004,"[151080051600006, 151080051600021, 151080051600022, 151080051600023, 151080051600033]",5,sin_control,1,1,5,5
13114111007007,"[151080052000009, 151080052000010, 151080052000011]",3,sin_control,1,1,3,3
13114121001001,[151080028400025],1,sin_control,20,20,15,15
13114121001012,[151080030800006],1,sin_control,11,11,13,13
13114121001013,[151080031200007],1,sin_control,13,13,15,15
13114121001025,"[151080034000012, 151080034000013, 151080034000014, 151080034000015]",4,sin_control,2,2,10,10
13114121002002,"[151080036800018, 151080036800029]",2,sin_control,1,1,2,2
13114121002003,[151080037000013],1,sin_control,27,27,26,26
13114121002004,[151080040000054],1,sin_control,16,16,14,14
13114121002006,[151080040600028],1,sin_control,29,29,26,26
13114121002007,[151080040200022],1,sin_control,26,26,19,19
13114121002008,[151080040400005],1,sin_control,23,23,18,18
13114121003001,"[151080035400066, 151080035400067, 151080035400068, 151080035400069]",4,sin_control,4,4,16,16
13114121003002,[151080035400052],1,sin_control,23,23,19,19
13114121003003,"[151080035800003, 151080035800004, 151080035800005]",3,sin_control,9,9,20,20
13114121003004,"[151080036000004, 151080036000020, 151080036000021]",3,sin_control,4,4,9,9
13114121004001,"[151080038200029, 151080038200030]",2,sin_control,1,1,2,2
13114121005003,[151080042800006],1,sin_control,16,16,16,16
13114121005004,[151080043000008],1,sin_control,30,30,24,24
13114121005013,"[151080045000004, 151080045000005, 151080045000006]",3,sin_control,1,1,3,3
13114121005016,"[151080045600027, 151080045600028]",2,sin_control,4,4,6,6
13114121005017,[151080046000008],1,sin_control,8,8,13,13
13114121005020,[151080046400025],1,con_control,3,3,7,7
13114121006001,[151080037400021],1,sin_control,21,21,34,34
13114121006002,[151080037800055],1,sin_control,22,22,32,32
13114121006003,[151080038000018],1,sin_control,15,15,21,21
13114121007001,"[151080034200041, 151080034200042, 151080034200043, 151080034200055]",4,sin_control,2,2,5,5
13114121007002,[151080035200103],1,sin_control,37,37,47,47
13114131002002,"[151080032500005, 151080032500006]",2,sin_control,1,1,2,2
13114131003003,"[151080025500039, 151080025500040]",2,sin_control,1,1,2,2
13114131003004,[151080025300011],1,con_control,2,2,3,3
13114131003006,"[151080023100004, 151080023100010]",2,sin_control,2,2,5,5
13114131005008,"[151080020500026, 151080020500027]",2,sin_control,1,1,2,2
13114131006003,[151080022800045],1,sin_control,2,2,3,3
13114131007007,"[151080023800014, 151080023800015]",2,sin_control,1,1,2,2
13114131007010,[151080026200005],1,sin_control,3,3,3,3
13114131008003,"[151080020600001, 151080020600029]",2,sin_control,1,1,2,2
13114131008005,"[151080023600001, 151080023600010, 151080023600011, 151080023600012]",4,sin_control,1,1,4,4
13114131010005,"[151080029700001, 151080029700002, 151080029700016]",3,sin_control,1,1,3,3
13120011001001,"[151050122900008, 151050122900040]",2,sin_control,4,4,7,7
13120011001002,"[151050123100006, 151050123100073]",2,sin_control,6,6,20,20
13120011001003,"[151050103100001, 151050103100002, 151050103100023, 151050103100024]",4,sin_control,2,2,5,5
13120011001004,"[151050102900024, 151050102900025]",2,sin_control,3,3,10,10
13120011001005,"[151050092900004, 151050092900005]",2,sin_control,9,9,7,7
13120011001006,"[151050082900010, 151050082900011]",2,sin_control,4,4,5,5
13120011001007,[151050083100019],1,sin_control,6,6,5,5
13120011002002,"[151050075100008, 151050075100009, 151050075100019, 151050075100020]",4,sin_control,1,1,4,4
13120011002003,[151050075200003],1,sin_control,7,7,10,10
13120011002004,"[151050075500013, 151050075500014]",2,sin_control,2,2,5,5
13120011002006,"[151050065400016, 151050065400021]",2,sin_control,6,6,9,9
13120011002008,"[151050065100005, 151050065100006]",2,sin_control,3,3,6,6
13120011002009,"[151050055200008, 151050055200010]",2,sin_control,1,1,2,2
13120011002012,[151050025500005],1,con_control,4,4,5,5
13120011002013,[151050015500002],1,con_control,3,3,6,6
13120011002014,"[151050005400051, 151050005400052]",2,sin_control,7,7,9,9
13120011002015,"[151050005300024, 151050005300025]",2,sin_control,4,4,8,8
13120011002016,"[151050045200008, 151050045200009]",2,sin_control,2,2,3,3
13120011002018,[151050005200006],1,con_control,3,3,4,4
13120011003001,"[151050052900014, 151050052900015]",2,sin_control,1,1,2,2
13120011003002,[151050073100014],1,sin_control,7,7,10,10
13120011003003,[151050073200003],1,sin_control,13,13,9,9
13120011003005,"[151050023100001, 151050023100018, 151050023100019, 151050023100020]",4,sin_control,3,3,11,11
13120011003006,"[151050022900001, 151050022900002]",2,sin_control,1,1,2,2
13120011003007,"[151050002900037, 151050002900038]",2,sin_control,1,1,2,2
13120011003008,"[151050013100002, 151050013100003, 151050013100004]",3,sin_control,1,1,3,3
13120011003009,"[151050003100002, 151050003100003]",2,sin_control,2,2,4,4
13120011004001,"[151050123200047, 151050123200048]",2,sin_control,3,3,8,8
13120011004002,"[151050123500030, 151050123500031]",2,sin_control,17,17,24,24
13120011004003,"[151050103500003, 151050103500004]",2,sin_control,3,3,9,9
13120011004004,"[151050103200036, 151050103200037, 151050103200047]",3,sin_control,5,5,13,13
13120011004005,[151050083300023],1,sin_control,10,10,12,12
13120011005002,[151050123600007],1,con_control,10,10,7,7
13120011005003,[151050123700005],1,sin_control,8,8,11,11
13120011005007,"[151050103700008, 151050103700030, 151050103700046, 151050103700047]",4,sin_control,2,2,5,5
13120011006001,"[151050004300078, 151050004300079, 151050004300080, 151050004300081]",4,sin_control,2,2,5,5
13120011006002,"[151050064900012, 151050064900020]",2,sin_control,1,1,2,2
13120011006003,"[151050065000008, 151050065000009, 151050065000010]",3,sin_control,2,2,4,4
13120011006004,"[151050054900007, 151050054900008]",2,sin_control,2,2,5,5
13120011006005,[151050005100009],1,sin_control,9,9,6,6
13120011007001,[151050073300031],1,sin_control,39,39,34,34
13120011007002,"[151050073500021, 151050073500022, 151050073500023, 151050073500024, 151050073500041, 151050073500042]",6,sin_control,1,1,6,6
13120011007003,[151050073700015],1,sin_control,8,8,10,10
13120011007004,"[151050073800024, 151050073800025]",2,sin_control,3,3,5,5
13120011007005,"[151050053700009, 151050053700010]",2,sin_control,5,5,10,10
13120011007009,[151050003500023],1,con_control,3,3,3,3
13120011008001,"[151050053800031, 151050053800032, 151050053800033]",3,sin_control,2,2,9,9
13120011008002,[151050023800022],1,sin_control,4,4,7,7
13120011008003,[151050003800063],1,sin_control,5,5,6,6
13120011008004,[151050003900024],1,sin_control,8,8,11,11
13120011008005,"[151050004000021, 151050004000092]",2,sin_control,4,4,10,10
13120011009002,[151050074100035],1,sin_control,8,8,25,25
13120011009003,[151050074200021],1,sin_control,15,15,17,17
13120021001001,[151050156800029],1,sin_control,32,32,38,38
13120021001002,[151050157100024],1,sin_control,40,40,32,32
13120021001003,[151050127100086],1,sin_control,36,36,66,66
13120021001004,[151050147000006],1,sin_control,4,4,5,5
13120021001005,"[151050146800014, 151050146800015]",2,sin_control,15,15,19,19
13120021001006,"[151050127100002, 151050127100003, 151050127100004, 151050127100005, 151050127100006, 151050127100042]",6,sin_control,2,2,7,7
13120021001007,[151050126800014],1,sin_control,9,9,11,11
13120021001008,Int64[],0,sin_control,50,71,46,62
13120021001009,[151050087100019],1,sin_control,19,19,20,20
13120021002001,[151050156100044],1,sin_control,12,12,15,15
13120021002003,[151050186200004],1,sin_control,40,40,28,28
13120021002004,[151050176200009],1,sin_control,49,49,34,34
13120021002005,[151050176400029],1,sin_control,11,11,17,17
13120021002006,[151050166400011],1,sin_control,9,9,16,16
13120021002007,[151050166200028],1,sin_control,31,31,28,28
13120021002008,[151050155800012],1,sin_control,45,45,24,24
13120021002009,[151050156200017],1,sin_control,7,7,13,13
13120021002010,[151050156400008],1,sin_control,18,18,16,16
13120021002011,"[151050146400014, 151050146400015]",2,sin_control,2,2,4,4
13120021002012,[151050126400003],1,con_control,7,7,7,7
13120021002013,[151050126200033],1,sin_control,16,16,17,17
13120021002014,[151050126200041],1,sin_control,8,8,13,13
13120021002015,[151050126200087],1,sin_control,15,15,22,22
13120021002017,[151050125800025],1,sin_control,35,35,23,23
13120021002018,[151050085800021],1,sin_control,4,4,10,10
13120021002019,[151050086100029],1,con_control,2,2,1,1
13120021002020,[151050086200024],1,sin_control,27,27,18,18
13120021002021,[151050086300004],1,sin_control,44,44,27,27
13120021002022,[151050086400024],1,sin_control,30,30,23,23
13120021002023,"[151050086500003, 151050086500019]",2,sin_control,12,12,14,14
13120021003001,[151050184900017],1,sin_control,50,55,38,41
13120021003002,[151050185000015],1,sin_control,50,81,34,35
13120021003003,[151050185100013],1,sin_control,50,64,32,32
13120021003004,[151050185200026],1,sin_control,19,19,14,14
13120021003005,"[151050195600020, 151050195600021, 151050195600022, 151050195600023]",4,sin_control,2,2,8,8
13120021003006,[151050185700001],1,sin_control,14,14,16,16
13120021003007,[151050185600001],1,sin_control,14,14,16,16
13120021003008,[151050165600011],1,sin_control,14,14,13,13
13120021003009,[151050155600005],1,sin_control,6,6,7,7
13120021003010,[151050155300022],1,sin_control,23,23,14,14
13120021003011,"[151050155200005, 151050155200006]",2,sin_control,1,1,2,2
13120021003012,[151050155100023],1,sin_control,20,20,22,22
13120021003013,[151050155000021],1,sin_control,21,21,22,22
13120021003014,[151050154900003],1,sin_control,22,22,25,25
13120021003015,[151050144900021],1,sin_control,9,9,14,14
13120021003016,[151050145000002],1,sin_control,12,12,14,14
13120021003017,[151050145100026],1,sin_control,46,46,24,24
13120021003018,[151050145200007],1,sin_control,16,16,11,11
13120021003019,[151050125500054],1,sin_control,8,8,12,12
13120021003020,[151050145600028],1,sin_control,8,8,8,8
13120021003021,"[151050125600011, 151050125600012, 151050125600013]",3,sin_control,1,1,3,3
13120021003022,"[151050085600006, 151050085600007]",2,sin_control,2,2,5,5
13120021003023,"[151050085600034, 151050085600035, 151050085600039, 151050085600040]",4,sin_control,5,5,13,13
13120021003024,[151050085600024],1,sin_control,19,19,14,14
13120021003026,[151050085200008],1,sin_control,37,37,27,27
13120021003027,[151050085100036],1,sin_control,50,60,34,34
13120021003028,[151050134700010],1,sin_control,5,5,11,11
13120021003029,[151050085000010],1,sin_control,42,42,18,18
13120021003030,[151050084900005],1,sin_control,50,65,24,39
13120021004001,"[151050304900001, 151050304900013, 151050304900014, 151050304900015, 151050304900016, 151050304900017]",6,sin_control,1,1,6,6
13120021004005,"[151050286200003, 151050286200004]",2,sin_control,2,2,3,3
13120021004006,"[151050285600026, 151050285600027, 151050285600028]",3,sin_control,1,1,3,3
13120021004007,"[151050285100004, 151050285100005, 151050285100006]",3,sin_control,2,2,6,6
13120021004008,[151050284900007],1,sin_control,11,11,23,23
13120021004009,[151050274900015],1,sin_control,10,10,13,13
13120021004010,"[151050275100005, 151050275100006]",2,sin_control,3,3,4,4
13120021004011,"[151050275600001, 151050275600002, 151050275600003]",3,sin_control,1,1,3,3
13120021004013,"[151050276200002, 151050276200021]",2,sin_control,2,2,3,3
13120021005002,"[151050306800017, 151050306800018]",2,sin_control,4,4,9,9
13120021005004,"[151050286800013, 151050286800021, 151050286800022]",3,sin_control,1,1,3,3
13120021005006,"[151050276600018, 151050276600019, 151050276600020, 151050276600021]",4,sin_control,1,1,4,4
13120021005008,[151050276900003],1,sin_control,11,11,9,9
13120021005009,"[151050277100001, 151050277100005, 151050277100006, 151050277100007]",4,sin_control,1,1,4,4
13120021005010,[151050267100003],1,sin_control,8,8,8,8
13120021005011,[151050266900008],1,sin_control,39,39,20,20
13120021005012,[151050266800006],1,sin_control,17,17,14,14
13120021005013,"[151050246600025, 151050246600026, 151050246600027, 151050246600028]",4,sin_control,5,5,8,8
13120021005014,[151050246800009],1,sin_control,22,22,22,22
13120021005015,[151050246900009],1,sin_control,20,20,15,15
13120021005016,"[151050247100015, 151050247100016]",2,sin_control,2,2,4,4
13120021005017,[151050236900033],1,sin_control,11,11,20,20
13120021005018,"[151050236800011, 151050236800012]",2,sin_control,3,3,6,6
13120021005023,"[151050226600001, 151050226600002, 151050226600005, 151050226600006]",4,sin_control,2,2,8,8
13120021005024,[151050226800005],1,sin_control,7,7,13,13
13120021005025,"[151050216800004, 151050216800005, 151050216800010, 151050216800011]",4,sin_control,1,1,4,4
13120021005026,"[151050206800004, 151050206800005, 151050206800006, 151050206800007]",4,sin_control,3,3,6,6
13120021005029,[151050226900010],1,sin_control,13,13,19,19
13120021005030,"[151050196900012, 151050196900013]",2,sin_control,14,14,15,15
13120021006001,[151050244900006],1,sin_control,17,17,25,25
13120021006002,[151050245100015],1,sin_control,21,21,26,26
13120021006006,"[151050226400201, 151050226400202]",2,sin_control,7,7,9,9
13120021006013,"[151050226400137, 151050226400138]",2,sin_control,3,3,4,4
13120021006014,"[151050235100015, 151050235100016]",2,sin_control,5,5,10,10
13120021006015,[151050234900006],1,con_control,7,7,7,7
13120021006016,"[151050214900001, 151050214900002, 151050214900003, 151050214900004]",4,sin_control,2,2,5,5
13120021006017,"[151050225100019, 151050225100020, 151050225100021, 151050225100022]",4,sin_control,2,2,8,8
13120021006018,[151050215100032],1,sin_control,35,35,25,25
13120021006019,[151050226400153],1,sin_control,10,10,15,15
13120031001002,[151050076400032],1,sin_control,40,40,24,24
13120031001003,[151050076500004],1,sin_control,9,9,16,16
13120031001004,[151050076600050],1,sin_control,13,13,10,10
13120031001005,[151050066600007],1,sin_control,15,15,15,15
13120031001006,[151050076600015],1,sin_control,10,10,12,12
13120031001007,[151050076600061],1,sin_control,8,8,8,8
13120031001008,"[151050076600036, 151050076600037]",2,sin_control,4,4,10,10
13120031001010,[151050077100025],1,sin_control,15,15,8,8
13120031001011,"[151050056900009, 151050056900010, 151050056900011]",3,sin_control,3,3,9,9
13120031001012,[151050066900005],1,sin_control,16,16,16,16
13120031001014,"[151050056700003, 151050056700004, 151050056700005, 151050056700006]",4,sin_control,2,2,5,5
13120031001015,"[151050056600003, 151050056600004, 151050056600005]",3,sin_control,3,3,10,10
13120031001016,[151050046600055],1,sin_control,12,12,16,16
13120031001017,[151050046600099],1,sin_control,16,16,21,21
13120031001018,"[151050046900002, 151050046900003, 151050046900004]",3,sin_control,1,1,3,3
13120031001021,"[151050006900005, 151050006900006, 151050006900007, 151050006900008, 151050006900012]",5,sin_control,2,2,6,6
13120031001022,"[151050006600028, 151050006600029]",2,sin_control,4,4,6,6
13120031002002,[151050075800006],1,con_control,4,4,7,7
13120031002003,"[151050065800005, 151050065800006, 151050065800007, 151050065800008]",4,sin_control,4,4,11,11
13120031002004,"[151050076100003, 151050076100004]",2,sin_control,8,8,6,6
13120031002005,[151050076200005],1,sin_control,19,19,22,22
13120031002006,[151050026100018],1,sin_control,6,6,11,11
13120031002007,[151050056000011],1,sin_control,12,12,9,9
13120031002008,[151050055800004],1,con_control,5,5,6,6
13120031002009,[151050045800019],1,sin_control,11,11,15,15
13120031002010,[151050055600006],1,sin_control,8,8,7,7
13120031002011,[151050045600006],1,sin_control,9,9,11,11
13120031002014,"[151050035900010, 151050035900011, 151050035900012, 151050035900013]",4,sin_control,1,1,4,4
13120031002015,[151050036000012],1,sin_control,6,6,7,7
13120031002016,"[151050026100002, 151050026100003]",2,sin_control,5,5,11,11
13120031002017,"[151050016100007, 151050016100008]",2,sin_control,8,8,18,18
13120031002018,[151050006100005],1,con_control,7,7,6,6
13120031002020,"[151050015800002, 151050015800003]",2,sin_control,2,2,6,6
13120031002023,[151050025600005],1,con_control,7,7,6,6
13120031003001,"[151050056200020, 151050056200021, 151050056200022]",3,sin_control,2,2,7,7
13120031003002,"[151050016400052, 151050016400053]",2,sin_control,11,11,17,17
13120031003004,[151050016200036],1,sin_control,9,9,30,30
13120031003005,[151050006200010],1,sin_control,10,10,11,11
13120031003006,[151050006400005],1,sin_control,13,13,8,8
13120041001004,[151050396900020],1,con_control,3,3,5,5
13120041001005,[151050397100005],1,sin_control,18,18,8,8
13120041002003,"[151050526900264, 151050526900280, 151050526900281]",3,sin_control,13,13,13,13
13120041002004,"[151050526900100, 151050526900101, 151050526900104, 151050526900108]",4,sin_control,1,1,4,4
13120041002009,"[151050546900031, 151050546900032]",2,sin_control,3,3,4,4
13120041002010,[151050546900012],1,sin_control,24,24,21,21
13120041002014,[151050526800013],1,sin_control,20,20,33,33
13120041003001,[151050516000010],1,sin_control,35,35,12,12
13120041003002,"[151050536300007, 151050536300008]",2,sin_control,3,3,6,6
13120041003003,[151050546300016],1,sin_control,32,32,24,24
13120041003005,[151050536200018],1,sin_control,16,16,17,17
13120041003006,[151050546200005],1,sin_control,10,10,12,12
13120041003007,[151050536100005],1,sin_control,20,20,16,16
13120041003008,[151050536000005],1,sin_control,8,8,12,12
13120041003011,"[151050546000009, 151050546000010]",2,sin_control,9,9,12,12
13120041003012,"[151050546100005, 151050546100006]",2,sin_control,8,8,12,12
13120041003014,[151050556300011],1,sin_control,17,17,16,16
13120041003015,"[151050556400004, 151050556400005]",2,sin_control,11,11,12,12
13120041003017,"[151050566300007, 151050566300008, 151050566300009]",3,sin_control,3,3,6,6
13120041003018,"[151050566200003, 151050566200004]",2,sin_control,11,11,12,12
13120041003019,"[151050566100004, 151050566100012]",2,sin_control,7,7,14,14
13120041003020,"[151050556200005, 151050556200006]",2,sin_control,8,8,12,12
13120041003022,[151050556100017],1,sin_control,10,10,17,17
13120041003023,"[151050566000005, 151050566000006]",2,sin_control,8,8,12,12
13120041003026,[151050576000019],1,sin_control,39,39,27,27
13120041003028,[151050576200025],1,sin_control,50,55,28,28
13120041003029,[151050586300018],1,sin_control,28,28,22,22
13120041003030,[151050586200029],1,sin_control,18,18,14,14
13120041003031,[151050586200005],1,sin_control,19,19,14,14
13120041003033,[151050586100004],1,sin_control,19,19,14,14
13120041003034,[151050586100028],1,sin_control,18,18,14,14
13120041003036,[151050586000006],1,sin_control,32,32,24,24
13120041003037,[151050596000007],1,sin_control,44,44,28,28
13120041003038,[151050596100023],1,sin_control,29,29,25,25
13120041004001,[151050516000003],1,con_control,3,3,5,5
13120041004002,[151050396200008],1,sin_control,8,8,9,9
13120041004003,[151050406200013],1,sin_control,5,5,14,14
13120041004004,"[151050416200001, 151050416200002, 151050416200012, 151050416200013]",4,sin_control,5,5,11,11
13120041004005,[151050436200005],1,sin_control,10,10,18,18
13120041004006,"[151050446200001, 151050446200002]",2,sin_control,5,5,11,11
13120041004007,[151050456200003],1,sin_control,9,9,14,14
13120041005001,[151050536400013],1,sin_control,24,24,13,13
13120041005002,"[151050536500005, 151050536500006, 151050536500007, 151050536500008]",4,sin_control,3,3,8,8
13120041005003,"[151050536600001, 151050536600002, 151050536600003, 151050536600006]",4,sin_control,3,3,8,8
13120041005004,"[151050536700004, 151050536700005]",2,sin_control,11,11,12,12
13120041005005,[151050566900021],1,sin_control,23,23,23,23
13120041005006,"[151050567000004, 151050567000005]",2,sin_control,5,5,14,14
13120041005007,[151050567100045],1,sin_control,7,7,16,16
13120041005008,"[151050546700005, 151050546700006, 151050546700007, 151050546700008]",4,sin_control,3,3,8,8
13120041005009,"[151050546600004, 151050546600010]",2,sin_control,6,6,12,12
13120041005011,"[151050546500009, 151050546500010]",2,sin_control,15,15,12,12
13120041005014,"[151050556500003, 151050556500004]",2,sin_control,3,3,8,8
13120041005015,"[151050556600009, 151050556600010]",2,sin_control,6,6,12,12
13120041005016,"[151050556700003, 151050556700004]",2,sin_control,15,15,12,12
13120041005017,"[151050556800001, 151050556800002, 151050556800003, 151050556800004]",4,sin_control,3,3,8,8
13120041005018,"[151050566700003, 151050566700004, 151050566700009, 151050566700010]",4,sin_control,5,5,12,12
13120041005019,"[151050566600001, 151050566600002, 151050566600003, 151050566600004]",4,sin_control,3,3,8,8
13120041005020,"[151050566500005, 151050566500006, 151050566500007, 151050566500008]",4,sin_control,3,3,8,8
13120041005022,[151050576400006],1,sin_control,30,30,23,23
13120041005023,[151050576500003],1,sin_control,41,41,24,24
13120041005025,[151050576600005],1,sin_control,34,34,23,23
13120041005026,[151050576700005],1,sin_control,27,27,18,18
13120041005027,[151050576800015],1,sin_control,50,53,24,24
13120041005028,[151050576800043],1,sin_control,29,29,24,24
13120041005029,[151050576900004],1,sin_control,15,15,14,14
13120041005031,[151050587000005],1,sin_control,16,16,17,17
13120041005032,[151050586900004],1,sin_control,17,17,19,19
13120041005033,[151050586800007],1,sin_control,50,60,23,24
13120041005034,[151050586800032],1,sin_control,30,30,24,24
13120041005035,[151050586700018],1,sin_control,31,31,24,24
13120041005036,[151050586600004],1,sin_control,27,27,23,23
13120041005037,[151050586400017],1,sin_control,32,32,23,23
13120041005039,[151050596600006],1,sin_control,50,53,24,24
13120041005040,[151050596600029],1,sin_control,32,32,24,24
13120041005041,[151050606600005],1,sin_control,19,19,16,16
13120041005043,[151050606700021],1,sin_control,19,19,20,20
13120041005045,[151050596700019],1,sin_control,27,27,23,23
13120041005047,[151050596900017],1,sin_control,16,16,22,22
13120041005049,[151050616800020],1,sin_control,25,25,24,24
13120041005050,[151050616800044],1,sin_control,29,29,23,23
13120051001001,"[151050394300004, 151050394300005]",2,sin_control,1,1,2,2
13120051001002,"[151050394900020, 151050394900021]",2,sin_control,3,3,8,8
13120051001004,[151050515000017],1,sin_control,21,21,19,19
13120051001005,[151050514900022],1,sin_control,48,48,23,23
13120051001006,"[151050514300047, 151050514300048]",2,sin_control,2,2,6,6
13120051001007,[151050564300042],1,sin_control,37,37,33,33
13120051001009,[151050564900007],1,sin_control,38,38,21,21
13120051001010,[151050565000021],1,sin_control,36,36,21,21
13120051002001,[151050395200017],1,sin_control,9,9,12,12
13120051002002,"[151050395400051, 151050395400052]",2,sin_control,3,3,11,11
13120051002003,[151050395600022],1,sin_control,6,6,11,11
13120051002004,[151050395800011],1,sin_control,6,6,4,4
13120051002005,[151050405800003],1,sin_control,23,23,23,23
13120051002006,[151050405600018],1,sin_control,25,25,23,23
13120051002007,[151050515800003],1,sin_control,15,15,22,22
13120051002008,[151050515600009],1,sin_control,23,23,23,23
13120051002009,"[151050515400040, 151050515400041, 151050515400042, 151050515400043]",4,sin_control,2,2,6,6
13120051002010,"[151050515400035, 151050515400036, 151050515400037, 151050515400038]",4,sin_control,2,2,7,7
13120051002011,[151050515400027],1,sin_control,8,8,20,20
13120051002012,[151050515200041],1,sin_control,17,17,19,19
13120051002013,"[151050565200076, 151050565200077, 151050565200078]",3,sin_control,4,4,13,13
13120051002014,"[151050565200053, 151050565200054, 151050565200055, 151050565200056, 151050565200057]",5,sin_control,1,1,5,5
13120051002015,"[151050565200041, 151050565200042, 151050565200084, 151050565200085, 151050565200086, 151050565200088, 151050565200116]",7,sin_control,2,2,10,10
13120051002017,"[151050565200089, 151050565200090, 151050565200091, 151050565200092]",4,sin_control,1,1,4,4
13120051002019,"[151050565200096, 151050565200097]",2,sin_control,9,9,12,12
13120051002022,"[151050565400040, 151050565400041]",2,sin_control,7,7,15,15
13120051002023,"[151050565400015, 151050565400016, 151050565400017, 151050565400057, 151050565400079]",5,sin_control,1,1,5,5
13120051002024,[151050565600003],1,sin_control,9,9,13,13
13120051002025,[151050565800003],1,sin_control,4,4,6,6
13120051002030,"[151050565600073, 151050565600074, 151050565600075]",3,sin_control,4,4,9,9
13120051002033,[151050565800017],1,sin_control,12,12,15,15
13120051002034,"[151050565800036, 151050565800037, 151050565800038, 151050565800039]",4,sin_control,3,3,9,9
13120051002035,"[151050565600030, 151050565600031, 151050565600032]",3,sin_control,4,4,12,12
13120051002036,"[151050565600057, 151050565600058, 151050565600059]",3,sin_control,5,5,10,10
13120051002037,"[151050565400034, 151050565400075]",2,sin_control,2,2,4,4
13120051002039,[151050585200017],1,con_control,8,8,14,14
13120051002040,"[151050585200007, 151050585200036]",2,sin_control,8,8,16,16
13120051002041,"[151050585200058, 151050585200059]",2,sin_control,15,15,29,29
13120051002044,[151050585600026],1,sin_control,12,12,13,13
13120051002045,"[151050585600040, 151050585600041]",2,sin_control,5,5,10,10
13120051002046,"[151050585800037, 151050585800038]",2,sin_control,7,7,11,11
13120051002047,"[151050585800068, 151050585800069, 151050585800070]",3,sin_control,2,2,5,5
13120051002048,"[151050585800016, 151050585800071, 151050585800072, 151050585800073]",4,sin_control,1,1,4,4
13120051002050,"[151050585800045, 151050585800046, 151050585800047, 151050585800048]",4,sin_control,1,1,4,4
13120051002053,"[151050585600017, 151050585600035]",2,sin_control,3,3,4,4
13120051002054,"[151050585800032, 151050585800052]",2,sin_control,3,3,5,5
13120051002056,"[151050714100030, 151050714100031]",2,sin_control,2,2,4,4
13120051002057,[151050714100009],1,sin_control,33,33,20,20
13120051003001,[151050564100014],1,sin_control,39,39,25,25
13120051003002,[151050564200011],1,sin_control,18,18,28,28
13120051003003,[151050574300037],1,sin_control,13,13,21,21
13120051003004,"[151050584300003, 151050584300004]",2,sin_control,5,5,9,9
13120051003005,[151050574500007],1,sin_control,50,92,30,54
13120051003006,[151050584900019],1,sin_control,44,44,19,19
13120051003007,[151050574900019],1,sin_control,38,38,21,21
13120051003008,[151050575000006],1,sin_control,38,38,21,21
13120051003009,[151050585000017],1,sin_control,28,28,19,19
13120051004001,[151050393900035],1,sin_control,15,15,11,11
13120051004002,"[151050394100001, 151050394100002, 151050394100003]",3,sin_control,2,2,6,6
13120051004004,[151050514100027],1,sin_control,44,44,30,30
13120051004005,[151050513900014],1,sin_control,5,5,17,17
13120061001001,"[151050623900002, 151050623900019]",2,sin_control,3,3,8,8
13120061001003,[151050644800006],1,sin_control,31,31,27,27
13120061001004,[151050644700006],1,sin_control,27,27,26,26
13120061001005,[151050644600007],1,sin_control,26,26,27,27
13120061001006,[151050654500006],1,sin_control,25,25,26,26
13120061001007,[151050654400007],1,sin_control,26,26,26,26
13120061001008,[151050664200006],1,sin_control,19,19,29,29
13120061001009,"[151050664300003, 151050664300004, 151050664300005, 151050664300006, 151050664300007]",5,sin_control,3,3,7,7
13120061001014,"[151050654800013, 151050654800014, 151050654800015]",3,sin_control,14,14,20,20
13120061001015,[151050654900011],1,sin_control,10,10,14,14
13120061001016,[151050664900008],1,sin_control,14,14,19,19
13120061001019,[151050664800012],1,sin_control,17,17,23,23
13120061001021,[151050664700013],1,sin_control,25,25,26,26
13120061001023,[151050664600013],1,sin_control,20,20,20,20
13120061001024,[151050664500012],1,sin_control,26,26,26,26
13120061001026,"[151050674300012, 151050674300013]",2,sin_control,17,17,23,23
13120061001027,[151050674200013],1,sin_control,18,18,16,16
13120061001028,"[151050653900034, 151050653900035]",2,sin_control,4,4,10,10
13120061001029,"[151050653900058, 151050653900063]",2,sin_control,5,5,10,10
13120061003008,[151050626600006],1,sin_control,9,9,15,15
13120061003009,[151050626700016],1,sin_control,5,5,16,16
13120061003011,[151050626400020],1,sin_control,32,32,24,24
13120061003012,[151050626300019],1,sin_control,9,9,20,20
13120061003013,[151050626100006],1,sin_control,13,13,23,23
13120061003016,[151050625900020],1,sin_control,18,18,21,21
13120061003017,[151050626000009],1,sin_control,17,17,24,24
13120061003018,[151050626200005],1,con_control,5,5,9,9
13120061003019,[151050636200019],1,sin_control,10,10,18,18
13120061003021,[151050636500005],1,sin_control,10,10,22,22
13120061003022,[151050626800005],1,sin_control,9,9,21,21
13120061004001,[151050635900017],1,sin_control,18,18,24,24
13120061004002,[151050636000008],1,sin_control,13,13,21,21
13120061004004,[151050645900020],1,sin_control,7,7,15,15
13120061004005,[151050646200017],1,sin_control,9,9,24,24
13120061004006,[151050646300008],1,sin_control,14,14,24,24
13120061004007,"[151050636600020, 151050636600021, 151050636600022, 151050636600023, 151050636600024]",5,sin_control,1,1,5,5
13120061004008,"[151050646600008, 151050646600009, 151050646600010]",3,sin_control,3,3,7,7
13120061004010,[151050646800009],1,sin_control,14,14,24,24
13120061004015,[151050666600003],1,sin_control,10,10,20,20
13120061004016,[151050656700006],1,con_control,8,8,16,16
13120061004017,[151050656600006],1,sin_control,14,14,19,19
13120061004018,[151050656500005],1,sin_control,13,13,24,24
13120061004020,"[151050656200008, 151050656200009]",2,sin_control,3,3,11,11
13120061004021,[151050655900005],1,sin_control,14,14,22,22
13120061004022,"[151050656000014, 151050656000015, 151050656000016, 151050656000017, 151050656000018]",5,sin_control,3,3,15,15
13120061004023,[151050665900005],1,sin_control,14,14,24,24
13120061004025,[151050666200005],1,sin_control,9,9,17,17
13120061004026,"[151050666100008, 151050666100009, 151050666100010]",3,sin_control,6,6,22,22
13120061005002,[151050625400022],1,sin_control,19,19,26,26
13120061005004,"[151050625700006, 151050625700007, 151050625700008, 151050625700009, 151050625700010, 151050625700011]",6,sin_control,2,2,12,12
13120061005006,[151050625500006],1,sin_control,22,22,23,23
13120061005007,[151050635400018],1,sin_control,17,17,21,21
13120061005009,"[151050635600006, 151050635600007, 151050635600008, 151050635600009, 151050635600010, 151050635600011]",6,sin_control,1,1,6,6
13120061005011,[151050635500005],1,sin_control,9,9,21,21
13120061005012,"[151050645400006, 151050645400007]",2,sin_control,4,4,21,21
13120061005013,"[151050645600007, 151050645600008, 151050645600009, 151050645600014, 151050645600015, 151050645600016, 151050645600017]",7,sin_control,5,5,13,13
13120061005014,"[151050645700014, 151050645700015, 151050645700016, 151050645700017, 151050645700018]",5,sin_control,2,2,9,9
13120061005015,"[151050645500004, 151050645500005, 151050645500006]",3,sin_control,10,10,19,19
13120061005017,"[151050655600006, 151050655600007, 151050655600008, 151050655600009, 151050655600010, 151050655600011]",6,sin_control,2,2,12,12
13120061005019,"[151050655500020, 151050655500021, 151050655500022, 151050655500023]",4,sin_control,5,5,19,19
13120061005022,"[151050675600016, 151050675600017]",2,sin_control,20,20,18,18
13120061005024,[151050675100031],1,sin_control,34,34,16,16
13120061005025,"[151050665100003, 151050665100004, 151050665100005, 151050665100006, 151050665100007]",5,sin_control,3,3,7,7
13120061005026,[151050665000008],1,sin_control,28,28,25,25
13120071001002,"[151050512900034, 151050512900035]",2,sin_control,2,2,4,4
13120071001003,[151050542900031],1,sin_control,6,6,10,10
13120071001004,[151050562900003],1,sin_control,6,6,9,9
13120071002001,"[151050393200001, 151050393200002, 151050393200032]",3,sin_control,3,3,6,6
13120071002004,"[151050513200005, 151050513200006, 151050513200007, 151050513200008]",4,sin_control,6,6,15,15
13120071002005,[151050543200038],1,sin_control,20,20,17,17
13120071003003,[151050563500002],1,sin_control,5,5,9,9
13120071004002,[151050603200487],1,sin_control,7,7,13,13
13120071004003,"[151050583500011, 151050583500012]",2,sin_control,7,7,11,11
13120071005003,[151050613300158],1,sin_control,17,17,15,15
13120071005004,[151050613300190],1,con_control,9,9,7,7
13120071005011,[151050613300018],1,sin_control,6,6,19,19
13120071005012,"[151050613500022, 151050613500023]",2,sin_control,3,3,7,7
13120071005013,[151050623500040],1,sin_control,12,12,20,20
13120071006026,[151050642900096],1,sin_control,5,5,5,5
13120071006027,[151050643200207],1,sin_control,7,7,4,4
13120071006028,"[151050633500025, 151050633500026, 151050633500027]",3,sin_control,8,8,22,22
13120071007001,[151050652900010],1,sin_control,17,17,24,24
13120071007002,"[151050653200004, 151050653200005]",2,sin_control,5,5,10,10
13120071007003,[151050653300004],1,sin_control,9,9,9,9
13120071007005,[151050653500034],1,sin_control,12,12,18,18
13120071007006,[151050663300012],1,sin_control,7,7,11,11
13120071007007,[151050663200020],1,sin_control,23,23,19,19
13120071007008,[151050662900010],1,con_control,4,4,7,7
13120071007009,[151050672900025],1,sin_control,7,7,7,7
13120081003002,"[151050631500003, 151050631500004, 151050631500005, 151050631500006, 151050631500438, 151050631500439, 151050631500440, 151050631500441]",8,sin_control,2,2,10,10
13120081003003,"[151050631500009, 151050631500010, 151050631500444, 151050631500445]",4,sin_control,5,5,12,12
13120081003004,"[151050631500013, 151050631500014, 151050631500015, 151050631500016, 151050631500017, 151050631500018]",6,sin_control,1,1,6,6
13120081003008,"[151050631500208, 151050631500209, 151050631500210, 151050631500211, 151050631500369, 151050631500370, 151050631500371, 151050631500372]",8,sin_control,2,2,10,10
13120081004007,"[151050631900073, 151050631900074, 151050631900075, 151050631900076]",4,sin_control,2,2,6,6
13120081004010,[151050651800024],1,sin_control,27,27,27,27
13120081004011,[151050642000069],1,sin_control,4,4,10,10
13120081004012,[151050652000001],1,sin_control,6,6,3,3
13120081004013,[151050652300020],1,sin_control,4,4,6,6
13120081004014,[151050642300083],1,sin_control,17,17,12,12
13120081004015,"[151050642700083, 151050642700084]",2,sin_control,2,2,10,10
13120081004016,[151050652700017],1,sin_control,4,4,7,7
13120081004017,[151050662700006],1,sin_control,21,21,14,14
13120081004018,[151050672700016],1,sin_control,11,11,12,12
13120081004019,[151050672300015],1,sin_control,17,17,11,11
13120081004020,[151050662300006],1,sin_control,8,8,9,9
13120081004021,[151050662000010],1,sin_control,7,7,11,11
13120081004022,[151050661900002],1,sin_control,10,10,11,11
13120081004026,[151050661600017],1,sin_control,20,20,26,26
13120081004027,[151050661400009],1,sin_control,35,35,27,27
13120081004029,[151050661200003],1,sin_control,6,6,3,3
13120081004031,[151050660100013],1,sin_control,5,5,11,11
13120091001001,"[151050303700002, 151050303700003, 151050303700004, 151050303700005]",4,sin_control,2,2,8,8
13120091002003,[151050611000004],1,con_control,10,10,7,7
13120101001001,"[151050276700008, 151050276700009]",2,sin_control,12,12,9,9
13120101001010,[151050400200009],1,sin_control,9,9,12,12
13120101001011,[151050390300032],1,con_control,2,2,8,8
13120101001013,"[151050540200014, 151050540200015, 151050540200021]",3,sin_control,2,2,4,4
13120101001015,"[151050540100018, 151050540100019]",2,sin_control,1,1,2,2
13120101002003,"[151050390500057, 151050390500058, 151050390500059, 151050390500067]",4,sin_control,1,1,4,4
13120101002004,"[151050510700017, 151050510700018]",2,sin_control,1,1,2,2
13120101003007,"[151050511600024, 151050511600025]",2,sin_control,2,2,7,7
13120101004001,"[151050391200004, 151050391200005]",2,sin_control,7,7,12,12
13120101004003,[151050391600024],1,sin_control,15,15,8,8
13120101004004,"[151050391900126, 151050391900127]",2,sin_control,6,6,12,12
13120101005002,[151050511900009],1,sin_control,4,4,6,6
13120101006001,"[151050392000031, 151050392000057]",2,sin_control,5,5,9,9
13120101006004,"[151050512700037, 151050512700038, 151050512700039]",3,sin_control,4,4,11,11
13120101006005,"[151050512300005, 151050512300006]",2,sin_control,6,6,13,13
13120101008003,[151050580200018],1,con_control,2,2,10,10
13120101008006,"[151050590200019, 151050590200020, 151050590200021, 151050590200022]",4,sin_control,1,1,4,4
13120101008007,"[151050600200001, 151050600200002, 151050600200003, 151050600200010]",4,sin_control,1,1,4,4
13120101008008,[151050600300019],1,sin_control,42,42,21,21
13120111001002,"[151050093900001, 151050093900002, 151050093900003, 151050093900012, 151050093900013]",5,sin_control,2,2,8,8
13120111001003,[151050094100012],1,sin_control,11,11,21,21
13120111001004,[151050094300003],1,sin_control,17,17,23,23
13120111001005,"[151050094600028, 151050094600029]",2,sin_control,2,2,6,6
13120111001006,"[151050120500028, 151050120500029, 151050120500030]",3,sin_control,1,1,3,3
13120111001007,[151050120600007],1,sin_control,45,45,17,17
13120111001008,[151050140700003],1,con_control,6,6,8,8
13120111001009,"[151050120700003, 151050120700004]",2,sin_control,6,6,8,8
13120111001010,[151050080700012],1,con_control,5,5,7,7
13120111001011,[151050080600008],1,sin_control,11,11,16,16
13120111001012,[151050070600020],1,sin_control,8,8,8,8
13120111001014,[151050000500012],1,sin_control,15,15,9,9
13120111001015,"[151050000400043, 151050000400044, 151050000400050, 151050000400051]",4,sin_control,2,2,5,5
13120111001017,[151050095200015],1,sin_control,20,20,15,15
13120111001018,[151050095100006],1,sin_control,29,29,16,16
13120111001019,[151050095000029],1,sin_control,8,8,8,8
13120111002001,"[151050140800005, 151050140800006, 151050140800013, 151050140800014]",4,sin_control,1,1,4,4
13120111002002,[151050140900005],1,con_control,8,8,8,8
13120111002003,[151050141000003],1,sin_control,17,17,15,15
13120111002004,[151050121000002],1,sin_control,10,10,16,16
13120111002005,[151050120900019],1,con_control,4,4,4,4
13120111002006,"[151050120800006, 151050120800007, 151050120800008]",3,sin_control,1,1,3,3
13120111002007,"[151050080800001, 151050080800002, 151050080800003, 151050080800011]",4,sin_control,2,2,8,8
13120111002008,"[151050080900054, 151050080900055, 151050080900056]",3,sin_control,5,5,22,22
13120111002009,"[151050101000003, 151050101000004, 151050101000005, 151050101000006, 151050101000013, 151050101000014, 151050101000015]",7,sin_control,1,1,7,7
13120111002010,"[151050081000014, 151050081000015]",2,sin_control,4,4,8,8
13120111002011,[151050071000013],1,sin_control,8,8,7,7
13120111002012,"[151050070900001, 151050070900002, 151050070900018, 151050070900019]",4,sin_control,3,3,14,14
13120111002014,[151050000800004],1,con_control,5,5,6,6
13120111003001,[151050141100022],1,sin_control,8,8,9,9
13120111003003,[151050121200017],1,sin_control,20,20,19,19
13120111003004,[151050121300010],1,sin_control,22,22,21,21
13120111003006,[151050101400008],1,sin_control,24,24,23,23
13120111003007,[151050101300005],1,sin_control,37,37,24,24
13120111003008,[151050081200012],1,sin_control,49,49,25,25
13120111003010,"[151050071100005, 151050071100012]",2,sin_control,2,2,6,6
13120111004001,"[151050131500007, 151050131500008]",2,sin_control,5,5,10,10
13120111004002,[151050131700045],1,sin_control,50,68,25,25
13120111004003,[151050121700027],1,sin_control,4,4,15,15
13120111004004,"[151050121500007, 151050121500008]",2,sin_control,5,5,10,10
13120111004005,[151050101500031],1,sin_control,14,14,15,15
13120111004006,[151050101600028],1,sin_control,30,30,23,23
13120111004007,[151050101700040],1,sin_control,8,8,13,13
13120111005001,"[151050101900002, 151050101900003]",2,sin_control,2,2,7,7
13120111005002,[151050091900036],1,sin_control,16,16,17,17
13120111005003,[151050081900031],1,sin_control,43,43,37,37
13120111005004,[151050071900008],1,sin_control,10,10,12,12
13120111005005,"[151050051900003, 151050051900010, 151050051900011]",3,sin_control,4,4,7,7
13120111005010,"[151050002000027, 151050002000028, 151050002000029]",3,sin_control,2,2,4,4
13120111006001,"[151050082300023, 151050082300024]",2,sin_control,8,8,18,18
13120111006002,"[151050092700001, 151050092700051, 151050092700052]",3,sin_control,1,1,3,3
13120111006003,[151050082700021],1,sin_control,8,8,12,12
13120111006004,[151050052700021],1,sin_control,4,4,7,7
13120111006005,[151050072300039],1,sin_control,10,10,9,9
13120111006006,"[151050052300009, 151050052300010]",2,sin_control,3,3,5,5
13120111006007,[151050022300008],1,sin_control,9,9,12,12
13120111006008,[151050022700006],1,sin_control,11,11,13,13
13120111006009,"[151050002700011, 151050002700012, 151050002700013]",3,sin_control,2,2,5,5
13120111006010,[151050002300007],1,con_control,3,3,7,7
13120111007001,[151050141900011],1,sin_control,5,5,7,7
13120111007002,[151050131900026],1,sin_control,14,14,11,11
13120111007003,[151050121900006],1,sin_control,20,20,14,14
13120111007004,[151050122300014],1,sin_control,8,8,11,11
13120111007005,"[151050122400017, 151050122400018, 151050122400025, 151050122400026, 151050122400027]",5,sin_control,1,1,5,5
13120111007006,[151050122500007],1,sin_control,37,37,19,19
13120111007007,[151050122600010],1,sin_control,24,24,15,15
13120111007008,[151050142700007],1,con_control,2,2,4,4
13120111007009,[151050132700004],1,sin_control,15,15,10,10
13120111007010,"[151050122700008, 151050122700009, 151050122700010, 151050122700017, 151050122700018]",5,sin_control,1,1,5,5
13120111007011,"[151050112700019, 151050112700020, 151050112700021]",3,sin_control,2,2,4,4
13120111007012,"[151050102700003, 151050102700029]",2,sin_control,4,4,8,8
13120111007013,[151050102600007],1,sin_control,20,20,15,15
13120111007014,[151050102500008],1,sin_control,14,14,10,10
13123011001011,[151030210300010],1,sin_control,11,11,9,9
13123011001014,[151030210500008],1,sin_control,6,6,8,8
13123011001016,[151030220300022],1,sin_control,23,23,16,16
13123011001017,[151030230300026],1,sin_control,50,64,28,30
13123011001018,[151030250300024],1,sin_control,23,23,16,16
13123011002001,"[151030270600016, 151030270600017, 151030270600018]",3,sin_control,3,3,12,12
13123011002003,"[151030310800002, 151030310800003]",2,sin_control,5,5,18,18
13123011002004,"[151030310600023, 151030310600024]",2,sin_control,4,4,4,4
13123011002005,[151030320600031],1,sin_control,13,13,17,17
13123011002006,"[151030320800009, 151030320800010]",2,sin_control,4,4,7,7
13123011002007,[151030340800014],1,con_control,8,8,7,7
13123011002008,"[151030340600001, 151030340600002, 151030340600003]",3,sin_control,2,2,6,6
13123011002009,[151030350600001],1,sin_control,9,9,9,9
13123011002010,[151030350800006],1,sin_control,6,6,8,8
13123011002011,[151030370800043],1,sin_control,17,17,11,11
13123011002012,"[151030370600007, 151030370600008]",2,sin_control,1,1,2,2
13123011002013,[151030390600020],1,sin_control,10,10,15,15
13123011002014,[151030390800018],1,sin_control,8,8,11,11
13123011003001,[151030371200032],1,sin_control,23,23,30,30
13123011003002,"[151030371300009, 151030371300037]",2,sin_control,8,8,14,14
13123011003005,"[151030411500010, 151030411500011]",2,sin_control,1,1,2,2
13123011003008,[151030390900040],1,sin_control,28,28,25,25
13123011003009,"[151030400900003, 151030400900004, 151030400900005, 151030400900006]",4,sin_control,2,2,9,9
13123011003010,"[151030410900005, 151030410900006, 151030410900007]",3,sin_control,5,5,15,15
13123011003014,"[151030431300058, 151030431300060, 151030431300062, 151030431300063, 151030431300072, 151030431300073]",6,sin_control,1,1,6,6
13123011003015,[151030431300108],1,sin_control,50,50,34,34
13123011003016,[151030430900011],1,sin_control,4,4,9,9
13123011003017,[151031141300001],1,sin_control,20,20,17,17
13123011004002,"[151030191000029, 151030191000030]",2,sin_control,2,2,6,6
13123011004004,[151030191400034],1,sin_control,4,4,6,6
13123011004005,"[151030221400003, 151030221400004]",2,sin_control,5,5,12,12
13123011004007,"[151030241500006, 151030241500008]",2,sin_control,1,1,2,2
13123011004008,[151030241400012],1,con_control,3,3,5,5
13123011004009,"[151030231300001, 151030231300005, 151030231300006]",3,sin_control,1,1,3,3
13123011004010,[151030221200014],1,sin_control,4,4,7,7
13123011004014,[151030240900003],1,sin_control,14,14,9,9
13123011004015,[151030250900013],1,sin_control,7,7,10,10
13123011004016,"[151030260900013, 151030260900014, 151030260900015]",3,sin_control,3,3,7,7
13123011004017,[151030261200024],1,sin_control,5,5,11,11
13123011004018,[151030251300003],1,sin_control,16,16,15,15
13123011004019,"[151030261300001, 151030261300013, 151030261300014]",3,sin_control,4,4,11,11
13123011004020,[151030261400016],1,sin_control,9,9,19,19
13123011004021,[151030261500005],1,sin_control,9,9,11,11
13123011005002,[151030270300010],1,sin_control,16,16,13,13
13123011005003,"[151030270500001, 151030270500008]",2,sin_control,4,4,5,5
13123011005005,[151030320500028],1,sin_control,5,5,7,7
13123011005006,[151030320200006],1,sin_control,13,13,26,26
13123011005007,[151030340500031],1,sin_control,16,16,10,10
13123011005008,[151030350500011],1,sin_control,5,5,7,7
13123011005009,[151030370500006],1,sin_control,23,23,15,15
13123011005010,[151030390500030],1,sin_control,10,10,13,13
13123011005011,"[151030350300008, 151030350300032]",2,sin_control,6,6,13,13
13123011005013,[151030350200009],1,sin_control,29,29,21,21
13123011005014,[151030400200018],1,sin_control,14,14,23,23
13123011005015,[151030400300010],1,sin_control,42,42,36,36
13123011005016,"[151030410400002, 151030410400010]",2,sin_control,7,7,11,11
13123011005017,"[151030400400008, 151030400400009, 151030400400019, 151030400400020]",4,sin_control,6,6,14,14
13123011005018,"[151030400500006, 151030400500011, 151030400500012, 151030400500013]",4,sin_control,1,1,4,4
13123011005019,"[151030410500009, 151030410500010, 151030410500016]",3,sin_control,5,5,10,10
13123011005020,[151030420500006],1,con_control,3,3,5,5
13123011005021,[151030410600030],1,sin_control,17,17,25,25
13123011005022,[151030400600002],1,sin_control,8,8,15,15
13123011005023,[151030410700017],1,sin_control,11,11,12,12
13123011005024,[151030410800015],1,sin_control,20,20,21,21
13123011005025,[151030400800013],1,sin_control,18,18,11,11
13123011006003,[151030311200013],1,sin_control,6,6,11,11
13123011006004,"[151030311300039, 151030311300042]",2,sin_control,3,3,9,9
13123011006005,[151030271400005],1,con_control,2,2,2,2
13123011006007,"[151030321300050, 151030321300051]",2,sin_control,2,2,3,3
13123011006008,[151030321300037],1,sin_control,7,7,12,12
13123011006009,"[151030321200001, 151030321200002]",2,sin_control,4,4,7,7
13123011006010,"[151030320900032, 151030320900033]",2,sin_control,2,2,6,6
13123011006011,[151030340900005],1,sin_control,9,9,8,8
13123011006013,[151030341300027],1,sin_control,8,8,7,7
13123011006014,[151030341300011],1,sin_control,8,8,9,9
13123011006015,[151030351300011],1,sin_control,50,74,36,51
13123011006016,[151030351200025],1,sin_control,14,14,12,12
13123011006017,[151030350900008],1,sin_control,6,6,11,11
13123011007006,[151030051200052],1,sin_control,14,14,8,8
13123011008003,"[151030051400015, 151030051400016]",2,sin_control,1,1,2,2
13123011008004,[151030181400006],1,sin_control,6,6,4,4
13123021001001,[151030152000011],1,sin_control,22,22,8,8
13123021001002,[151030162000016],1,sin_control,5,5,8,8
13123021001003,"[151030182000008, 151030182000009, 151030182000010]",3,sin_control,1,1,3,3
13123021002007,"[151030132500013, 151030132500014, 151030132500015]",3,sin_control,1,1,3,3
13123021002009,[151030142500007],1,sin_control,4,4,7,7
13123021002010,"[151030152500005, 151030152500006, 151030152500007]",3,sin_control,1,1,3,3
13123021002011,[151030162500006],1,con_control,2,2,2,2
13123021002012,"[151030182500020, 151030182500021]",2,sin_control,1,1,2,2
13123021003001,"[151030221800053, 151030221800054, 151030221800055, 151030221800056, 151030221800057]",5,sin_control,1,1,5,5
13123021003002,[151030261800015],1,sin_control,7,7,8,8
13123021003003,[151030311800002],1,sin_control,20,20,10,10
13123021003004,[151030312000022],1,con_control,5,5,6,6
13123021003009,"[151030232500016, 151030232500017, 151030232500018, 151030232500019]",4,sin_control,1,1,4,4
13123021005007,"[151030051800065, 151030051800066, 151030051800067]",3,sin_control,2,2,4,4
13123021005008,[151030051700018],1,sin_control,13,13,15,15
13123021005009,"[151030051600045, 151030051600047]",2,sin_control,4,4,8,8
13123021005010,"[151030161600005, 151030161600006, 151030161600007]",3,sin_control,3,3,5,5
13123021005011,"[151030161800002, 151030161800003, 151030161800004]",3,sin_control,2,2,4,4
13123021005012,"[151030181800006, 151030181800007]",2,sin_control,3,3,8,8
13123021006002,[151030192300004],1,sin_control,23,23,10,10
13123021006003,[151030192500069],1,sin_control,6,6,10,10
13123021006004,"[151030212300013, 151030212300014]",2,sin_control,2,2,3,3
13123021006005,"[151030212000006, 151030212000007]",2,sin_control,2,2,4,4
13123021006006,[151030222000005],1,sin_control,4,4,7,7
13123021007001,[151030321800031],1,sin_control,6,6,7,7
13123021007002,"[151030341800016, 151030341800018]",2,sin_control,8,8,14,14
13123021007003,[151030351800034],1,sin_control,17,17,18,18
13123021007004,[151030371800016],1,sin_control,15,15,13,13
13123021007005,[151030391800005],1,sin_control,18,18,18,18
13123021007006,[151030401800009],1,sin_control,6,6,6,6
13123021007007,"[151030411800009, 151030411800010]",2,sin_control,2,2,5,5
13123021007008,[151030421800027],1,sin_control,6,6,18,18
13123021007009,[151030431800003],1,sin_control,30,30,15,15
13123021007010,[151030422400012],1,sin_control,11,11,13,13
13123021007011,[151030422500010],1,sin_control,15,15,16,16
13123021007012,[151030402500017],1,sin_control,21,21,17,17
13123021007013,"[151030392500001, 151030392500002]",2,sin_control,1,1,2,2
13123021007015,[151030342500023],1,sin_control,6,6,5,5
13123031001009,[151030132800015],1,sin_control,9,9,8,8
13123031002007,"[151030103300035, 151030103300036]",2,sin_control,1,1,2,2
13123031003004,[151030073700007],1,con_control,1,1,1,1
13123031004001,[151030173800024],1,sin_control,7,7,8,8
13123031004002,"[151030164100023, 151030164100024]",2,sin_control,1,1,2,2
13123031004004,"[151030164400014, 151030164400015, 151030164400016]",3,sin_control,1,1,3,3
13123031005002,"[151030143000005, 151030143000006, 151030143000010]",3,sin_control,1,1,3,3
13123031005004,"[151030152800040, 151030152800041, 151030152800042]",3,sin_control,2,2,7,7
13123031005005,"[151030182800001, 151030182800032, 151030182800033]",3,sin_control,4,4,7,7
13123031006003,[151030053400120],1,sin_control,6,6,3,3
13123031006004,"[151030093500006, 151030093500007]",2,sin_control,1,1,2,2
13123031006006,"[151030103500008, 151030103500009, 151030103500010]",3,sin_control,1,1,3,3
13123031006008,[151030123500004],1,con_control,4,4,7,7
13123031007003,"[151030143500007, 151030143500017]",2,sin_control,1,1,2,2
13123031007004,"[151030153400014, 151030153400015]",2,sin_control,1,1,2,2
13123031007006,"[151030153700035, 151030153700036, 151030153700037]",3,sin_control,1,1,3,3
13123031007007,[151030163700014],1,sin_control,4,4,8,8
13123031007008,[151030163500004],1,con_control,6,6,5,5
13123031007009,[151030173500004],1,sin_control,9,9,14,14
13123031007010,[151030183500016],1,sin_control,8,8,11,11
13123031007011,[151030183600027],1,con_control,3,3,4,4
13123031008002,[151030153300065],1,con_control,3,3,4,4
13123031009011,"[151030124500003, 151030124500004]",2,sin_control,1,1,2,2
13123031010002,"[151030143700001, 151030143700009]",2,sin_control,1,1,2,2
13123031011008,"[151030144500013, 151030144500014]",2,sin_control,1,1,2,2
13123031011009,"[151030164700006, 151030164700007, 151030164700008]",3,sin_control,2,2,4,4
13123041001002,[151030193300001],1,con_control,2,2,5,5
13123041001004,"[151030222800009, 151030222800010]",2,sin_control,3,3,5,5
13123041001006,[151030233300013],1,sin_control,2,2,4,4
13123041001007,[151030252800029],1,sin_control,20,20,16,16
13123041001008,"[151030262800015, 151030262800042]",2,sin_control,1,1,2,2
13123041002001,"[151030195000019, 151030195000020]",2,sin_control,2,2,4,4
13123041003002,"[151030294300016, 151030294300017, 151030294300018]",3,sin_control,1,1,3,3
13123041003004,[151030274400057],1,sin_control,18,18,13,13
13123041003024,[151030315100035],1,con_control,4,4,4,4
13123041003031,"[151030354500010, 151030354500020, 151030354500021]",3,sin_control,1,1,3,3
13123041003033,[151030324400008],1,sin_control,23,23,18,18
13123041003034,[151030334400002],1,sin_control,14,14,18,18
13123041003036,"[151030344400005, 151030344400014]",2,sin_control,4,4,7,7
13123041003038,[151030364400004],1,sin_control,15,15,13,13
13123041003039,"[151030394400005, 151030394400018]",2,sin_control,4,4,9,9
13123041003040,[151030394300013],1,sin_control,9,9,6,6
13123041003041,"[151030394200015, 151030394200016]",2,sin_control,4,4,5,5
13123041003042,[151030354300018],1,sin_control,11,11,13,13
13123041003043,[151030344300027],1,sin_control,8,8,11,11
13123041003044,[151030334300002],1,sin_control,10,10,13,13
13123041003045,"[151030324300002, 151030324300003, 151030324300014, 151030324300015]",4,sin_control,1,1,4,4
13123041004001,"[151030273700011, 151030273700012, 151030273700013]",3,sin_control,2,2,4,4
13123041004003,[151030274100044],1,sin_control,30,30,14,14
13123041004004,"[151030313800005, 151030313800006]",2,sin_control,1,1,2,2
13123041004005,"[151030313700010, 151030313700011]",2,sin_control,2,2,4,4
13123041004007,"[151030323700003, 151030323700004]",2,sin_control,4,4,5,5
13123041004008,"[151030343700024, 151030343700025]",2,sin_control,1,1,2,2
13123041004009,[151030323800008],1,sin_control,50,68,30,33
13123041004010,[151030324100066],1,sin_control,22,22,16,16
13123041004011,[151030353800032],1,sin_control,9,9,10,10
13123041004012,[151030363800021],1,sin_control,11,11,14,14
13123041004014,"[151030394000012, 151030394000013, 151030394000014]",3,sin_control,1,1,3,3
13123041004015,"[151030393900005, 151030393900009]",2,sin_control,7,7,13,13
13123041004016,"[151030393800001, 151030393800002, 151030393800026]",3,sin_control,3,3,9,9
13123041004017,[151030353700003],1,sin_control,11,11,18,18
13123041005001,[151030352800080],1,sin_control,12,12,11,11
13123041005002,[151030353000014],1,con_control,1,1,1,1
13123041005004,"[151030392800041, 151030392800042]",2,sin_control,4,4,9,9
13123041005006,[151030432800019],1,sin_control,12,12,13,13
13123041005008,"[151031143100014, 151031143100015, 151031143100016, 151031143100017, 151031143100018]",5,sin_control,2,2,10,10
13123041006001,[151030223600032],1,sin_control,9,9,5,5
13123041006002,"[151030193500003, 151030193500004, 151030193500006]",3,sin_control,1,1,3,3
13123041006003,"[151030193400001, 151030193400006, 151030193400007, 151030193400008]",4,sin_control,1,1,4,4
13123041006007,[151030223500006],1,con_control,1,1,1,1
13123041007002,"[151030273300016, 151030273300017]",2,sin_control,2,2,3,3
13123041007004,[151030313500007],1,sin_control,6,6,7,7
13123041007006,"[151030313000020, 151030313000021, 151030313000022, 151030313000023]",4,sin_control,1,1,4,4
13123041008001,"[151030194400005, 151030194400014, 151030194400015, 151030194400028]",4,sin_control,1,1,4,4
13123041008002,"[151030194300005, 151030194300006, 151030194300007, 151030194300008]",4,sin_control,1,1,4,4
13123041009007,"[151030263800026, 151030263800027, 151030263800028]",3,sin_control,1,1,3,3
13123041009008,"[151030264100027, 151030264100028, 151030264100029]",3,sin_control,4,4,8,8
13123041010001,"[151030195100006, 151030195100007, 151030195100025, 151030195100026]",4,sin_control,1,1,4,4
13123041010005,"[151030235400016, 151030235400017, 151030235400018, 151030235400019]",4,sin_control,1,1,4,4
13123041010006,[151030235300006],1,sin_control,24,24,14,14
13123041010007,"[151030235100005, 151030235100006]",2,sin_control,2,2,6,6
13123041010008,"[151030245100016, 151030245100017, 151030245100018]",3,sin_control,3,3,8,8
13123041010009,[151030255100005],1,sin_control,30,30,18,18
13123041010010,[151030265100003],1,sin_control,19,19,19,19
13123041010011,[151030265300011],1,sin_control,8,8,17,17
13123041010012,[151030265400023],1,sin_control,8,8,15,15
13123041011002,[151030322800005],1,sin_control,6,6,10,10
13123041011003,"[151030323000022, 151030323000023, 151030323000024]",3,sin_control,1,1,3,3
13123041011004,"[151030323300011, 151030323300012]",2,sin_control,1,1,2,2
13123041011005,"[151030323500009, 151030323500010]",2,sin_control,1,1,2,2
13123041011006,"[151030343500010, 151030343500020]",2,sin_control,4,4,6,6
13123041012002,"[151030353500022, 151030353500023]",2,sin_control,4,4,10,10
13123041012007,"[151031143200028, 151031143200029]",2,sin_control,4,4,11,11
13123041012009,"[151031143500030, 151031143500031]",2,sin_control,7,7,12,12
13123051001001,"[151031153600019, 151031153600020, 151031153600021, 151031153600022]",4,sin_control,1,1,4,4
13123051001002,[151031153700027],1,sin_control,17,17,16,16
13123051001003,[151031153800014],1,sin_control,10,10,19,19
13123051001004,[151031153900009],1,sin_control,30,30,21,21
13123051001005,"[151031154000007, 151031154000008]",2,sin_control,17,17,20,20
13123051001006,[151031154100024],1,sin_control,31,31,16,16
13123051001007,"[151031174200023, 151031174200024]",2,sin_control,3,3,7,7
13123051001008,[151031164200004],1,sin_control,19,19,16,16
13123051001009,[151031164300023],1,sin_control,32,32,19,19
13123051001010,"[151031174300010, 151031174300011, 151031174300012, 151031174300013, 151031174300014, 151031174300045]",6,sin_control,1,1,6,6
13123051001011,[151031184500006],1,sin_control,9,9,11,11
13123051001012,[151031194500012],1,sin_control,5,5,9,9
13123051001015,[151031194800027],1,sin_control,13,13,17,17
13123051001016,[151031184800009],1,sin_control,6,6,15,15
13123051001017,"[151031154800006, 151031154800007, 151031154800008, 151031154800009]",4,sin_control,3,3,13,13
