codigo_predial|manzent|bypassability|strategic_power
151600055900009|13132011001004|0.0|-10.0
151600055900015|13132011001004|0.0|-55.0
151600055900014|13132011001004|0.0|10.0
151600055900001|13132011001004|0.0|668.0
151600055500004|13132011001007|1.0|-273.0
151600055500020|13132011001007|0.0|220.5
151600055500011|13132011001007|0.0|-363.0
151600055500010|13132011001007|0.0|-185.0
151600055500014|13132011001007|0.437904468412943|-137.0
151600055500015|13132011001007|0.6360787824529991|170.5
151600055500017|13132011001007|0.6360787824529991|170.5
151600055500013|13132011001007|0.6666666666666666|-137.0
151600055500003|13132011001007|0.0|-33.5
151600055500012|13132011001007|0.0|247.5
151600055500016|13132011001007|0.0|375.5
151600054500004|13132011001009|0.9698375870069605|45.0
151600054500005|13132011001009|0.9147253988422984|45.0
151600054500006|13132011001009|0.9699079272400629|44.0
151600054500010|13132011001009|0.9529190207156308|242.0
151600054500011|13132011001009|0.9529190207156308|242.0
151600054500002|13132011001009|0.9548098434004474|46.0
151600054700005|13132011001009|0.8178088803088803|-44.0
151600054500009|13132011001009|1.0|-402.0
151600054700004|13132011001009|0.8998937865108869|-422.0
151600054500001|13132011001009|1.0|-1402.0
151600054500008|13132011001009|0.9237387563551036|-1012.0
151600054700001|13132011001009|1.0|-799.0
151600046500031|13132011001012|0.6935483870967742|-585.0
151600046500032|13132011001012|0.8538812785388128|-580.0
151600011100154|13132011001012|0.6521739130434783|1540.0
151600046500010|13132011001012|0.8184791496320524|-752.0
151600011100006|13132011001012|1.0|5207.0
151600011100140|13132011001012|0.0|7171.0
151600046500012|13132011001012|0.8801313628899836|-681.0
151600011100005|13132011001012|0.6818181818181818|1290.0
151600046500011|13132011001012|0.782336850332161|-731.0
151600046500030|13132011001012|0.7818181818181819|-160.0
151600046500009|13132011001012|0.9070935342121783|-752.0
151600011100139|13132011001012|0.0|4540.0
151600046500019|13132011001012|0.0|740.0
151600054300011|13132011001013|0.6662665066026411|-37.0
151600054300004|13132011001013|0.6666666666666666|37.0
151600054300005|13132011001013|0.6666666666666666|37.0
151600054300012|13132011001013|0.6670673076923077|-38.0
151600051700001|13132011001014|0.6666666666666666|380.0
151600051700002|13132011001014|0.6666666666666666|380.0
151600051700005|13132011001014|0.0|-760.0
151600046300010|13132011001017|0.6334816462736373|425.5
151600046300003|13132011001017|0.0|72.0
151600046300005|13132011001017|0.0|-253.5
151600046300011|13132011001017|0.8259608411892676|91.5
151600046300009|13132011001017|1.0|-163.5
151600053300022|13132011002002|0.0|1571.0
151600053300013|13132011002002|0.9177126917712691|-71.0
151600053300015|13132011002002|0.7809364548494984|-43.0
151600053300014|13132011002002|0.8761726078799249|-43.0
151600053300016|13132011002002|0.8693693693693694|86.0
151600051300009|13132011002003|0.7959527824620574|133.0
151600051300010|13132011002003|0.8602673147023087|0.0
151600051300013|13132011002003|0.0|0.0
151600051300014|13132011002003|1.0|-230.0
151600051300008|13132011002003|0.0|1080.0
151600051300011|13132011002003|1.0|-230.0
151600048300013|13132011002005|0.873317782164005|-25.0
151600048300014|13132011002005|1.0|-47.0
151600048300015|13132011002005|0.9474401401596262|-15.0
151600048300016|13132011002005|1.0|-193.0
151600048300017|13132011002005|0.915736040609137|1283.0
151600048300018|13132011002005|0.7590675755280653|1276.0
151600048300049|13132011002005|1.0|536.0
151600048300024|13132011002005|1.0|0.0
151600048300025|13132011002005|1.0|0.0
151600048300035|13132011002005|0.6030020703933747|195.0
151600048100008|13132011002005|1.0|46.0
151600048100009|13132011002005|0.0|964.0
151600048100010|13132011002005|1.0|77.0
151600048300010|13132011002005|0.6703703703703704|-199.0
151600048300034|13132011002005|0.8930821612677401|1303.0
151600048300012|13132011002005|0.6704617330803289|-34.0
151600048300009|13132011002005|0.663003663003663|-193.0
151600048300036|13132011002005|0.8541055718475073|-178.0
151600048300011|13132011002005|1.0|-212.0
151600048300026|13132011002005|0.0|1566.0
151600048300044|13132011002007|0.6289592760180995|187.5
151600048300042|13132011002007|1.0|-87.0
151600048300043|13132011002007|0.6229193341869398|199.5
151600048300045|13132011002007|1.0|-100.5
151600048300046|13132011002007|0.0|-104.5
151600048100068|13132011002008|0.0|747.0
151600048100025|13132011002008|0.0|-747.0
151600050900002|13132011002009|0.7240621738891635|376.0
151600050900001|13132011002009|0.5716825672159583|251.0
151600050900007|13132011002009|0.7018341432826462|-485.0
151600050900008|13132011002009|0.6975507452625271|-251.0
151600050900301|13132011002009|0.8184227359956137|-1531.0
151600050900005|13132011002009|0.7593484419263457|275.0
151600045700010|13132011002010|0.0|0.0
151600045900033|13132011002011|0.9636780674757564|0.0
151600045900034|13132011002011|0.9750904985484391|0.0
151600045900035|13132011002011|0.9786733493581548|0.0
151600045900036|13132011002011|0.9869850187265917|0.0
151600045900013|13132011002011|0.9316201447348988|0.0
151600045900014|13132011002011|0.9498881189548145|0.0
151600045900015|13132011002011|0.9642373864295379|-1.0
151600045900016|13132011002011|0.9836931018301267|0.0
151600045900004|13132011002011|0.0|865.0
151600045900024|13132011002011|1.0|2.0
151600045900025|13132011002011|0.9824950269963058|170.0
151600045900026|13132011002011|0.9783499574731308|-110.0
151600045900027|13132011002011|0.9660204484087255|2.0
151600045900028|13132011002011|0.9523572028559428|0.0
151600045900029|13132011002011|0.935836260142909|0.0
151600045900007|13132011002011|0.9795053969121464|172.0
151600045900008|13132011002011|0.964947811185543|172.0
151600045900012|13132011002011|0.9075658207394735|0.0
151600045900017|13132011002011|0.9852559002916998|0.0
151600045900011|13132011002011|0.9285563785474643|0.0
151600045900010|13132011002011|0.9426702845613303|0.0
151600045900009|13132011002011|0.9560306818868153|0.0
151600045900030|13132011002011|0.9148325808878857|0.0
151600045900031|13132011002011|0.9302092050209205|0.0
151600045900032|13132011002011|0.9501498578271896|0.0
151600045900041|13132011002011|0.8036951501154734|-78.0
151600045900037|13132011002011|0.8848684210526315|2.0
151600045900038|13132011002011|0.8754925137903862|38.0
151600045900040|13132011002011|0.7963386727688787|-80.0
151600045900022|13132011002011|0.0|170.0
151600045900003|13132011002011|1.0|265.0
151600046100006|13132011002012|0.6666666666666666|0.0
151600046100007|13132011002012|0.6666666666666666|0.0
151600044500004|13132011002015|0.0|618.0
151600044500005|13132011002015|0.8578020851136557|618.0
151600044500007|13132011002015|0.9004427426109848|202.0
151600044500014|13132011002015|0.9497249584239478|-31.5
151600044500008|13132011002015|0.8756458982790281|202.0
151600044500009|13132011002015|0.9918239474287461|-7.5
151600044500010|13132011002015|0.9912558707854443|15.0
151600044500011|13132011002015|0.8908428589373194|-31.5
151600044500012|13132011002015|0.9182128149492982|-90.5
151600044500013|13132011002015|0.9335643266043989|-42.5
151600044500016|13132011002015|0.9782917427470075|-7.5
151600044500015|13132011002015|0.9804798698657992|-29.5
151600044500003|13132011002015|1.0|202.0
151600043900005|13132011002023|0.6818181818181818|399.0
151600043900020|13132011002023|0.7000599880023995|499.0
151600043900018|13132011002023|0.9088707235846201|-399.0
151600043900019|13132011002023|0.7607561929595827|499.0
151600043900012|13132011002023|0.6670366259711432|-400.0
151600043900011|13132011002023|0.6662971175166297|-399.0
151600053700017|13132011003003|0.6666666666666666|-23.0
151600053700018|13132011003003|0.6666666666666666|-23.0
151600053700024|13132011003003|0.6595744680851063|1.0
151600053700025|13132011003003|0.8600652238363474|-65.0
151600053700026|13132011003003|0.7980742778541953|-62.0
151600053700027|13132011003003|0.8331343996180472|22.0
151600053700028|13132011003003|0.8099326990020886|54.0
151600053700029|13132011003003|0.8028251912889935|147.0
151600053700023|13132011003003|0.64|144.0
151600053700019|13132011003003|0.0|254.0
151600053700022|13132011003003|1.0|-43.0
151600056300013|13132011003004|0.6664932362122789|449.0
151600056300014|13132011003004|0.6668401874023946|448.0
151600056300007|13132011003004|0.8125|0.0
151600056300004|13132011003004|1.0|0.0
151600056300005|13132011003004|0.8571428571428571|192.0
151600056300006|13132011003004|0.7222222222222222|0.0
151600056300009|13132011003004|0.8571428571428571|0.0
151600056300008|13132011003004|0.75|0.0
151600054100022|13132011003005|0.8549262994569433|-10.0
151600054100023|13132011003005|0.8014545454545454|-10.0
151600054100024|13132011003005|0.9005464480874317|-10.0
151600054100021|13132011003005|0.896774193548387|10.0
151600054100031|13132011003005|1.0|45.0
151600054100032|13132011003005|0.0|371.0
151600058500069|13132011003006|0.0|124.0
151600058500070|13132011003006|1.0|-57.0
151600058500016|13132011003006|0.0|230.0
151600058500017|13132011003006|1.0|-4.0
151600058500027|13132011003006|0.829512893982808|0.0
151600058500032|13132011003006|0.9061143984220907|0.0
151600058500033|13132011003006|0.815979381443299|0.0
151600058500034|13132011003006|0.784634448574969|0.0
151600058500035|13132011003006|0.869|155.0
151600058500026|13132011003006|0.0|212.0
151600058500003|13132011003006|0.6684491978609626|1002.0
151600058500029|13132011003006|0.8453453453453453|-32.0
151600058500028|13132011003006|0.6293478260869565|0.0
151600058500051|13132011003006|0.6666666666666666|-16.0
151600058500002|13132011003006|0.6648936170212766|1022.0
151600058500052|13132011003006|0.6666666666666666|-16.0
151600058500031|13132011003006|0.0|0.0
151600058300032|13132011003008|0.991670562237049|-164.0
151600058300033|13132011003008|0.9299644747335605|-88.0
151600058300034|13132011003008|0.935969936882046|-122.0
151600058300029|13132011003008|0.9596940549310464|-125.0
151600058300030|13132011003008|0.9546492057270652|-139.0
151600058300031|13132011003008|0.992864733566115|-78.0
151600058300018|13132011003008|0.956671131559024|1128.0
151600058300028|13132011003008|0.9865963855421687|-98.0
151600058300025|13132011003008|0.8864426419466975|700.0
151600058300026|13132011003008|0.8553938744383528|600.0
151600058300027|13132011003008|0.9342668047363919|600.0
151600058300022|13132011003008|0.9952136384414746|413.0
151600058300035|13132011003008|0.9778229992939906|-88.0
151600058300019|13132011003008|1.0|0.0
151600058300020|13132011003008|1.0|0.0
151600058300021|13132011003008|1.0|235.0
151600058300023|13132011003008|0.9767392850557151|470.0
151600058300024|13132011003008|0.9872197667607434|480.0
151600058300012|13132011003008|0.0|583.0
151600058300046|13132011003008|0.8402366863905325|-36.0
151600058300047|13132011003008|0.6297101449275362|-11.0
151600058300048|13132011003008|0.8291984732824428|-2.0
151600058300017|13132011003008|0.0|648.0
151600058300007|13132011003008|0.6640834575260804|767.0
151600058300006|13132011003008|0.6692700510663863|741.0
151600058300002|13132011003008|0.0|618.0
151600058300054|13132011003008|0.0|-143.0
151600058300041|13132011003008|0.0|-208.0
151600053500013|13132011003009|0.0|0.0
151600053500014|13132011003009|0.0|0.0
151600053100011|13132011003010|0.0|0.0
151600057900042|13132011003011|0.9081473793461339|-144.0
151600057900032|13132011003011|0.84|-41.0
151600057900033|13132011003011|0.6470588235294118|-41.0
151600057900041|13132011003011|0.9406239516940624|-144.0
151600057900047|13132011003011|0.6671578947368421|-144.0
151600057900019|13132011003011|0.8694591297275315|20.5
151600057900020|13132011003011|1.0|20.5
151600057900021|13132011003011|1.0|20.5
151600057900018|13132011003011|0.8062015503875969|-194.0
151600057900048|13132011003011|0.7803496675695641|45.5
151600057900049|13132011003011|0.8219056099732859|-121.0
151600057900046|13132011003011|0.9387096774193548|-150.0
151600057900017|13132011003011|0.6770450042456836|20.5
151600057900038|13132011003011|0.0|386.5
151600057900039|13132011003011|1.0|50.5
151600057900006|13132011003011|0.0|268.5
151600057900009|13132011003011|0.7309384164222874|433.5
151600057900040|13132011003011|1.0|-148.0
151600057900001|13132011003011|0.6507042253521127|71.5
151600057900007|13132011003011|0.0|-109.0
151600057900034|13132011003011|0.8148148148148148|49.5
151600057900010|13132011003011|0.6127842655193608|959.5
151600057900016|13132011003011|1.0|-127.0
151600057300017|13132011003012|0.0|-262.0
151600057300006|13132011003012|0.0|765.0
151600057300007|13132011003012|1.0|165.0
151600057300018|13132011003012|0.0|-165.0
151600057500002|13132011003013|1.0|-40.0
151600057500003|13132011003013|0.9660947186993543|379.0
151600057500004|13132011003013|0.9287270908506305|388.0
151600057500005|13132011003013|0.84862935776957|388.0
151600057500006|13132011003013|0.8823748642911542|-56.0
151600057500007|13132011003013|0.9259652142585514|-54.0
151600057500008|13132011003013|0.9458145018667715|623.0
151600057500012|13132011003013|0.840915082457014|0.0
151600057500013|13132011003013|0.8854891195385636|0.0
151600057500014|13132011003013|0.9274305824116328|0.0
151600057500015|13132011003013|0.977427445360086|-446.0
151600057500016|13132011003013|0.9402438498987549|7.0
151600057500017|13132011003013|1.0|-423.0
151600057500010|13132011003013|0.9356142944091818|0.0
151600057500011|13132011003013|0.8997080598074162|0.0
151600057500001|13132011003013|1.0|-480.0
151600055700002|13132011003015|0.9223799456357595|-201.0
151600055700020|13132011003015|0.6709237228831351|518.5
151600055700021|13132011003015|0.6379970054899351|552.5
151600055700003|13132011003015|0.8331520556884925|83.5
151600055700004|13132011003015|0.6252040483186418|844.5
151600055700013|13132011003015|0.9612584503380135|-417.0
151600055700014|13132011003015|0.9375582479030755|-477.0
151600055700015|13132011003015|0.9185117553070076|-477.0
151600055700012|13132011003015|0.6261083743842365|328.5
151600055700016|13132011003015|0.9683173588924388|-477.0
151600055700017|13132011003015|0.6631578947368421|340.5
151600055700019|13132011003015|0.8761766835626358|347.5
151600055700045|13132011003015|0.8584474885844748|-219.0
151600055700001|13132011003015|0.9229374433363554|-205.0
151600055700008|13132011003015|0.6645600388915897|-18.5
151600055700022|13132011003015|0.6633303002729755|56.5
151600055700009|13132011003015|0.6687866927592955|-38.0
151600055700005|13132011003015|1.0|76.5
151600055700018|13132011003015|1.0|-197.0
151600055700010|13132011003015|0.0|56.5
151600055700044|13132011003015|0.8584474885844748|-219.0
151600052900015|13132011003016|0.9912883998165979|-36.0
151600052900016|13132011003016|0.9787258119271246|-116.0
151600052900017|13132011003016|0.9911757964703186|-32.0
151600052900018|13132011003016|0.8456484348125215|3111.0
151600052900013|13132011003016|1.0|671.0
151600052900014|13132011003016|0.8986455082663833|1694.0
151600052900007|13132011003016|0.6667769688947717|671.0
151600052900008|13132011003016|0.4972559454515217|672.0
151600052900006|13132011003016|0.6962247585601404|-108.0
151600052900010|13132011003016|0.8854337152209493|-88.0
151600052900002|13132011003016|0.0|414.0
151600052900019|13132011003016|1.0|2071.0
151600052900003|13132011003016|0.693267944716897|-112.0
151600052900004|13132011003016|0.6746490503715937|-60.0
151600052900009|13132011003016|0.9507620164126612|-4.0
151600052900011|13132011003016|0.9502341920374707|4.0
151600052900012|13132011003016|0.49989945706816813|718.0
151600052900005|13132011003016|0.6588709677419354|-33.0
151600052700001|13132011003017|0.8172708757637475|3453.0
151600052700007|13132011003017|1.0|1210.0
151600052700011|13132011003017|0.9275147928994083|1994.0
151600052700008|13132011003017|0.0|-1359.5
151600052700009|13132011003017|0.0|149.5
151600052700003|13132011003017|0.0|-2216.5
151600052700002|13132011003017|0.0|-1843.5
151600055300024|13132011003018|0.880071599045346|-342.0
151600055300020|13132011003018|0.904562383612663|-683.0
151600055300021|13132011003018|0.9312245387011742|-761.0
151600055300026|13132011003018|0.8433036917272972|263.0
151600055300010|13132011003018|1.0|60.0
151600055300011|13132011003018|0.904097771387491|727.0
151600055300012|13132011003018|0.904097771387491|727.0
151600055300028|13132011003018|0.8819654619903863|723.0
151600055300001|13132011003018|0.8723110865968009|-210.0
151600055300016|13132011003018|0.6173957403392425|100.0
151600055300005|13132011003018|0.5947109471094711|2395.0
151600055300023|13132011003018|0.909459655222367|350.0
151600055300025|13132011003018|0.8188121402407117|-342.0
151600055300014|13132011003018|1.0|-560.0
151600055300015|13132011003018|0.5873574375151662|23.0
151600055300018|13132011003018|0.625250501002004|100.0
151600055300019|13132011003018|0.9554857292484944|-583.0
151600055300022|13132011003018|0.9657064471879286|-673.0
151600055300004|13132011003018|0.7584313725490196|640.0
151600055300017|13132011003018|0.5962732919254659|100.0
151600055300029|13132011003018|1.0|-303.0
151600055300027|13132011003018|0.9204623170564902|263.0
151600055300009|13132011003018|0.0|-23.0
151600055300002|13132011003018|1.0|-423.0
151600055300013|13132011003018|0.9573244552058111|-641.0
151600055300008|13132011003018|0.0|-372.0
151600055100009|13132011003019|0.0|-737.0
151600055100015|13132011003019|0.9245450182730998|663.0
151600055100016|13132011003019|0.8846465235273163|185.0
151600055100017|13132011003019|0.9296555948815682|557.0
151600055100018|13132011003019|0.9862517130100349|-167.0
151600055100019|13132011003019|1.0|-478.0
151600055100014|13132011003019|1.0|157.0
151600055100013|13132011003019|0.9387886597938144|-367.0
151600055100012|13132011003019|0.912333433523695|-157.0
151600055100027|13132011003019|0.9597252281923403|-604.0
151600055100007|13132011003019|0.0|925.0
151600055100011|13132011003019|0.6684354673057172|1062.0
151600052500027|13132011003020|0.6652433817250214|512.5
151600052500022|13132011003020|0.804642166344294|-99.5
151600052500024|13132011003020|0.7954110898661568|-99.5
151600052500026|13132011003020|0.8834688346883469|-33.5
151600052500040|13132011003020|0.7645170952971886|1908.5
151600052500042|13132011003020|0.8885904705063166|918.5
151600052500043|13132011003020|0.9208920364650042|778.5
151600052500039|13132011003020|0.9214000825195984|871.5
151600052500018|13132011003020|0.0|-52.5
151600052500005|13132011003020|0.8793033616848926|26.5
151600052500007|13132011003020|0.8537331701346389|-111.5
151600052500009|13132011003020|0.7910405443719876|-65.5
151600052500011|13132011003020|0.8848949919224556|7.0
151600052500028|13132011003020|0.6680960548885078|502.5
151600052500020|13132011003020|0.8945868945868946|-69.5
151600052500021|13132011003021|0.8045230865877918|-33.0
151600052500006|13132011003021|0.8800387865355312|111.0
151600052500008|13132011003021|0.8003561535417492|-33.0
151600052500010|13132011003021|0.7996441632895127|33.0
151600052500023|13132011003021|0.7955274873175276|-33.0
151600052500025|13132011003021|0.8804994917961376|68.0
151600052500012|13132011003021|0.9567575945443273|87.0
151600052500019|13132011003021|0.9688237276710482|-40.0
151600050700028|13132011003022|0.9712378521645234|-11.0
151600050700029|13132011003022|0.9636702789127731|-79.0
151600050700030|13132011003022|0.9136384689881679|-79.0
151600050700033|13132011003022|0.9147479537979041|-65.0
151600050700034|13132011003022|0.9003199698851873|-79.0
151600050700035|13132011003022|0.982242810268288|-79.0
151600050700021|13132011003022|0.8832125121296878|792.0
151600050700022|13132011003022|0.9511999081410035|205.0
151600050700023|13132011003022|0.9927002499013547|-5.0
151600050700024|13132011003022|0.9671012589294294|-79.0
151600050700008|13132011003022|0.8988696573648888|1409.0
151600050700009|13132011003022|0.981599273057701|1409.0
151600050700010|13132011003022|1.0|599.0
151600050700011|13132011003022|1.0|599.0
151600050700012|13132011003022|0.9843548683968342|1024.0
151600050700013|13132011003022|0.9841012807301635|1031.0
151600050700025|13132011003022|0.9613014809209816|-45.0
151600050700026|13132011003022|0.9627584713651618|-20.0
151600050700027|13132011003022|0.9428379287155346|205.0
151600050700031|13132011003022|0.9790414978342881|-79.0
151600050700004|13132011003022|0.8432502057318687|680.0
151600050700005|13132011003022|0.8372133668903803|680.0
151600050700039|13132011003022|0.9455340764780584|-112.0
151600050700032|13132011003022|0.9423159707275075|-79.0
151600050700037|13132011003022|0.951661755075311|-112.0
151600050700038|13132011003022|0.9131647160474432|-112.0
151600050700040|13132011003022|0.9292059039604622|-77.0
151600050700041|13132011003022|0.9367879966657405|-77.0
151600050700042|13132011003022|0.941559424678274|-112.0
151600050700043|13132011003022|0.90501761319701|-112.0
151600050700044|13132011003022|0.9421313894727428|-112.0
151600050700045|13132011003022|0.9648706384998813|-33.0
151600050700036|13132011003022|0.9670299275322233|-29.0
151600050700046|13132011003022|0.8596180599468826|26.0
151600050700047|13132011003022|0.9337821129275999|16.0
151600050700048|13132011003022|0.77093969918587|460.0
151600050700049|13132011003022|0.77093969918587|460.0
151600050700001|13132011003022|0.7745406632018154|814.0
151600050700003|13132011003022|0.8145658393617269|770.0
151600050700006|13132011003022|0.8566926031714764|590.0
151600050700007|13132011003022|0.864841574970171|590.0
151600050700051|13132011003022|0.8310439560439561|26.0
151600050700050|13132011003022|0.765625|80.0
151600052300025|13132011003023|0.8975346687211094|199.5
151600052300026|13132011003023|0.7945550048087593|191.5
151600052300014|13132011003023|0.8539682539682539|-458.0
151600052300004|13132011003023|0.9433131535498074|203.5
151600052300013|13132011003023|0.6905829596412556|-458.0
151600052300011|13132011003023|0.711864406779661|-224.0
151600052300012|13132011003023|1.0|-462.0
151600052300023|13132011003023|1.0|-143.0
151600052300024|13132011003023|0.0|551.5
151600052300003|13132011003023|1.0|-5.0
151600052300005|13132011003023|0.9433131535498074|203.5
151600052300006|13132011003023|0.7186661556151782|2.5
151600052300028|13132011003023|0.9459626370233133|-384.0
151600052300027|13132011003023|0.92125579001544|186.5
151600052300029|13132011003023|0.8378230548338576|47.5
151600052300030|13132011003023|1.0|-362.0
151600052300008|13132011003023|0.0|2.5
151600052100021|13132011003024|0.7776758409785933|362.5
151600052100022|13132011003024|0.7001651982378855|-140.0
151600052100005|13132011003024|0.9196134416867999|-135.5
151600052100006|13132011003024|0.8955051307992484|-146.0
151600052100007|13132011003024|0.8233887043189368|324.5
151600052100023|13132011003024|0.8571990558615263|-140.0
151600052100009|13132011003024|0.8878570176975644|275.5
151600047700002|13132011003025|0.6452750352609309|-39.5
151600047700003|13132011003025|0.6895252449133383|-130.5
151600047700024|13132011003025|0.7456424302788844|194.5
151600047700025|13132011003025|0.7538074260541221|134.5
151600047700021|13132011003025|0.6940184049079755|-143.5
151600047700022|13132011003025|0.6413890857547838|-36.5
151600047700023|13132011003025|0.8169717138103162|29.5
151600047700026|13132011003025|0.8369921776431996|125.5
151600047700020|13132011003025|0.6443569553805775|-132.5
151600047700004|13132011003025|0.0|-42.5
151600047700009|13132011003025|0.8608617594254937|99.5
151600047700007|13132011003025|0.68045698459408|92.5
151600047700019|13132011003025|0.8201680672268907|7.0
151600047500009|13132011003026|1.0|-71.0
151600047500011|13132011003026|0.8732010890704006|169.0
151600047500013|13132011003026|0.8178506375227687|677.0
151600047500041|13132011003026|0.0|-280.0
151600047500012|13132011003026|0.9466582331857474|-159.0
151600047500015|13132011003026|0.0|280.0
151600047500008|13132011003026|0.732977303070761|677.0
151600047500016|13132011003026|0.0|-98.0
151600047500017|13132011003026|0.0|-98.0
151600051900027|13132011003028|0.6971830985915493|-179.5
151600051900028|13132011003028|0.935064935064935|-345.5
151600051900035|13132011003028|0.0|-318.5
151600051900015|13132011003028|0.8764415156507414|282.5
151600051900016|13132011003028|0.7811816192560175|966.5
151600051900017|13132011003028|0.9553969669937555|966.5
151600051900026|13132011003028|0.7130333138515488|-103.0
151600051900033|13132011003028|1.0|-276.5
151600051900018|13132011003028|1.0|366.5
151600051900006|13132011003028|0.0|410.5
151600051900029|13132011003028|1.0|-455.5
151600051900032|13132011003028|1.0|-471.5
151600051900014|13132011003028|0.9339498018494056|282.5
151600050100005|13132011003029|0.6666666666666666|-1597.0
151600050100006|13132011003029|0.2890299978103788|1293.5
151600050100007|13132011003029|1.0|303.5
151600050300022|13132011003030|0.6666666666666666|22.5
151600050300026|13132011003030|0.8958875585632483|-33.0
151600050300027|13132011003030|0.8486193293885601|-55.0
151600050300028|13132011003030|0.8963001563314226|-34.0
151600050300029|13132011003030|0.9369310793237972|-39.0
151600050300034|13132011003030|0.6133828996282528|80.5
151600050300024|13132011003030|0.96403411197627|-39.0
151600050300025|13132011003030|0.936985708098744|-39.0
151600050300020|13132011003030|0.9365079365079365|232.5
151600050300018|13132011003030|0.8571428571428571|97.5
151600050300019|13132011003030|0.9081632653061225|97.5
151600050300017|13132011003030|0.8571428571428571|97.5
151600050300030|13132011003030|0.9640074211502783|-39.0
151600050300016|13132011003030|0.8082744702320888|227.5
151600050300006|13132011003030|0.7448132780082988|-13.0
151600050300015|13132011003030|0.8539026017344896|362.5
151600050300012|13132011003030|1.0|-3.5
151600050300013|13132011003030|0.7842715943274603|377.5
151600050300014|13132011003030|1.0|250.5
151600050300033|13132011003030|0.6666666666666666|22.5
151600050300001|13132011003030|0.6133828996282528|80.5
151600050300010|13132011003030|0.6931407942238267|-51.0
151600050300037|13132011003030|0.6666666666666666|-14.0
151600050300005|13132011003030|0.6033613445378151|108.5
151600050300023|13132011003030|0.0|-11.0
151600050300009|13132011003030|0.6421404682274248|-29.0
151600050300032|13132011003030|0.6666666666666666|22.5
151600050300004|13132011003030|0.6839378238341969|-14.0
151600050300002|13132011003030|0.7300884955752213|-14.0
151600050300035|13132011003030|0.7300884955752213|-14.0
151600050300036|13132011003030|0.6666666666666666|-14.0
151600050300003|13132011003030|0.6502463054187192|14.5
151600050300021|13132011003030|0.6666666666666666|22.5
151600047100002|13132011003031|0.8964715005816207|-90.0
151600047100021|13132011003031|0.6637390213299874|7.0
151600047100011|13132011003031|0.7330739299610894|425.0
151600047100030|13132011003031|0.7326578332034295|425.0
151600047100003|13132011003031|0.7655805124960455|-110.0
151600047100004|13132011003031|0.9063670411985019|-18.0
151600047100005|13132011003031|0.8907024191197902|-18.0
151600047100006|13132011003031|0.8048459309981565|-110.0
151600047100007|13132011003031|0.9169517884914463|-90.0
151600047100008|13132011003031|0.820230607966457|425.0
151600047100013|13132011003031|0.7764738950179186|202.0
151600047100012|13132011003031|0.9373144456696921|478.0
151600047100014|13132011003031|0.7580510246758678|341.0
151600047100022|13132011003031|0.669620253164557|-7.0
151600047100015|13132011003031|0.9487045276105731|327.0
151600047100019|13132011003031|0.0|-9.0
151600046900009|13132011003032|0.0|0.0
151600046700040|13132011003033|0.834281072298944|20.0
151600046700041|13132011003033|0.6901579586877278|-54.0
151600046700033|13132011003033|0.0|219.0
151600046700042|13132011003033|0.9033665835411472|-52.0
151600046700043|13132011003033|0.9016801493466086|-49.0
151600046700032|13132011003033|0.0|1667.0
151600046700036|13132011003033|0.0|29.0
151600042100012|13132011004001|1.0|-300.0
151600042100013|13132011004001|0.0|300.0
151600043300021|13132011004004|0.0|0.0
151600041900020|13132011004005|0.6666666666666666|0.0
151600041900021|13132011004005|0.6666666666666666|0.0
151600043100018|13132011004006|0.6710369487485102|6.0
151600043100019|13132011004006|0.6623529411764706|22.5
151600043100020|13132011004006|0.0|-28.5
151600042900017|13132011004007|0.0|0.0
151600042700013|13132011004008|0.6671575846833578|450.0
151600042700012|13132011004008|0.7947368421052632|-204.0
151600042700011|13132011004008|0.8046181172291297|-246.0
151600042500006|13132011004009|0.6666666666666666|0.0
151600042500014|13132011004009|0.6666666666666666|0.0
151600041300005|13132011005001|0.8123591889282266|-139.0
151600041300006|13132011005001|0.7939444911690496|-96.0
151600041300003|13132011005001|1.0|52.0
151600041300004|13132011005001|0.8349321865696329|232.0
151600041300007|13132011005001|0.6472919418758256|-52.0
151600041300031|13132011005001|0.0|275.0
151600041700010|13132011005002|0.6663815226689478|1.0
151600041700011|13132011005002|0.6669520547945206|-1.0
151600041500003|13132011005003|0.6666666666666666|0.0
151600041500004|13132011005003|0.6666666666666666|0.0
151600040500004|13132011006002|0.0|0.0
151600100700011|13132021002001|0.0|878.0
151600100700012|13132021002001|1.0|-878.0
151600101900034|13132021002003|0.6632996632996633|6.0
151600101900035|13132021002003|0.6700680272108843|-6.0
151600102500029|13132021002004|0.6057761732851985|30.0
151600102500011|13132021002004|0.741166077738516|-238.0
151600102500015|13132021002004|0.8172796263864565|110.0
151600102500016|13132021002004|0.6439742410303588|-15.0
151600102500037|13132021002004|0.8390517779164067|-15.0
151600234700008|13132021003035|0.6378495470657739|-43.5
151600234700007|13132021003035|0.8222899212998223|87.0
151600234700009|13132021003035|0.8371845949535193|-43.5
151600148100001|13132021003041|0.0|165.0
151600148100014|13132021003041|0.0|-165.0
151600146700052|13132021003046|1.0|28.0
151600146700053|13132021003046|1.0|28.0
151600146700054|13132021003046|0.7787050070380053|555.0
151600146700058|13132021003046|0.7782355305466238|-603.0
151600146700055|13132021003046|0.8653267541220363|-28.0
151600146700059|13132021003046|0.8653267541220363|-28.0
151600120100018|13132021003047|0.9097795750982514|356.0
151600120100023|13132021003047|0.9286239882266373|97.0
151600120100015|13132021003047|1.0|-355.0
151600120100016|13132021003047|0.9829105088335821|97.0
151600120100019|13132021003047|0.9293381818181818|125.0
151600120100020|13132021003047|0.9637443962143315|-97.0
151600120100021|13132021003047|0.9827541017979766|-113.0
151600120100003|13132021003047|0.0|-230.0
151600120100011|13132021003047|0.0|403.0
151600120100022|13132021003047|1.0|-442.0
151600119900008|13132021003049|0.6612167300380228|209.0
151600119900001|13132021003049|0.6261682242990654|-209.0
151600119900016|13132021003049|0.4527027027027027|-352.0
151600119900017|13132021003049|0.8699261992619927|335.0
151600119900010|13132021003049|0.8092105263157895|579.0
151600119900009|13132021003049|1.0|-297.0
151600120300014|13132021003050|0.6607142857142857|26.0
151600120300013|13132021003050|0.6727272727272727|-26.0
151600123900025|13132021004005|0.0|-174.0
151600123900012|13132021004005|0.0|-145.0
151600124100003|13132021004005|0.6666666666666666|0.0
151600124100009|13132021004005|0.875|0.0
151600123900022|13132021004005|0.6711798839458414|-60.0
151600123900023|13132021004005|0.6622137404580153|-46.0
151600124100013|13132021004005|0.0|0.0
151600124100007|13132021004005|0.5833333333333334|400.0
151600124100004|13132021004005|0.6666666666666666|0.0
151600124100006|13132021004005|0.875|0.0
151600117100007|13132021004014|0.8362553754548462|495.0
151600117100009|13132021004014|0.0|453.0
151600117100010|13132021004014|1.0|-463.0
151600117100006|13132021004014|0.8362553754548462|495.0
151600117100011|13132021004014|1.0|-757.0
151600117100008|13132021004014|1.0|-453.0
151600115100007|13132021004015|0.6715176715176715|-42.0
151600115100019|13132021004015|0.8213495575221239|-35.0
151600115100022|13132021004015|0.9|-35.0
151600115100020|13132021004015|0.8571428571428571|-35.0
151600115100021|13132021004015|0.8571428571428571|-35.0
151600115100016|13132021004015|0.6220806794055201|174.0
151600115100017|13132021004015|1.0|-14.0
151600115100024|13132021004015|0.625|14.0
151600115100014|13132021004015|1.0|170.0
151600115100015|13132021004015|0.7117408906882591|170.0
151600115100023|13132021004015|0.8333333333333334|14.0
151600115100025|13132021004015|0.8333333333333334|14.0
151600116900017|13132021004016|0.9040219378427788|-27.0
151600116900018|13132021004016|0.8029665263579876|-8.0
151600116900011|13132021004016|0.9457967377666249|97.0
151600116900028|13132021004016|0.8894519269235898|-100.0
151600116900029|13132021004016|0.925344440884332|-92.0
151600116900025|13132021004016|0.9421648390519985|99.0
151600116900026|13132021004016|0.9071518193224593|-116.0
151600116900027|13132021004016|0.8564458140729327|-116.0
151600116900024|13132021004016|1.0|-128.0
151600116900092|13132021004016|1.0|235.0
151600116900093|13132021004016|0.0|805.0
151600116900122|13132021004016|0.0|-121.0
151600116900082|13132021004016|0.0|85.0
151600116900020|13132021004016|0.897132722435708|13.0
151600116900045|13132021004016|0.0|143.0
151600116900019|13132021004016|0.7970553123756466|-5.0
151600116900012|13132021004016|0.0|385.0
151600116900108|13132021004017|0.8652919637695125|204.0
151600116900109|13132021004017|0.796128333558955|-2.0
151600116900110|13132021004017|0.7901914679207256|-2.0
151600116900050|13132021004017|0.8174786423458785|57.0
151600116900118|13132021004017|0.8854047890535918|-12.0
151600116900119|13132021004017|0.8487884860630351|-6.0
151600116900120|13132021004017|0.9026399155227033|-6.0
151600116900116|13132021004017|1.0|-6.0
151600116900117|13132021004017|0.9181510710259301|236.0
151600116900121|13132021004017|0.9310897435897436|180.0
151600116900057|13132021004017|0.9397285067873303|-30.0
151600116900058|13132021004017|0.9189129958360728|-30.0
151600116900059|13132021004017|0.8519605228060816|-30.0
151600116900010|13132021004017|0.9448321263989466|169.0
151600116900060|13132021004017|0.8931142957008039|-30.0
151600116900061|13132021004017|0.9448174931129476|-30.0
151600116900056|13132021004017|0.9653828161546858|-30.0
151600116900051|13132021004017|0.8079183068058645|35.0
151600116900111|13132021004017|0.8795859902042326|4.0
151600116900044|13132021004017|0.8852065321805955|240.0
151600116900052|13132021004017|0.891976927110645|364.0
151600116900112|13132021004017|0.8995253164556962|4.0
151600116900053|13132021004017|1.0|77.0
151600116900099|13132021004018|0.8447067502766507|-133.0
151600116900101|13132021004018|0.8387096774193549|-123.0
151600116900040|13132021004018|0.6284916201117319|648.0
151600116900041|13132021004018|0.6284916201117319|648.0
151600116900043|13132021004018|0.8439267886855242|53.0
151600116900107|13132021004018|0.6206558981889378|-149.0
151600116900102|13132021004018|0.8969491525423728|-112.0
151600116900007|13132021004018|0.6666666666666666|0.0
151600116900008|13132021004018|0.6666666666666666|0.0
151600116900105|13132021004018|0.8391188251001335|-175.0
151600116900016|13132021004018|0.0|96.0
151600116900098|13132021004018|0.9020581973030518|-140.0
151600116900100|13132021004018|0.7659715326050976|-130.0
151600116900005|13132021004018|0.0|941.0
151600116900035|13132021004018|0.0|-115.0
151600116900004|13132021004018|1.0|8.0
151600116900009|13132021004018|0.0|49.0
151600116900006|13132021004018|1.0|85.0
151600116900106|13132021004018|0.6313976377952756|-162.0
151600116900032|13132021004018|0.0|977.0
151600116900033|13132021004018|0.0|977.0
151600116900034|13132021004018|1.0|-83.0
151600109100002|13132021004020|0.0|-235.0
151600109100008|13132021004020|0.0|235.0
151600109100009|13132021004020|1.0|-298.0
151600109100030|13132021004020|0.0|537.0
151600120700024|13132021005023|0.0|-174.5
151600120700001|13132021005023|0.9722222222222222|137.0
151600120700004|13132021005023|0.8888888888888888|137.0
151600120700006|13132021005023|0.9259259259259259|137.0
151600120700007|13132021005023|0.9523809523809523|137.0
151600120700002|13132021005023|0.9523809523809523|137.0
151600120700003|13132021005023|0.9259259259259259|137.0
151600120700012|13132021005023|0.0|81.0
151600120700013|13132021005023|1.0|-155.5
151600120700005|13132021005023|0.8888888888888888|137.0
151600120700008|13132021005023|0.9722222222222222|137.0
151600120700036|13132021005023|0.6666666666666666|-171.5
151600120700038|13132021005023|0.5997023809523809|-31.5
151600120700026|13132021005023|0.0|-94.5
151600120700016|13132021005023|0.0|-175.5
151600120700037|13132021005023|0.6666666666666666|-171.5
151600120700018|13132021005023|0.0|402.0
151600120700020|13132021005023|1.0|-200.5
151600120700021|13132021005023|0.0|-49.5
151600120700019|13132021005023|0.0|-94.5
151600120700023|13132021005023|1.0|-200.5
151600120700009|13132021005023|0.0|305.0
151600120700030|13132021005023|1.0|-200.5
151600120700033|13132021005023|0.750465549348231|-172.5
151600120700010|13132021005023|0.0|242.0
151600121300016|13132021005026|0.0|548.0
151600121300038|13132021005026|0.0|-548.0
151600120500051|13132021005028|0.8142774230992456|1.0
151600120500049|13132021005028|1.0|-40.0
151600120500050|13132021005028|0.7284527518172378|207.0
151600120500009|13132021005028|0.7017326732673267|-82.0
151600120500010|13132021005028|0.6349384098544233|10.0
151600120500043|13132021005028|0.6509856630824373|-78.0
151600120500032|13132021005028|0.9263293679231761|198.0
151600120500033|13132021005028|0.871573137074517|125.0
151600120500034|13132021005028|0.7818767021539985|124.0
151600120500035|13132021005028|0.8766318537859008|566.0
151600120500036|13132021005028|1.0|125.0
151600120500001|13132021005028|1.0|-11.0
151600120500002|13132021005028|0.6110671936758894|332.0
151600120500046|13132021005028|0.0|-56.0
151600120500048|13132021005028|0.0|-38.0
151600120500044|13132021005028|0.8293978748524203|-34.0
151600120500042|13132021005028|0.8117318435754189|21.0
151600120500003|13132021005028|0.8461959496442255|-42.0
151600120500007|13132021005028|0.0|-66.0
151600121700006|13132021005030|0.968064952638701|246.0
151600121700007|13132021005030|0.9039676522618145|246.0
151600121700008|13132021005030|0.849913895880249|204.0
151600121700013|13132021005030|0.9819393678778757|39.0
151600121700014|13132021005030|0.9611856033874383|-48.0
151600121700015|13132021005030|0.8774359800289901|-48.0
151600121700009|13132021005030|0.9668474984930681|204.0
151600121700010|13132021005030|0.983780652635644|252.0
151600121700016|13132021005030|0.8908621246367452|252.0
151600121700020|13132021005030|0.0|-214.0
151600121700017|13132021005030|0.9588184187662901|504.0
151600121700004|13132021005030|1.0|-45.0
151600121700005|13132021005030|0.9891685250079644|198.0
151600121700011|13132021005030|1.0|-39.0
151600121700018|13132021005030|0.9851421188630491|207.0
151600121700019|13132021005030|1.0|-39.0
151600121700021|13132021005030|0.0|-219.0
151600121700001|13132021005030|0.0|-208.0
151600121700012|13132021005030|1.0|-252.0
151600121700002|13132021005030|0.0|-210.0
151600122500013|13132021005031|0.8052570432762126|45.0
151600122500001|13132021005031|0.925830258302583|-41.0
151600122500002|13132021005031|0.9671373555840822|219.0
151600122500003|13132021005031|0.9675099524849108|216.0
151600122500012|13132021005031|1.0|-78.0
151600122500019|13132021005031|0.9188793261307453|41.0
151600122500004|13132021005031|0.9586791147994468|-651.0
151600122500014|13132021005031|1.0|-443.0
151600103100036|13132021005033|0.0|541.0
151600103100019|13132021005033|0.967391304347826|0.0
151600103100020|13132021005033|0.9512195121951219|0.0
151600103100021|13132021005033|0.9305555555555556|0.0
151600103100022|13132021005033|0.9032258064516129|0.0
151600103100023|13132021005033|0.8974358974358975|0.0
151600103100024|13132021005033|0.9183673469387755|0.0
151600103100025|13132021005033|0.9296875|0.0
151600103100026|13132021005033|0.9292929292929293|4800.0
151600103100018|13132021005033|0.9803921568627451|0.0
151600103100012|13132021005033|0.6883764412589591|200.0
151600103100015|13132021005033|1.0|-79.0
151600103100119|13132021005033|0.0|5844.0
151600103100120|13132021005033|1.0|2280.0
151600103100014|13132021005033|0.6462843768285547|409.0
151600095100017|13132021005034|0.0|327.0
151600095100012|13132021005034|0.8234059302020467|-219.0
151600095100034|13132021005034|0.7493303571428571|-442.0
151600095100013|13132021005034|0.7900682513532596|219.0
151600095300002|13132021005035|1.0|1824.0
151600095300027|13132021005035|0.5285899094437257|2342.0
151600095300017|13132021005035|0.0|-1176.0
151600095300028|13132021005035|0.7343637670740475|-648.0
151600095300004|13132021005035|1.0|-1342.0
151600192500024|13132021005038|0.6581196581196581|-8.0
151600192500016|13132021005038|0.9014726507713885|-7.0
151600192500017|13132021005038|0.80065131425913|0.0
151600192500018|13132021005038|0.8566450970632156|0.0
151600192500019|13132021005038|0.89975635224504|0.0
151600192500032|13132021005038|0.7190201729106628|102.0
151600192500033|13132021005038|0.8285595682855957|125.0
151600192500029|13132021005038|0.6638655462184874|112.0
151600192500030|13132021005038|0.6694915254237288|102.0
151600192500025|13132021005038|0.6754385964912281|-29.0
151600192500006|13132021005038|0.6706021251475797|-9.0
151600192500007|13132021005038|0.662777129521587|1.0
151600192500031|13132021005038|0.8349555649597968|102.0
151600192500023|13132021005038|0.0|-2.0
151600107100032|13132021006001|0.0|265.5
151600107100033|13132021006001|0.0|265.5
151600107100022|13132021006001|0.0|-531.0
151600107100048|13132021006003|0.6666666666666666|-113.5
151600107100049|13132021006003|0.6666666666666666|-113.5
151600107100016|13132021006003|0.0|227.0
151600100100023|13132021006007|0.6176470588235294|-1185.5
151600100100046|13132021006007|0.7241379310344828|-1388.0
151600100100021|13132021006007|0.0|2573.5
151600099100001|13132021006012|0.6785714285714286|-45.0
151600099100010|13132021006012|0.6666666666666666|45.0
151600099100011|13132021006012|0.6666666666666666|45.0
151600099100012|13132021006012|0.76|-45.0
151600098900012|13132021006013|0.9192959149784125|-4.0
151600098900013|13132021006013|0.867430441898527|-4.0
151600098900014|13132021006013|0.8470964304741609|4.0
151600098900015|13132021006013|0.9223434951699913|833.0
151600098900291|13132021006013|1.0|428.0
151600098900011|13132021006013|0.9547233091112354|-4.0
151600092100021|13132021006015|0.8481695568400771|0.0
151600092100022|13132021006015|0.9245788667687596|-197.0
151600092100023|13132021006015|0.9215798511734402|-197.0
151600092100024|13132021006015|0.8872942725477287|34.0
151600092100025|13132021006015|0.8264395782643957|34.0
151600092100036|13132021006015|0.835696413678065|0.0
151600092100037|13132021006015|0.6950140297863155|0.0
151600097700028|13132021006016|0.0|-83.0
151600097700016|13132021006016|0.0|-72.0
151600097700010|13132021006016|1.0|-84.0
151600097700011|13132021006016|0.0|185.0
151600097700031|13132021006016|0.0|265.0
151600097700030|13132021006016|1.0|72.0
151600098500014|13132021006017|0.8681849551414769|-203.0
151600098500016|13132021006017|0.627319587628866|480.0
151600098500015|13132021006017|0.609261576971214|291.0
151600098500019|13132021006017|0.6174841772151899|191.0
151600098500013|13132021006017|0.6666666666666666|-203.0
151600098500017|13132021006017|0.8331043956043956|283.0
151600098500023|13132021006017|1.0|-191.0
151600098500012|13132021006017|0.6666666666666666|-203.0
151600093700009|13132021006018|0.6475903614457831|57.0
151600093700023|13132021006018|0.6869009584664537|-57.0
151600093500024|13132021006019|0.8333333333333334|0.0
151600093500025|13132021006019|0.625|0.0
151600093500026|13132021006019|0.8333333333333334|0.0
151600092300007|13132021006021|0.9|0.0
151600092300008|13132021006021|0.8|0.0
151600092300009|13132021006021|0.8|248.0
151600092300010|13132021006021|1.0|0.0
151600136700025|13132021007004|0.6445|133.0
151600136700026|13132021007004|0.690412426352437|-133.0
151600135900004|13132021007016|0.6439329006979307|573.0
151600135900022|13132021007016|0.0|513.0
151600135900023|13132021007016|1.0|-71.5
151600135900026|13132021007016|0.5591453882230328|176.0
151600135900027|13132021007016|1.0|-104.5
151600135900028|13132021007016|1.0|-104.5
151600135900029|13132021007016|0.7215870880968392|-162.5
151600135900005|13132021007016|0.8431938431938432|495.0
151600135900035|13132021007016|0.9178964872167948|-181.5
151600135900033|13132021007016|0.7187146092865232|313.0
151600135900024|13132021007016|1.0|-329.5
151600135700005|13132021007018|0.8414634146341463|-82.0
151600135700007|13132021007018|0.8283552369573874|71.0
151600135700008|13132021007018|0.6306852637962401|34.0
151600135700003|13132021007018|0.8414634146341463|-82.0
151600135700004|13132021007018|0.6160714285714286|-34.0
151600135700009|13132021007018|0.8286169788760462|70.0
151600135100013|13132021007019|0.8925722573293277|-12.0
151600135100014|13132021007019|0.9328342013888888|-14.0
151600135100015|13132021007019|0.9749082007343941|-16.0
151600135100002|13132021007019|0.3976594768242313|4787.0
151600135100009|13132021007019|0.9339489407930472|-62.0
151600135100010|13132021007019|0.9277004424301284|15.0
151600135100012|13132021007019|0.9528865295288653|-9.0
151600135100018|13132021007019|1.0|371.0
151600135100019|13132021007019|0.7542512342292924|871.0
151600135100020|13132021007019|0.7542512342292924|871.0
151600135100011|13132021007019|0.8845728198317839|-6.0
151600135100001|13132021007019|0.9652611403929084|77.0
151600135100016|13132021007019|1.0|-221.0
151600132100008|13132021007020|1.0|-90.0
151600132100009|13132021007020|0.8740079365079365|161.0
151600132100010|13132021007020|0.9133319510678001|-94.0
151600132100011|13132021007020|0.9474742397587333|-94.0
151600132100032|13132021007020|1.0|-40.0
151600132100033|13132021007020|1.0|-40.0
151600132100034|13132021007020|1.0|-40.0
151600132100035|13132021007020|0.871900826446281|186.0
151600132100036|13132021007020|0.6947926711668274|817.0
151600132100037|13132021007020|0.8992229237493929|152.0
151600132100038|13132021007020|0.9011925042589438|143.0
151600132100039|13132021007020|1.0|-303.0
151600132100015|13132021007020|0.0|85.0
151600132100012|13132021007020|0.7545126353790613|-98.0
151600132100013|13132021007020|0.44627192982456143|242.0
151600132100014|13132021007020|1.0|40.0
151600134500059|13132021007026|0.4|-6.0
151600134500032|13132021007026|0.7948717948717948|-34.0
151600134500033|13132021007026|0.8888888888888888|4.0
151600134500030|13132021007026|1.0|-34.0
151600134500031|13132021007026|0.8051948051948052|140.0
151600134500039|13132021007026|0.6666666666666666|-6.0
151600134500058|13132021007026|0.0|28.0
151600134500029|13132021007026|0.0|60.0
151600134500060|13132021007026|0.6666666666666666|-6.0
151600134500024|13132021007026|1.0|28.0
151600134500025|13132021007026|0.0|398.0
151600134500026|13132021007026|1.0|-4.0
151600225300003|13132041001026|0.9515608180839612|-4.0
151600225300004|13132041001026|0.9368165967255748|0.0
151600225300005|13132041001026|0.9025501387652511|0.0
151600225300006|13132041001026|0.8883162397567387|0.0
151600225300007|13132041001026|0.9254747197437657|0.0
151600225300008|13132041001026|0.9836140191169777|0.0
151600225300002|13132041001026|0.9713291579679889|-10.0
151600225300013|13132041001026|0.9211382508619433|0.0
151600225300015|13132041001026|0.9004442002106516|0.0
151600225300016|13132041001026|0.9432980301334929|148.0
151600225300017|13132041001026|0.9947568442536421|153.0
151600225300009|13132041001026|0.9902080783353733|0.0
151600225300014|13132041001026|0.8848040318588849|0.0
151600225300018|13132041001026|1.0|4.0
151600225300010|13132041001026|1.0|98.0
151600225300011|13132041001026|0.9642572768291604|242.0
151600225300012|13132041001026|0.9506962962962963|0.0
151600224900010|13132041001027|0.9787340924313462|-30.0
151600224900011|13132041001027|0.8976744186046511|-30.0
151600224900012|13132041001027|0.8464912280701754|-30.0
151600224900032|13132041001027|0.8267622461170848|-12.0
151600224900045|13132041001027|0.6435714285714286|12.0
151600224900034|13132041001027|0.8372379778051788|-25.0
151600224900013|13132041001027|0.9018276762402089|91.0
151600224900014|13132041001027|0.9784836065573771|91.0
151600224900036|13132041001027|0.846674182638106|-21.0
151600224900007|13132041001027|0.69375|355.0
151600224900008|13132041001027|0.8508771929824561|387.0
151600224900025|13132041001027|0.6635071090047393|-15.0
151600224900038|13132041001027|0.8|48.0
151600224900005|13132041001027|0.9015873015873016|339.0
151600224900006|13132041001027|0.9015873015873016|339.0
151600224900027|13132041001027|0.0|0.0
151600224900040|13132041001027|0.8460918614020951|228.0
151600224900021|13132041001027|1.0|11.0
151600224900022|13132041001027|0.7947761194029851|147.0
151600224900033|13132041001027|0.6325411334552102|-22.0
151600224900039|13132041001027|0.8158508158508159|274.0
151600224900018|13132041001027|0.6919191919191919|-35.0
151600224900019|13132041001027|0.6431924882629108|-5.0
151600224900023|13132041001027|0.8052930056710775|-20.0
151600224900044|13132041001027|0.8424657534246576|4.0
151600224900046|13132041001027|0.8176043557168784|44.0
151600224900037|13132041001027|0.6666666666666666|-20.0
151600224900024|13132041001027|0.7516339869281046|-19.0
151600224900026|13132041001027|0.0|-8.0
151600224900041|13132041001027|0.0|131.0
151600224900042|13132041001027|1.0|-13.0
151600224900015|13132041001027|1.0|-35.0
151600224900009|13132041001027|0.9547811059907834|0.0
151600224900035|13132041001027|1.0|37.0
151600224700028|13132041001028|0.8873663101604278|-17.0
151600224700029|13132041001028|0.8904167016014086|-17.0
151600224700030|13132041001028|0.9270784661869608|-17.0
151600224700031|13132041001028|0.9583737471710314|-17.0
151600224700032|13132041001028|0.974009373668513|-21.0
151600224700017|13132041001028|1.0|51.0
151600224700018|13132041001028|0.9497551789077213|194.0
151600224700019|13132041001028|0.9240139554136361|17.0
151600224700020|13132041001028|0.8871770181351308|17.0
151600224700025|13132041001028|0.9893223819301848|30.0
151600224700026|13132041001028|0.9545329074490319|-17.0
151600224700027|13132041001028|0.924119241192412|-17.0
151600224700021|13132041001028|0.8906073787659095|17.0
151600224700022|13132041001028|0.9273435160227613|17.0
151600224700023|13132041001028|0.9539295392953929|17.0
151600224700024|13132041001028|0.9831024930747922|-21.0
151600225100003|13132041001029|0.8747099767981439|0.0
151600225100004|13132041001029|0.7781217750257998|0.0
151600225100005|13132041001029|0.7633046122655854|0.0
151600225100006|13132041001029|0.9470899470899471|-4.0
151600225100007|13132041001029|0.695054945054945|78.0
151600225100002|13132041001029|0.9332096474953617|0.0
151600224500019|13132041001030|0.9550191991223258|0.0
151600224500020|13132041001030|0.9451505016722408|0.0
151600224500021|13132041001030|0.8484787830264211|101.0
151600224500022|13132041001030|0.8659856996935649|0.0
151600224500015|13132041001030|0.8870603420458212|378.0
151600224500024|13132041001030|0.9543874287303574|0.0
151600224500013|13132041001030|1.0|28.0
151600224500014|13132041001030|0.8870603420458212|378.0
151600224500023|13132041001030|0.9185834850239947|0.0
151600224500016|13132041001030|0.7721617418351477|-35.0
151600220100012|13132041001031|0.9675389591296677|-142.0
151600220100013|13132041001031|0.9526713000469024|-138.0
151600220100014|13132041001031|0.9330102315562736|-135.0
151600220100015|13132041001031|0.9180180441530562|-132.0
151600220100016|13132041001031|0.8884342379958247|-127.0
151600220100017|13132041001031|0.9115236327288305|-123.0
151600220100018|13132041001031|0.9339601804814943|-119.0
151600220100019|13132041001031|0.9470465890183029|-114.0
151600220100020|13132041001031|0.9517122258936618|-111.0
151600220100007|13132041001031|0.8151414920984932|26.0
151600220100008|13132041001031|0.8489251297257228|392.0
151600220100027|13132041001031|0.84375|-134.0
151600220100028|13132041001031|0.9|-134.0
151600220100029|13132041001031|0.9375|-134.0
151600220100034|13132041001031|0.9120568977195755|474.0
151600220100035|13132041001031|0.879324280633689|52.0
151600220100036|13132041001031|0.8859120521172639|164.0
151600220100025|13132041001031|0.9375|-134.0
151600220100026|13132041001031|0.9|-134.0
151600220100031|13132041001031|0.9003147953830011|-134.0
151600220100032|13132041001031|0.9212598425196851|-134.0
151600220100033|13132041001031|0.9488543371522095|-74.0
151600220100042|13132041001031|0.7917308680020544|191.0
151600220100030|13132041001031|0.7235543018335684|-134.0
151600220100006|13132041001031|0.864364398188822|36.0
151600220100011|13132041001031|0.9780245470485096|-136.0
151600220100024|13132041001031|0.9642857142857143|-134.0
151600220100005|13132041001031|0.7969642857142857|46.0
151600220100004|13132041001031|0.9249740932642487|56.0
151600220100021|13132041001031|0.8036704263047219|-107.0
151600220100039|13132041001031|0.8508771929824561|239.0
151600220100045|13132041001031|0.8571630603874982|33.0
151600220100046|13132041001031|0.9240033539141703|35.0
151600220100047|13132041001031|0.9684765314240255|5.0
151600220100043|13132041001031|0.9597347799879445|29.0
151600220100044|13132041001031|0.9110993283845882|31.0
151600220100041|13132041001031|0.925547883518463|191.0
151600220100003|13132041001031|0.9621739582250858|59.0
151600220100023|13132041001031|0.47563123899001764|288.0
151600220100037|13132041001031|0.9025673400673401|158.0
151600220100040|13132041001031|0.69375|207.0
151600220100009|13132041001031|1.0|70.0
151600220100048|13132041001031|0.0|28.0
151600220100022|13132041001031|1.0|-31.0
151600220100038|13132041001031|0.0|252.0
151600222700006|13132041001032|0.9404871323529411|0.0
151600222700007|13132041001032|0.9715652600588812|0.0
151600222700008|13132041001032|0.9586291962529586|-1.0
151600222700009|13132041001032|0.9734268784761351|60.0
151600222700010|13132041001032|0.9607822587406725|0.0
151600222700011|13132041001032|0.9424341312070988|0.0
151600222700012|13132041001032|0.914424214107375|0.0
151600222700013|13132041001032|0.878317595127675|0.0
151600222700014|13132041001032|0.9114325887486048|0.0
151600222700015|13132041001032|0.9586403412635519|0.0
151600222700016|13132041001032|0.9532091462876313|20.0
151600222700005|13132041001032|0.9535149241559289|0.0
151600222700001|13132041001032|0.987510813148789|41.0
151600222700002|13132041001032|0.9632948831706596|0.0
151600222700003|13132041001032|0.9477723055778261|0.0
151600222700004|13132041001032|0.9514821356372226|0.0
151600222700017|13132041001032|0.9642304794384741|114.0
151600222700018|13132041001032|0.9520311149524633|104.0
151600222500003|13132041001033|0.9386786605988703|0.0
151600222500004|13132041001033|0.9131746825942836|0.0
151600222500005|13132041001033|0.8807703328356633|0.0
151600222500014|13132041001033|0.9523221401440123|-15.0
151600222500015|13132041001033|0.9293462095222986|0.0
151600222500016|13132041001033|0.9322983962909478|0.0
151600222500001|13132041001033|0.9727385377942999|36.0
151600222500002|13132041001033|0.958609576427256|0.0
151600222500006|13132041001033|0.9481690788717123|0.0
151600222500008|13132041001033|0.9839797639123102|0.0
151600222500020|13132041001033|0.9669408477311189|0.0
151600222500009|13132041001033|0.9811030152242166|129.0
151600222500010|13132041001033|0.9587819844853537|50.0
151600222500011|13132041001033|0.9861136050757168|42.0
151600222500017|13132041001033|0.9579505077476189|-15.0
151600222500018|13132041001033|0.9680515153775391|-15.0
151600222500019|13132041001033|0.9808814650835178|0.0
151600222500012|13132041001033|0.9640498899486427|40.0
151600222500013|13132041001033|0.9581193445830276|-12.0
151600241100011|13132041001034|0.7889780258109522|-33.0
151600241100012|13132041001034|0.9106487148102815|-7.0
151600241100001|13132041001034|0.9008363201911589|26.0
151600241100010|13132041001034|0.7048064653339005|11.0
151600241100005|13132041001034|0.0|-3.0
151600241100002|13132041001034|0.8625715773034878|41.0
151600241100009|13132041001034|0.6705539358600583|3.0
151600241100008|13132041001034|0.0|-5.0
151600241100004|13132041001034|0.0|43.0
151600241100003|13132041001034|0.0|-23.0
151600196900027|13132041001035|0.6615384615384615|-22.0
151600196900026|13132041001035|0.671875|-33.0
151600196900002|13132041001035|0.8449062341611758|381.0
151600196900008|13132041001035|0.0|51.0
151600196900022|13132041001035|0.9184188393608074|-70.0
151600196900021|13132041001035|0.8820960698689956|-48.0
151600196900025|13132041001035|0.8595744680851064|0.0
151600196900024|13132041001035|0.8951548848292296|0.0
151600196900001|13132041001035|0.6146755162241888|433.0
151600196900004|13132041001035|0.6761811023622047|65.0
151600196900023|13132041001035|0.7925457102672293|-66.0
151600196900003|13132041001035|1.0|75.0
151600197100023|13132041001038|0.0|-264.0
151600197100013|13132041001038|1.0|-441.0
151600197100014|13132041001038|0.0|132.0
151600197100015|13132041001038|0.0|132.0
151600197100016|13132041001038|0.0|1998.0
151600197100022|13132041001038|0.0|-264.0
151600197100001|13132041001038|0.0|13330.0
151600220500003|13132041001040|0.0|-349.5
151600220500025|13132041001040|0.0|-202.5
151600220500023|13132041001040|0.0|552.0
151600220300003|13132041001041|0.926855726018906|-7.0
151600220300002|13132041001041|0.9365800187911055|-107.5
151600220300014|13132041001041|0.8481056656239138|-380.5
151600220300011|13132041001041|1.0|114.5
151600220300013|13132041001041|0.6090863704443334|468.5
151600220300004|13132041001041|1.0|-512.5
151600220300010|13132041001041|0.5887120984689282|1996.5
151600243300005|13132041001045|0.9166666666666666|-425.0
151600243300002|13132041001045|0.7619047619047619|-5.0
151600243300004|13132041001045|0.8421052631578947|-425.0
151600243300007|13132041001045|0.9316739873108834|5.0
151600243300006|13132041001045|0.9316739873108834|5.0
151600243300008|13132041001045|1.0|1299.0
151600243300009|13132041001045|1.0|1299.0
151600243300024|13132041001045|1.0|-420.0
151600243300144|13132041001045|0.5844763595288043|1517.0
151600243300001|13132041001045|0.9230769230769231|-425.0
151600243500004|13132041001046|0.8289723170269245|23.0
151600243500007|13132041001046|0.0|84.0
151600243500005|13132041001046|0.6299711815561959|-23.0
151600243500006|13132041001046|0.8348128135854882|-23.0
151600250500003|13132041002001|0.0|-145.0
151600250500002|13132041002001|0.0|-145.0
151600289500020|13132041002001|0.0|613.0
151600289500019|13132041002001|1.0|145.0
151600232500014|13132041002011|0.0|-117.0
151600232500002|13132041002011|0.6381443298969072|0.0
151600232500003|13132041002011|0.8372739916550765|0.0
151600232500001|13132041002011|0.8220451527224436|51.0
151600250300002|13132041002013|0.0|466.0
151600250300004|13132041002013|0.0|-466.0
151600217300075|13132041002014|0.9301873023595232|-8.5
151600217300076|13132041002014|0.8891702376314764|-13.5
151600217300077|13132041002014|0.8595368103935229|226.5
151600217300078|13132041002014|1.0|-5.5
151600217300073|13132041002014|0.0|-1.0
151600217300086|13132041002014|0.0|173.5
151600217300087|13132041002014|1.0|-65.5
151600217300083|13132041002014|0.0|253.5
151600217300084|13132041002014|0.0|253.5
151600217300072|13132041002014|0.0|295.5
151600217300074|13132041002014|0.8283987915407856|-11.5
151600217300060|13132041002014|0.0|-41.5
151600217300071|13132041002014|1.0|6.5
151600217300056|13132041002015|0.8548310328415041|305.0
151600217300099|13132041002015|0.7236099919419823|230.0
151600217300055|13132041002015|1.0|-230.0
151600217300100|13132041002015|0.8665091553455405|-254.0
151600217300048|13132041002016|0.6659267480577137|-179.0
151600217300049|13132041002016|0.6674082313681868|-181.0
151600217300001|13132041002016|0.0|709.0
151600217300034|13132041002016|0.0|179.0
151600216500032|13132041002019|0.875|-165.0
151600216500033|13132041002019|0.7777777777777778|-165.0
151600216500034|13132041002019|0.875|-165.0
151600216500035|13132041002019|0.9333333333333333|-165.0
151600216500031|13132041002019|0.9333333333333333|-165.0
151600216500011|13132041002019|1.0|752.0
151600216500012|13132041002019|0.0|1682.0
151600216500021|13132041002019|0.8207119741100324|526.0
151600216500024|13132041002019|0.7746478873239436|289.0
151600216500026|13132041002019|0.9612954186413902|-171.0
151600216500027|13132041002019|0.8938628158844766|-171.0
151600216500028|13132041002019|0.9464831804281345|-87.0
151600216500010|13132041002019|1.0|327.0
151600216500003|13132041002019|0.0|217.0
151600216500025|13132041002019|0.9296309072093826|-163.0
151600216500008|13132041002019|0.0|-12.0
151600216500013|13132041002019|1.0|200.0
151600216500001|13132041002019|1.0|99.0
151600216500004|13132041002019|0.0|184.0
151600218500006|13132041002020|0.8567591763652641|183.5
151600218500007|13132041002020|0.9708076548816088|183.5
151600218500009|13132041002020|0.8333333333333334|-50.0
151600218500010|13132041002020|0.625|-50.0
151600218500011|13132041002020|0.8333333333333334|-50.0
151600218500015|13132041002020|0.6639566395663956|31.5
151600218500016|13132041002020|0.6693989071038251|25.5
151600218500003|13132041002020|0.6689655172413793|23.5
151600218500004|13132041002020|0.9382560879811469|-50.0
151600218500005|13132041002020|0.8575268817204301|-50.0
151600218500008|13132041002020|1.0|-6.5
151600218500002|13132041002020|0.6643835616438356|28.5
151600218500001|13132041002020|0.9469885515181683|-17.0
151600218300008|13132041002027|0.0|-10.0
151600218300010|13132041002027|1.0|-10.0
151600218300011|13132041002027|0.8971684053651267|386.0
151600218300012|13132041002027|0.8971684053651267|-10.0
151600218300013|13132041002027|0.9447506005369507|-10.0
151600218300016|13132041002027|0.8367821547223541|405.0
151600218300018|13132041002027|0.9361261548263778|5.0
151600218300019|13132041002027|0.9635984023238925|5.0
151600218300033|13132041002027|1.0|-148.0
151600218300034|13132041002027|0.0|360.0
151600218300035|13132041002027|1.0|-150.0
151600218300015|13132041002027|0.8738324175824176|1040.0
151600218300014|13132041002027|1.0|639.0
151600340500005|13132041003002|0.0|1079.0
151600340500192|13132041003002|0.9131931166347992|-671.0
151600340500193|13132041003002|0.8991935483870968|-750.0
151600340500194|13132041003002|0.7902197023387668|-750.0
151600340500195|13132041003002|0.9169006176305446|-602.0
151600340500196|13132041003002|1.0|-750.0
151600340500013|13132041003002|0.0|4254.0
151600340500141|13132041003002|0.0|602.0
151600340500007|13132041003002|0.0|1078.0
151600340500220|13132041003002|0.0|1158.0
151600340500137|13132041003005|0.833922261484099|8.0
151600340500134|13132041003005|0.69642000191957|575.0
151600340500136|13132041003005|0.6683869343571024|-8.0
151600340500139|13132041003005|0.6914600550964187|-150.0
151600340500015|13132041003005|0.0|1885.0
151600340500133|13132041003005|0.8801888648435963|-101.0
151600340500138|13132041003005|0.6429879165140974|-15.0
151600340500016|13132041003005|0.595250944414463|2298.0
151600340500174|13132041003006|0.0|-117.0
151600340500023|13132041003006|0.5437151209141642|1099.5
151600340500219|13132041003006|0.8614736842105263|-982.5
151600340500033|13132041003010|0.5484210526315789|1934.0
151600340500098|13132041003010|0.7226074895977809|-2441.0
151600340500905|13132041003010|0.7018545775684427|-2377.0
151600340500906|13132041003010|0.6348386409628288|182.0
151600340500221|13132041003010|1.0|-2116.0
151600340500034|13132041003010|0.0|-2749.0
151600340500029|13132041003010|0.0|12208.0
151600340500711|13132041003010|0.0|3910.0
151600340500973|13132041003010|0.0|3910.0
151600230300002|13132041004020|0.8465302491103203|53.5
151600230300003|13132041004020|0.8539377289377289|27.5
151600230300014|13132041004020|0.6789224608663997|-4.0
151600230300015|13132041004020|0.5198033324228353|10.5
151600230300007|13132041004020|0.5164795363998551|-43.0
151600230300008|13132041004020|0.382991930477964|336.5
151600230300010|13132041004020|0.6799224054316197|-78.0
151600230300011|13132041004020|0.7596101786681104|-66.0
151600230300016|13132041004020|0.8422917897223863|-27.0
151600230300017|13132041004020|0.7048937221947602|3.5
151600230300013|13132041004020|0.42452830188679247|193.5
151600230300018|13132041004020|0.664071190211346|10.5
151600230300004|13132041004020|0.5161290322580645|0.5
151600230300005|13132041004020|0.41739130434782606|229.5
151600230300012|13132041004020|0.5178926441351889|-56.0
151600230300006|13132041004020|0.6682286785379569|-54.0
151600230300009|13132041004020|1.0|-32.0
151600230100002|13132041004021|0.6829493087557603|-53.0
151600230100013|13132041004021|0.8692986391505907|242.0
151600230100006|13132041004021|1.0|-39.0
151600230100007|13132041004021|0.88021071919377|-53.0
151600230100008|13132041004021|0.8818941504178273|358.0
151600230100011|13132041004021|0.9067476228663077|267.0
151600230100012|13132041004021|0.9028544578879361|-117.0
151600230100001|13132041004021|0.6511423550087874|23.0
151600230100009|13132041004021|0.8990312163616793|469.0
151600230100010|13132041004021|1.0|-23.0
151600230700010|13132041004022|0.6493184634448576|23.0
151600230700011|13132041004022|0.4125984251968504|-32.5
151600230700009|13132041004022|0.0|-17.5
151600230700004|13132041004022|0.6566970091027308|-5.5
151600230700006|13132041004022|0.0|55.0
151600235100001|13132041005002|0.0|0.0
151600144500020|13132041005008|0.0|87.5
151600144500002|13132041005008|0.0|-7.0
151600144500003|13132041005008|0.0|-80.5
151600141900020|13132041005011|0.9264967925873129|19.0
151600141900021|13132041005011|0.9869501257533336|19.0
151600141900022|13132041005011|0.8899329786498998|0.0
151600141900023|13132041005011|0.8458202991916252|0.0
151600141900016|13132041005011|0.8301936853276731|0.0
151600141900017|13132041005011|0.8549180327868853|0.0
151600141900019|13132041005011|0.9241588527302813|19.0
151600141900024|13132041005011|0.8660725612076621|0.0
151600141900025|13132041005011|0.9135016901968582|0.0
151600141900026|13132041005011|0.93437454172166|0.0
151600141900027|13132041005011|0.9541372290743624|127.0
151600141900014|13132041005011|0.8749341956832368|0.0
151600141900015|13132041005011|0.8859180035650623|0.0
151600141900012|13132041005011|0.800208659363589|127.0
151600141900013|13132041005011|0.8569832402234637|0.0
151600141900009|13132041005011|0.8333333333333334|-16.0
151600141900010|13132041005011|0.625|-16.0
151600141900018|13132041005011|0.9838520258367587|19.0
151600141900033|13132041005011|0.6652892561983471|-13.0
151600141900032|13132041005011|0.6680497925311203|-16.0
151600141900039|13132041005011|0.0|34.0
151600141900011|13132041005011|0.8333333333333334|-16.0
151600141500006|13132041005012|0.8980891719745223|-50.0
151600141500007|13132041005012|0.9814385150812065|-50.0
151600141500008|13132041005012|0.807168458781362|9.0
151600141500009|13132041005012|0.7929577464788733|9.0
151600141500011|13132041005012|0.8875968992248062|0.0
151600141500012|13132041005012|0.9793300071275838|0.0
151600141500003|13132041005012|0.8217375411234312|6.0
151600141500004|13132041005012|0.9814169570267132|-50.0
151600141500005|13132041005012|0.89798087141339|-50.0
151600141500001|13132041005012|0.9793078844095612|0.0
151600141500010|13132041005012|0.8874878758486906|0.0
151600141500002|13132041005012|0.7929453262786597|6.0
151600141700006|13132041005013|0.9107142857142857|-30.0
151600141700007|13132041005013|0.9807692307692307|-30.0
151600141700008|13132041005013|0.8068181818181818|0.0
151600141700005|13132041005013|0.7362637362637363|210.0
151600141700001|13132041005013|0.980465815176559|-10.0
151600141700010|13132041005013|0.8823529411764706|20.0
151600141700011|13132041005013|0.8853118712273642|20.0
151600141700012|13132041005013|0.9785025945144552|20.0
151600141700002|13132041005013|0.7940074906367042|0.0
151600141700003|13132041005013|0.8060836501901141|0.0
151600141700004|13132041005013|1.0|-30.0
151600141700009|13132041005013|0.7932960893854749|0.0
151600141300008|13132041005015|0.8571428571428571|252.5
151600141300009|13132041005015|0.8013725748977167|239.5
151600141300010|13132041005015|0.7941176470588235|758.5
151600141300014|13132041005015|1.0|-120.5
151600141300003|13132041005015|0.9001184366363996|-120.5
151600141300004|13132041005015|0.7997895290712971|-119.0
151600141300005|13132041005015|0.8002105817320347|-120.5
151600141300006|13132041005015|0.9000789889415481|-120.5
151600141300012|13132041005015|0.75|252.5
151600141300019|13132041005015|1.0|-120.5
151600141300011|13132041005015|0.9310344827586207|505.5
151600141300017|13132041005015|1.0|252.5
151600141300018|13132041005015|1.0|252.5
151600141300016|13132041005015|1.0|-133.5
151600141300013|13132041005015|0.6666666666666666|-120.5
151600141100006|13132041005016|0.8896891584533738|0.0
151600141100007|13132041005016|0.9797537048632853|0.0
151600141100008|13132041005016|0.7998643147896879|8.0
151600141100005|13132041005016|0.8896891584533738|0.0
151600141100001|13132041005016|0.9797923489652289|-1.0
151600141100010|13132041005016|0.8898803873172584|-1.0
151600141100011|13132041005016|0.8898803873172584|-1.0
151600141100012|13132041005016|0.9797923489652289|-1.0
151600141100002|13132041005016|0.813898636598976|8.0
151600141100003|13132041005016|0.7998643147896879|8.0
151600141100004|13132041005016|0.9797537048632853|0.0
151600141100009|13132041005016|0.8001357312521208|8.0
151600140900007|13132041005017|0.9605263157894737|0.0
151600140900012|13132041005017|0.8356164383561644|0.0
151600140900018|13132041005017|0.958904109589041|0.0
151600140900019|13132041005017|0.8252427184466019|0.0
151600140900020|13132041005017|0.8018867924528302|0.0
151600140900001|13132041005017|0.9230769230769231|253.0
151600140900003|13132041005017|0.9245283018867925|0.0
151600140900004|13132041005017|0.9577464788732394|0.0
151600140900005|13132041005017|0.9285714285714286|0.0
151600140900006|13132041005017|0.8764044943820225|0.0
151600140900016|13132041005017|0.8888888888888888|0.0
151600140900021|13132041005017|0.875|0.0
151600140900023|13132041005017|0.9210526315789473|0.0
151600140900024|13132041005017|0.9859154929577465|0.0
151600140900008|13132041005017|0.9818181818181818|0.0
151600140900013|13132041005017|0.7721518987341772|0.0
151600140900014|13132041005017|0.8055555555555556|0.0
151600140900017|13132041005017|0.9|0.0
151600140900011|13132041005017|0.9811320754716981|0.0
151600140900022|13132041005017|0.896551724137931|0.0
151600140900015|13132041005017|0.9782608695652174|0.0
151600140900009|13132041005017|0.9285714285714286|253.0
151600140700006|13132041005018|0.7919874536641004|291.0
151600140700007|13132041005018|1.0|0.0
151600140700008|13132041005018|0.7785353535353535|0.0
151600140700001|13132041005018|0.9797697942099756|-1.0
151600140700010|13132041005018|0.8897687678175483|-1.0
151600140700011|13132041005018|0.8758650210458728|-1.0
151600140700012|13132041005018|0.9769236890268163|-1.0
151600140700005|13132041005018|0.8895216400911162|0.0
151600140700002|13132041005018|0.7997733711048158|8.0
151600140700003|13132041005018|0.8002267573696145|8.0
151600140700004|13132041005018|0.9797198411039096|0.0
151600140700009|13132041005018|0.7772595487205345|8.0
151600140500021|13132041005019|0.9088069205815211|0.0
151600140500022|13132041005019|0.82281534510933|0.0
151600140500024|13132041005019|0.9781877748081731|0.0
151600140500025|13132041005019|0.8819962686567164|0.0
151600140500026|13132041005019|0.8940683879972087|0.0
151600140500027|13132041005019|0.9806352851128971|0.0
151600140500028|13132041005019|0.8136164896939413|-13.0
151600140500029|13132041005019|0.8109824430332462|0.0
151600140500030|13132041005019|0.895159953588596|0.0
151600140500031|13132041005019|0.9370959721531577|0.0
151600140500023|13132041005019|0.7784157832744405|0.0
151600140500008|13132041005019|0.75|0.0
151600140500009|13132041005019|0.8181818181818182|0.0
151600140500010|13132041005019|0.8571428571428571|253.0
151600140500015|13132041005019|0.8333333333333334|0.0
151600140500016|13132041005019|0.625|0.0
151600140500017|13132041005019|0.8333333333333334|0.0
151600140500007|13132041005019|0.85|0.0
151600140500012|13132041005019|0.8333333333333334|0.0
151600140500013|13132041005019|0.625|0.0
151600140500014|13132041005019|0.8333333333333334|0.0
151600140500019|13132041005019|0.0|50.0
151600140500006|13132041005019|0.9|0.0
151600140300006|13132041005020|0.809305373525557|190.0
151600140300007|13132041005020|1.0|-56.0
151600140300008|13132041005020|0.8017920173771382|6.0
151600140300005|13132041005020|0.884318766066838|-56.0
151600140300002|13132041005020|0.7706158663883089|6.0
151600140300003|13132041005020|0.8017920173771382|6.0
151600140300004|13132041005020|0.9786628733997155|-56.0
151600140300009|13132041005020|0.7706158663883089|6.0
151600140300011|13132041005020|0.862319987339769|-6.0
151600140300012|13132041005020|0.9740793707543797|-6.0
151600140300001|13132041005020|1.0|-6.0
151600140300010|13132041005020|0.7871720116618076|290.0
151600140100001|13132041005021|0.9792293367712362|0.0
151600140100010|13132041005021|0.8871009602906826|0.0
151600140100006|13132041005021|0.7446204104822101|190.0
151600140100007|13132041005021|1.0|-50.0
151600140100008|13132041005021|0.8069416921875938|6.0
151600140100005|13132041005021|0.8978242320819113|-51.0
151600140100011|13132041005021|0.8872399714859698|0.0
151600140100012|13132041005021|0.9792575638366354|0.0
151600140100002|13132041005021|0.793421675343114|0.0
151600140100003|13132041005021|0.806688319499579|6.0
151600140100004|13132041005021|0.9813476334809978|-50.0
151600140100009|13132041005021|0.7931767205760831|6.0
151600143100003|13132041005025|0.8333333333333334|0.0
151600143100004|13132041005025|0.625|0.0
151600143100005|13132041005025|0.8333333333333334|0.0
151600142900002|13132041005026|0.0|-116.5
151600142900003|13132041005026|1.0|-196.0
151600142900004|13132041005026|0.0|312.5
151600142700043|13132041005027|0.9415618912697007|1200.0
151600142700036|13132041005027|0.9777382012466608|0.0
151600142700037|13132041005027|0.9661628693886758|0.0
151600142700038|13132041005027|0.9544460641399417|0.0
151600142700039|13132041005027|0.9434845793637978|0.0
151600142700040|13132041005027|0.9177373863992478|0.0
151600142700041|13132041005027|0.9098959142457667|0.0
151600142700042|13132041005027|0.9268135756795882|0.0
151600142700044|13132041005027|0.9806983300802429|1245.0
151600142700045|13132041005027|0.9898116702686014|1320.0
151600142700035|13132041005027|0.9849759615384616|0.0
151600142700022|13132041005027|1.0|825.0
151600142700015|13132041005027|0.0|-189.0
151600142700010|13132041005027|0.0|-233.0
151600142700012|13132041005027|0.0|-193.0
151600142700001|13132041005027|0.5719192786603693|622.0
151600142700002|13132041005027|0.5719192786603693|622.0
151600142700003|13132041005027|0.5719192786603693|622.0
151600142700018|13132041005027|0.0|-135.0
151600142700009|13132041005027|0.0|-233.0
151600142700004|13132041005027|0.7990401919616077|-40.0
151600143500068|13132041005030|0.782608695652174|0.0
151600143500069|13132041005030|0.9107547645034002|0.0
151600143500075|13132041005030|0.777350830131226|0.0
151600143500076|13132041005030|0.8861998398434024|0.0
151600143500017|13132041005030|0.9305058763413387|-108.0
151600143500018|13132041005030|0.842197761539173|-108.0
151600143500019|13132041005030|0.9008931453782417|-63.0
151600143500020|13132041005030|0.9167185554171855|-63.0
151600143500021|13132041005030|0.9688154039347007|-107.0
151600143500008|13132041005030|0.8893982808022922|-63.0
151600143500009|13132041005030|0.9097859327217125|-95.0
151600143500010|13132041005030|0.8189882974707436|-108.0
151600143500015|13132041005030|0.952240067624683|-64.0
151600143500016|13132041005030|0.8026905829596412|-64.0
151600143500013|13132041005030|0.7174435367611726|-90.0
151600143500014|13132041005030|0.7792741383245835|-109.0
151600143500070|13132041005030|0.8963311382878645|295.0
151600143500073|13132041005030|1.0|-7.0
151600143500074|13132041005030|0.857279923242984|249.0
151600143500077|13132041005030|0.9333855799373041|-1.0
151600143500066|13132041005030|0.916955017301038|0.0
151600143500067|13132041005030|0.84|0.0
151600143500011|13132041005030|0.8216246922931263|-62.0
151600143500026|13132041005030|0.0|188.0
151600143500059|13132041005030|0.9333333333333333|-15.0
151600143500060|13132041005030|0.875|226.0
151600143500061|13132041005030|0.875|226.0
151600143500062|13132041005030|0.9473684210526315|226.0
151600143500063|13132041005030|1.0|-15.0
151600143500012|13132041005030|0.7790043740887315|-62.0
151600143500028|13132041005030|0.0|210.0
151600143500030|13132041005030|0.0|551.0
151600143500025|13132041005030|0.0|211.0
151600143500001|13132041005030|0.0|89.0
151600143500005|13132041005030|0.8207407407407408|437.0
151600143500064|13132041005030|0.0|140.0
151600143500004|13132041005030|0.8458015267175573|377.0
151600143500006|13132041005030|1.0|74.0
151600143500065|13132041005030|0.0|0.0
151600143500027|13132041005030|0.0|190.0
151600213300168|13132041006001|0.35120727500783944|834.0
151600213300169|13132041006001|1.0|554.0
151600213300173|13132041006001|0.9005424954792043|-125.0
151600213300166|13132041006001|1.0|274.0
151600213300167|13132041006001|1.0|274.0
151600213300174|13132041006001|0.9527896995708155|-125.0
151600213300175|13132041006001|0.9417989417989417|-125.0
151600213300176|13132041006001|0.8576923076923076|-120.0
151600213300177|13132041006001|0.8775688675120245|-120.0
151600213300172|13132041006001|0.8582474226804123|-125.0
151600213300022|13132041006001|0.6462068965517241|118.0
151600213300012|13132041006001|0.8324932144241954|37.0
151600213300025|13132041006001|0.0|-38.0
151600213300178|13132041006001|0.9140225179119754|-120.0
151600213300179|13132041006001|0.9522591645353794|-120.0
151600213300026|13132041006001|0.6679197994987469|-135.0
151600213300027|13132041006001|0.66541822721598|-132.0
151600213300170|13132041006001|1.0|-120.0
151600213300171|13132041006001|0.6294896030245747|165.0
151600213300034|13132041006001|0.0|-36.0
151600213300032|13132041006001|0.0|79.0
151600213300014|13132041006001|0.8897078178468018|24.0
151600213300036|13132041006001|0.0|125.0
151600213300037|13132041006001|1.0|-140.0
151600213300009|13132041006001|0.7592931139549055|-5.0
151600213300013|13132041006001|0.7228400342172797|37.0
151600213300017|13132041006001|0.6403806934058464|134.0
151600213300018|13132041006001|0.6952029520295203|18.0
151600213300028|13132041006001|0.0|-186.0
151600213300010|13132041006001|0.8344827586206897|487.0
151600213300011|13132041006001|0.8344827586206897|487.0
151600213300165|13132041006001|0.6772983114446529|-56.0
151600213300189|13132041006001|0.6563636363636364|-22.0
151600213300029|13132041006001|0.0|-36.0
151600213300031|13132041006001|0.0|53.0
151600213300021|13132041006001|0.6884643644379133|29.0
151600213300024|13132041006001|1.0|55.0
151600213300023|13132041006001|0.0|5.0
151600213300044|13132041006002|0.9531652084405559|273.0
151600213300046|13132041006002|0.9452354874041621|-300.0
151600213300039|13132041006002|1.0|-300.0
151600213300040|13132041006002|0.9531652084405559|273.0
151600213300041|13132041006002|1.0|-76.0
151600213300042|13132041006002|1.0|-76.0
151600213300043|13132041006002|0.9315211709357031|262.0
151600213300045|13132041006002|0.8519249753208292|76.0
151600213300073|13132041006009|0.954358641574735|-10.0
151600213300074|13132041006009|0.9013893083660526|5.0
151600213300076|13132041006009|0.9001806684733514|226.0
151600213300077|13132041006009|1.0|5.0
151600213300145|13132041006009|0.0|-136.0
151600213300075|13132041006009|0.8196024674434544|5.0
151600213300072|13132041006009|1.0|-221.0
151600213300060|13132041006010|0.8337673611111112|383.0
151600213300083|13132041006010|0.0|-561.0
151600213300061|13132041006010|0.8337673611111112|383.0
151600213300059|13132041006010|1.0|-383.0
151600250900009|13132041006011|0.0|-18.0
151600250900004|13132041006011|0.9538080216313655|446.0
151600250900006|13132041006011|0.8826530612244898|-81.0
151600250900007|13132041006011|0.8215348007138608|-18.0
151600250900005|13132041006011|0.7838888888888889|446.0
151600250900008|13132041006011|0.6752136752136753|-48.0
151600250900003|13132041006011|1.0|36.0
151600250700013|13132041006012|0.8035988588983981|-109.0
151600250700012|13132041006012|0.7964332318399304|-101.0
151600250700014|13132041006012|0.9026901361673862|-117.0
151600250700029|13132041006012|0.0|-82.0
151600250700031|13132041006012|1.0|-185.0
151600250700032|13132041006012|0.0|9.0
151600250700008|13132041006012|0.6666666666666666|-10.0
151600250700004|13132041006012|0.8198395331874544|0.0
151600250700017|13132041006012|0.9364940517844647|492.0
151600250700025|13132041006012|0.9354838709677419|130.0
151600250700002|13132041006012|0.9405940594059405|10.0
151600250700003|13132041006012|0.8932874354561101|0.0
151600250700011|13132041006012|0.8972204266321914|-92.0
151600250700009|13132041006012|0.0|-12.0
151600250700005|13132041006012|0.8425787106446777|440.0
151600250700006|13132041006012|0.8425787106446777|440.0
151600250700018|13132041006012|0.8134022185078256|929.0
151600250700019|13132041006012|1.0|-38.0
151600250700022|13132041006012|1.0|129.0
151600250700023|13132041006012|1.0|129.0
151600250700024|13132041006012|1.0|129.0
151600250700026|13132041006012|0.9244781783681214|161.0
151600250700007|13132041006012|0.8615916955017301|-10.0
151600250700030|13132041006012|1.0|-246.0
151600251100002|13132041006013|0.8423778983719783|4.0
151600251100003|13132041006013|0.8100162601626016|-4.0
151600251100004|13132041006013|0.7780633030397994|-6.0
151600251100005|13132041006013|0.8516765285996055|-8.0
151600251100008|13132041006013|0.8884514435695539|-8.0
151600251100009|13132041006013|0.8349847745178597|-6.0
151600251100010|13132041006013|0.8247004344297513|-4.0
151600251100011|13132041006013|0.8866820358219543|4.0
151600251100007|13132041006013|0.9534259702922856|43.0
151600251100012|13132041006013|0.9707026501337224|46.0
151600251100006|13132041006013|0.9035859713647708|53.0
151600251100001|13132041006013|0.9462892801426342|46.0
151600240700022|13132041006028|0.0|0.0
151600240700013|13132041006030|0.9680376861513524|-279.0
151600240700014|13132041006030|0.9566988620063116|-331.0
151600240700015|13132041006030|0.9301765127336676|357.0
151600240700002|13132041006030|0.9781610732272585|-175.0
151600240700016|13132041006030|0.9107780612244898|256.0
151600240700017|13132041006030|0.9404615025509353|247.0
151600240700018|13132041006030|0.9680274805126172|144.0
151600240700019|13132041006030|0.9746127760975163|219.0
151600240700020|13132041006030|0.9877357246472372|223.0
151600240700011|13132041006030|0.686819830713422|-147.0
151600240700012|13132041006030|0.42226613965744403|3.0
151600240700005|13132041006030|0.409846547314578|614.0
151600240700021|13132041006030|1.0|-246.0
151600240700008|13132041006030|0.0|-214.0
151600240700006|13132041006030|1.0|-147.0
151600252300006|13132041006031|1.0|-525.0
151600252300012|13132041006031|0.0|525.0
151600232100002|13132041007014|0.0|0.0
151600231900005|13132041007015|0.0|276.0
151600231900006|13132041007015|1.0|-132.0
151600231900004|13132041007015|0.0|-144.0
151600231700009|13132041007016|0.4140625|1.0
151600231700010|13132041007016|0.6886304909560723|-51.0
151600231700008|13132041007016|0.6670480549199085|-1.0
151600231700003|13132041007016|0.0|61.0
151600231300004|13132041007017|1.0|-44.5
151600231300005|13132041007017|0.8421787709497207|205.5
151600231300013|13132041007017|0.6633663366336634|438.5
151600231300014|13132041007017|1.0|207.5
151600231300006|13132041007017|0.8035129502828222|193.5
151600231300012|13132041007017|0.8847457627118644|-33.5
151600231300016|13132041007017|0.6867305061559508|-28.5
151600231300017|13132041007017|0.6477419354838709|35.5
151600231300007|13132041007017|0.6624825662482566|-11.0
151600231300011|13132041007017|0.6709039548022598|-24.5
151600231300003|13132041007017|0.0|-45.5
151600231300009|13132041007017|0.0|39.5
151600231300002|13132041007017|0.0|-44.5
151600231100005|13132041007018|0.670907840440165|321.0
151600231100006|13132041007018|0.6624787775891341|363.0
151600231100008|13132041007018|1.0|-368.0
151600231100007|13132041007018|1.0|-321.0
151600230900008|13132041007019|0.0|-33.0
151600230900010|13132041007019|0.0|33.0
151600216300005|13132041008005|0.8190786412284784|-800.0
151600216300006|13132041008005|0.8089602704987321|-796.0
151600216300010|13132041008005|0.883916201351862|636.0
151600216300011|13132041008005|1.0|347.0
151600216300012|13132041008005|0.9599963299385265|634.0
151600216300013|13132041008005|1.0|347.0
151600216300021|13132041008005|1.0|347.0
151600216300022|13132041008005|1.0|347.0
151600216300023|13132041008005|1.0|347.0
151600216300016|13132041008005|0.9585621099066123|602.0
151600216300009|13132041008005|0.7893528361255209|-802.0
151600216300014|13132041008005|0.9717874304200961|304.0
151600216300015|13132041008005|0.9855254269999035|604.0
151600216300018|13132041008005|1.0|-304.0
151600216300020|13132041008005|1.0|-304.0
151600216300008|13132041008005|0.7284708622241042|-806.0
151600216300001|13132041008005|0.9541763341067285|-869.0
151600216300002|13132041008005|0.7763095799905616|-869.0
151600216300003|13132041008005|0.8417362270450751|-869.0
151600216300004|13132041008005|0.9696153846153847|-869.0
151600215300008|13132041008006|0.7973674453096032|-20.0
151600215300011|13132041008006|0.8771040138109625|1.0
151600215300012|13132041008006|0.9754019678425726|16.0
151600215300005|13132041008006|0.7200821777092964|178.0
151600215300006|13132041008006|1.0|0.0
151600215300001|13132041008006|0.7978416596892735|-20.0
151600215300002|13132041008006|0.8021700495744084|-20.0
151600215300009|13132041008006|1.0|6.0
151600215300010|13132041008006|0.7720612178443503|193.0
151600215300007|13132041008006|0.8026499953345153|-20.0
151600215300004|13132041008006|0.8890146060481382|-11.0
151600215300003|13132041008006|0.9786005434782609|0.0
151600219300024|13132041008007|0.7792620865139949|479.5
151600219300025|13132041008007|0.7792620865139949|479.5
151600219300050|13132041008007|0.8326915520628684|4.5
151600219300055|13132041008007|0.9133536435370031|6.5
151600219300056|13132041008007|0.9143500681643056|6.5
151600219300057|13132041008007|0.9804581199511453|6.5
151600219300018|13132041008007|0.927405498281787|-25.0
151600219300019|13132041008007|0.9301134284668862|-3.0
151600219300020|13132041008007|0.8205293737895416|-1.5
151600219300058|13132041008007|0.9857277203075732|126.5
151600219300059|13132041008007|1.0|-74.0
151600219300040|13132041008007|0.8649789029535865|32.5
151600219300043|13132041008007|0.9593293014623532|-19.0
151600219300044|13132041008007|0.953899217632708|-19.0
151600219300045|13132041008007|0.8961553398058253|-19.0
151600219300046|13132041008007|0.8946870283682501|-19.0
151600219300021|13132041008007|0.8390390390390391|153.5
151600219300051|13132041008007|0.9675438596491228|6.5
151600219300052|13132041008007|0.9669711484905871|6.5
151600219300053|13132041008007|0.944112759278636|6.5
151600219300054|13132041008007|0.925436662384723|6.5
151600219300048|13132041008007|0.9784942524767856|-19.0
151600219300047|13132041008007|0.9682205735798914|-19.0
151600219300017|13132041008007|0.9053521126760563|-26.0
151600219300042|13132041008007|0.9897558976760522|-19.0
151600219300022|13132041008007|0.9420094403236683|153.5
151600219300014|13132041008007|0.6238670694864048|-28.0
151600219300015|13132041008007|0.6666666666666666|-28.0
151600219300049|13132041008007|0.9851420485468597|81.5
151600219300012|13132041008007|0.8340080971659919|-30.0
151600219300013|13132041008007|0.6257575757575757|-29.0
151600219300016|13132041008007|0.8415559772296015|-27.0
151600219300037|13132041008007|0.0|169.5
151600219300038|13132041008007|0.0|169.5
151600219300023|13132041008007|1.0|-21.0
151600218900008|13132041008014|0.8550593350846997|-18.0
151600218900009|13132041008014|0.8592365578346887|-18.0
151600218900010|13132041008014|0.9151032922111103|-20.0
151600218900011|13132041008014|0.9832874311467201|-3.0
151600218900004|13132041008014|0.8469407765721009|6.0
151600218900005|13132041008014|0.8462216706942721|-3.0
151600218900006|13132041008014|0.9054798375748804|264.0
151600218900012|13132041008014|1.0|3.0
151600218900003|13132041008014|0.9214844533600802|13.0
151600218900007|13132041008014|0.9113114695211754|-18.0
151600218900001|13132041008014|0.9472266151232941|21.0
151600218900002|13132041008014|0.9548501141636592|58.0
151600217100164|13132041008015|0.980980751604033|138.0
151600217100165|13132041008015|1.0|-28.0
151600217100166|13132041008015|0.9674687457991665|128.0
151600217100167|13132041008015|0.9388523047977423|128.0
151600217100149|13132041008015|0.9949077603293185|98.0
151600217100150|13132041008015|0.9894832163658441|103.0
151600217100158|13132041008015|0.9620811403220937|-80.0
151600217100159|13132041008015|0.9696552755552232|-80.0
151600217100160|13132041008015|0.9785964077118846|401.0
151600217100154|13132041008015|0.943965567382074|103.0
151600217100155|13132041008015|0.9293431756209426|-80.0
151600217100156|13132041008015|0.9426795819879874|-80.0
151600217100157|13132041008015|0.9526226120999022|-80.0
151600217100168|13132041008015|0.9169905607995558|-96.0
151600217100169|13132041008015|0.8857523302263648|-96.0
151600217100170|13132041008015|0.9117324561403509|-96.0
151600217100171|13132041008015|0.9335568424260896|-96.0
151600217100172|13132041008015|0.947249434815373|-37.0
151600217100174|13132041008015|0.9647435897435898|-43.0
151600217100175|13132041008015|0.9485714285714286|-100.0
151600217100176|13132041008015|0.9346504559270516|-100.0
151600217100177|13132041008015|0.8870748299319728|-100.0
151600217100161|13132041008015|0.9873852053688565|401.0
151600217100162|13132041008015|1.0|229.0
151600217100178|13132041008015|0.8907103825136612|-100.0
151600217100179|13132041008015|0.9269406392694064|-100.0
151600217100180|13132041008015|0.9681274900398407|-100.0
151600217100181|13132041008015|0.9725085910652921|-100.0
151600217100013|13132041008015|0.8874789835992767|0.0
151600217100014|13132041008015|0.9167486392550331|271.0
151600217100151|13132041008015|0.9833826836884941|103.0
151600217100152|13132041008015|0.9786480315505431|103.0
151600217100153|13132041008015|0.9680088457094582|103.0
151600217100010|13132041008015|0.9613394513326174|0.0
151600217100011|13132041008015|0.9421719152751317|0.0
151600217100012|13132041008015|0.9239101717305152|0.0
151600217100015|13132041008015|0.9803692451507362|523.0
151600217100016|13132041008015|1.0|271.0
151600217100017|13132041008015|1.0|19.0
151600217100173|13132041008015|0.9590491410307631|158.0
151600217100148|13132041008015|1.0|-69.0
151600217100009|13132041008015|0.9753487973979286|36.0
151600217100018|13132041008015|0.0|25.0
151600217100019|13132041008015|0.0|7.0
151600217100186|13132041008016|0.9804017638412543|-10.0
151600217100187|13132041008016|0.9661733615221987|-10.0
151600217100188|13132041008016|0.9534342258440046|-10.0
151600217100189|13132041008016|0.9152700186219739|230.0
151600217100190|13132041008016|0.956411753259389|0.0
151600217100191|13132041008016|0.9661876584953508|0.0
151600217100192|13132041008016|0.9765910753474762|0.0
151600217100193|13132041008016|0.9852851011649295|0.0
151600217100194|13132041008016|0.9927765237020316|0.0
151600217100183|13132041008016|1.0|-170.0
151600217100184|13132041008016|0.9927601809954751|-10.0
151600217100185|13132041008016|0.9852670349907919|-10.0
151600217100205|13132041008016|0.9803655037003474|-14.0
151600217100206|13132041008016|0.9852235412983077|-14.0
151600217100201|13132041008016|0.9509783382913647|38.0
151600217100202|13132041008016|0.9342274333440411|240.0
151600217100203|13132041008016|0.9551687330651121|240.0
151600217100204|13132041008016|0.9661340743313651|240.0
151600217100207|13132041008016|0.9927218437995707|-14.0
151600217100208|13132041008016|1.0|-170.0
151600217100197|13132041008016|0.9918571875978703|38.0
151600217100199|13132041008016|0.9750413311290065|38.0
151600217100200|13132041008016|0.9677063207286779|38.0
151600217100195|13132041008016|1.0|-160.0
151600217100198|13132041008016|0.9840512540894221|38.0
151600217100196|13132041008016|1.0|-118.0
151600219500001|13132041008018|0.9909815531769529|22.0
151600219500002|13132041008018|0.9865004172598302|0.0
151600219500003|13132041008018|0.9809920124133796|0.0
151600219500004|13132041008018|0.9744947615503521|0.0
151600219500005|13132041008018|0.968937036898202|0.0
151600219500006|13132041008018|0.9595449665349385|0.0
151600219500007|13132041008018|0.9482554925699916|0.0
151600219500008|13132041008018|0.9325968959375796|0.0
151600219500009|13132041008018|0.9418327034463562|22.0
151600219500010|13132041008018|0.9546859254282835|22.0
151600219500011|13132041008018|0.9651549683725579|0.0
151600219500012|13132041008018|0.9725031956872117|0.0
151600219500013|13132041008018|0.9784187274666125|22.0
151600219500014|13132041008018|0.9841694174531591|0.0
151600219500015|13132041008018|0.9863717327368378|153.0
151600185100009|13132051001001|0.0|0.0
151600185300032|13132051001002|0.0|-530.0
151600185300001|13132051001002|0.0|-757.0
151600185300018|13132051001002|0.0|530.0
151600185300034|13132051001002|0.0|530.0
151600187100058|13132051001003|0.8935585631423629|-38.0
151600187100059|13132051001003|0.940087401907805|-20.0
151600187100060|13132051001003|0.9075813851868035|-20.0
151600187100061|13132051001003|0.915865596613458|-38.0
151600187100062|13132051001003|0.940787297386702|-38.0
151600187100063|13132051001003|0.9604265142354622|-20.0
151600187100064|13132051001003|0.9780957943925234|320.0
151600187100065|13132051001003|1.0|40.0
151600187100008|13132051001003|0.9814135030900051|120.0
151600187100057|13132051001003|0.8858919292343735|-38.0
151600187100005|13132051001003|0.8867342441604231|234.0
151600187100006|13132051001003|0.9284242340980904|241.0
151600187100007|13132051001003|0.7997633136094675|235.0
151600187100029|13132051001004|0.8508597883597884|113.5
151600187100055|13132051001004|0.9713315217391304|-112.5
151600187100056|13132051001004|0.9817226410783642|-54.5
151600187100042|13132051001004|0.9341679257500539|621.5
151600187100043|13132051001004|0.8514127963624554|621.5
151600187100044|13132051001004|0.7448232587324828|621.5
151600187100045|13132051001004|0.8405192761605036|621.5
151600187100013|13132051001004|0.7272727272727273|266.5
151600187100017|13132051001004|0.8173352435530086|243.5
151600187100047|13132051001004|0.9559374311522362|62.5
151600187100048|13132051001004|0.9497066219614417|-94.5
151600187100049|13132051001004|0.9355393210141814|-94.5
151600187100014|13132051001004|1.0|-72.5
151600187100012|13132051001004|0.6246893123446562|-72.5
151600187100053|13132051001004|0.9178074003227927|-94.5
151600187100054|13132051001004|0.8406632173095014|-112.5
151600187100050|13132051001004|0.915439429928741|-112.5
151600187100051|13132051001004|0.8862504787437764|-112.5
151600187100052|13132051001004|0.8864444809281453|-94.5
151600187100015|13132051001004|1.0|-77.5
151600187100016|13132051001004|0.0|317.5
151600187100030|13132051001004|0.8480553724456164|123.5
151600187100026|13132051001004|0.9090909090909091|-133.5
151600187100022|13132051001004|1.0|-14.0
151600187100023|13132051001004|0.8935930002822466|388.5
151600187100010|13132051001004|0.6669948314053655|564.5
151600187100011|13132051001004|0.6669615214506855|-72.5
151600187100046|13132051001004|0.8101623147494708|469.5
151600187100009|13132051001004|1.0|113.5
151600187100027|13132051001004|0.9199243379571248|-120.5
151600187100031|13132051001004|0.0|457.5
151600187100019|13132051001004|0.8586572438162544|268.5
151600187100020|13132051001004|0.8586572438162544|268.5
151600187100018|13132051001004|1.0|-48.5
151600187100028|13132051001004|0.9199243379571248|-120.5
151600187100025|13132051001004|0.0|-65.5
151600187100034|13132051001004|0.5466607695709863|3762.5
151600187300014|13132051001005|0.6266002844950214|-224.5
151600187300015|13132051001005|0.5578144853875476|1501.5
151600187300013|13132051001005|0.9010848755583918|-577.0
151600187300033|13132051001005|0.9449029667633281|-795.0
151600187300016|13132051001005|1.0|801.5
151600188300015|13132051001006|0.7536231884057971|-370.0
151600188300016|13132051001006|0.49760765550239233|710.0
151600188300017|13132051001006|1.0|-340.0
151600185700004|13132051001016|0.0|0.0
151600184500003|13132051001018|0.0|0.0
151600193100004|13132051001019|0.0|1021.0
151600193100005|13132051001019|1.0|-510.0
151600193100006|13132051001019|0.0|-4.0
151600193100003|13132051001019|1.0|-22.0
151600193100016|13132051001019|0.0|106.0
151600193100015|13132051001019|0.0|26.0
151600193100002|13132051001019|1.0|-22.0
151600175100004|13132051001041|0.8108776266996292|459.0
151600175100006|13132051001041|0.8779264214046822|198.0
151600175100012|13132051001041|0.0|241.0
151600175100003|13132051001041|1.0|-198.0
151600175100024|13132051001041|1.0|-251.0
151600175100025|13132051001041|0.0|212.0
151600175100005|13132051001041|0.789410348977136|-198.0
151600175100017|13132051001041|0.0|212.0
151600175100007|13132051001041|0.0|-198.0
151600175100016|13132051001041|1.0|-251.0
151600189700001|13132051002001|0.9296636085626911|16.5
151600189700002|13132051002001|0.9296636085626911|16.5
151600189700013|13132051002001|0.7724867724867724|-36.0
151600189700014|13132051002001|0.8295454545454546|-36.0
151600189700009|13132051002001|0.9145183175033921|55.5
151600189700022|13132051002001|0.8919931856899489|-36.0
151600189700011|13132051002001|0.9656264133876075|-48.0
151600189700019|13132051002001|1.0|-36.0
151600189700020|13132051002001|0.9431414356787491|220.5
151600189700021|13132051002001|0.8772587042750111|-36.0
151600189700015|13132051002001|0.911504424778761|-36.0
151600189700017|13132051002001|0.7015334063526835|100.5
151600189700018|13132051002001|0.6044481981981982|100.5
151600189700008|13132051002001|0.8706140350877193|35.5
151600189700016|13132051002001|0.88272157564906|100.5
151600189700010|13132051002001|0.9267643142476698|70.5
151600189700012|13132051002001|0.9634476534296029|-33.0
151600189900022|13132051002004|0.8445780449788466|0.0
151600189900011|13132051002004|0.942443226311668|60.0
151600189900012|13132051002004|0.9901275195392842|48.0
151600189900015|13132051002004|0.8779956427015251|240.0
151600189900016|13132051002004|1.0|0.0
151600189900017|13132051002004|0.9283582089552239|0.0
151600189900018|13132051002004|0.8976857490864799|0.0
151600189900019|13132051002004|0.85|0.0
151600189900020|13132051002004|0.895808383233533|0.0
151600189900021|13132051002004|0.8876667446758717|0.0
151600189900023|13132051002004|0.8922099317486467|0.0
151600189900024|13132051002004|0.921623907527488|36.0
151600189900001|13132051002004|0.9280575539568345|0.0
151600189900002|13132051002004|0.8971596474045054|0.0
151600189900003|13132051002004|0.8529411764705882|0.0
151600189900004|13132051002004|0.8923076923076924|0.0
151600189900005|13132051002004|0.8907622892424603|0.0
151600189900006|13132051002004|0.8444394416929311|0.0
151600189900007|13132051002004|0.8924397805866922|0.0
151600189900008|13132051002004|0.9222158438576349|0.0
151600189900013|13132051002004|0.9909420289855072|0.0
151600189900014|13132051002004|0.9480069324090121|0.0
151600189900010|13132051002004|0.9419713831478538|48.0
151600189900009|13132051002004|0.9899749373433584|48.0
151600191700025|13132051002006|1.0|217.5
151600191700037|13132051002006|0.9044617681207497|543.5
151600191700034|13132051002006|0.9224106820642367|10.5
151600191700035|13132051002006|0.8709606345475911|16.5
151600191700033|13132051002006|0.9583782950516417|-27.0
151600191700036|13132051002006|0.8437566702241195|65.5
151600191700013|13132051002006|0.0|53.5
151600191700016|13132051002006|0.625|-57.0
151600191700015|13132051002006|0.8333333333333334|-57.0
151600191700017|13132051002006|0.8333333333333334|-57.0
151600191700018|13132051002006|0.0|-57.0
151600244100006|13132051002009|0.6838961038961039|18.0
151600244100007|13132051002009|0.8519195612431444|17.0
151600244100011|13132051002009|0.0|72.0
151600244100005|13132051002009|0.8959506570126039|-17.0
151600244100002|13132051002009|0.912592187926796|-85.0
151600244100008|13132051002009|0.0|-69.0
151600220700013|13132051002038|0.6611957796014069|14.5
151600220700014|13132051002038|0.5113327289211242|-6.5
151600220700015|13132051002038|0.6712328767123288|-18.0
151600220700019|13132051002038|0.0|-8.0
151600220700007|13132051002038|0.0|98.5
151600220700021|13132051002038|0.0|111.5
151600220700001|13132051002038|0.0|-16.0
151600243700038|13132051002044|0.8321167883211679|-10.0
151600243700040|13132051002044|0.7402945113788487|10.0
151600243700077|13132051002044|0.0|211.0
151600243700039|13132051002044|0.8390064397424103|-19.0
151600182500055|13132051002046|0.0|-628.0
151600182500027|13132051002046|0.875|1044.0
151600182500028|13132051002046|1.0|216.0
151600182500037|13132051002046|0.8932096037708057|245.0
151600182500038|13132051002046|0.8846097738876733|245.0
151600182500039|13132051002046|0.9166666666666666|245.0
151600182500040|13132051002046|0.9367133486970395|1958.0
151600182500042|13132051002046|1.0|244.0
151600182500025|13132051002046|0.8571428571428571|216.0
151600182500026|13132051002046|0.875|216.0
151600182500006|13132051002046|0.0|-476.0
151600182500024|13132051002046|0.9166666666666666|216.0
151600182500059|13132051002046|0.6872246696035242|-582.0
151600182500017|13132051002046|0.0|2716.0
151600182500034|13132051002046|1.0|1102.0
151600182500035|13132051002046|0.945963849720829|1958.0
151600182500036|13132051002046|0.9247421127927113|245.0
151600182500005|13132051002046|0.0|252.0
151600182500023|13132051002046|0.0|-432.0
151600182500051|13132051002046|0.8272816486751717|-476.0
151600182500057|13132051002046|0.8939554612937434|-628.0
151600182500058|13132051002046|0.8362573099415205|-492.0
151600182500062|13132051002046|0.7028985507246377|-582.0
151600182500063|13132051002046|0.6339869281045751|-492.0
151600182500103|13132051002046|0.0|-573.0
151600182500014|13132051002046|0.0|-432.0
151600182500053|13132051002046|0.0|-590.0
151600182500052|13132051002046|0.0|-628.0
151600182500061|13132051002046|0.8285714285714286|-540.0
151600182500003|13132051002046|0.0|252.0
151600182500056|13132051002046|0.8493670886075949|-590.0
151600182500060|13132051002046|0.5074735690849435|-539.0
151600182500022|13132051002046|0.0|216.0
151600182500046|13132051002046|0.0|216.0
151600182500106|13132051002046|0.0|-547.0
151600174900024|13132051003042|0.9293862467866324|788.0
151600174900025|13132051003042|1.0|495.0
151600174900013|13132051003042|0.6666666666666666|-716.0
151600174900023|13132051003042|0.9293862467866324|495.0
151600174900022|13132051003042|0.9733224073568242|495.0
151600174900056|13132051003042|1.0|1023.0
151600174900057|13132051003042|0.8278728267645633|1855.0
151600174900058|13132051003042|0.9441504068251837|909.0
151600174900059|13132051003042|1.0|202.0
151600174900049|13132051003042|0.6255372492836676|606.0
151600174900050|13132051003042|0.8328564616118265|-288.0
151600174900001|13132051003042|1.0|-660.0
151600174900002|13132051003042|0.7055837563451777|-530.0
151600174900041|13132051003042|0.6930759886624376|-202.0
151600174900042|13132051003042|0.7788167938931297|-289.0
151600174900068|13132051003042|0.7452830188679245|-341.0
151600174900012|13132051003042|0.6666666666666666|-716.0
151600174900048|13132051003042|1.0|-294.0
151600179100027|13132051003043|0.75|-349.0
151600179100028|13132051003043|0.6|720.5
151600179100016|13132051003043|0.0|-475.5
151600179100034|13132051003043|0.0|711.5
151600179100015|13132051003043|1.0|-772.5
151600179100033|13132051003043|1.0|-362.5
151600179100007|13132051003043|0.0|1664.5
151600184100030|13132051003044|0.7286652078774617|-31.0
151600184100032|13132051003044|0.0|-13.0
151600182300005|13132051003044|0.91071748076579|-178.0
151600182300006|13132051003044|0.8483333333333334|-178.0
151600182300015|13132051003044|0.9001953760989906|175.0
151600182300016|13132051003044|0.8428436992043802|174.0
151600184100029|13132051003044|0.726122982991714|-37.0
151600184100031|13132051003044|0.837000814995925|-51.0
151600182300003|13132051003044|1.0|-46.0
151600182300004|13132051003044|0.9315630397236615|240.0
151600184100021|13132051003044|0.7970458741656015|34.0
151600182300017|13132051003044|0.7700604775858844|179.0
151600184100028|13132051003044|0.5439503619441571|898.0
151600184100023|13132051003044|0.8047501092816552|13.0
151600182300019|13132051003044|0.7692546776900603|183.0
151600182300020|13132051003044|0.8425847096884046|179.0
151600182300021|13132051003044|0.9003725903126518|177.0
151600184100022|13132051003044|0.6728210046756984|25.0
151600182300018|13132051003044|0.6673677398479211|182.0
151600182300007|13132051003044|0.9023605150214592|-178.0
151600182300008|13132051003044|0.9387342908438061|-178.0
151600182300009|13132051003044|0.964891975308642|-178.0
151600184100002|13132051003044|0.6666666666666666|-201.0
151600184100003|13132051003044|0.6666666666666666|-201.0
151600184100011|13132051003044|0.0|-201.0
151600184100020|13132051003044|0.8975279949292204|47.0
151600184100024|13132051003044|0.8365061590145577|-13.0
151600184100026|13132051003044|1.0|470.0
